--
-- PostgreSQL database dump
--

\restrict Vsje6jvEKUKWN6GGDAmjLUtHkohSZOjrIlza9EpHMTxLoQoFcfKZSnlyePGW8bk

-- Dumped from database version 18.3
-- Dumped by pg_dump version 18.3

-- Started on 2026-05-04 21:49:48

SET statement_timeout = 0;
SET lock_timeout = 0;
SET idle_in_transaction_session_timeout = 0;
SET transaction_timeout = 0;
SET client_encoding = 'UTF8';
SET standard_conforming_strings = on;
SELECT pg_catalog.set_config('search_path', '', false);
SET check_function_bodies = false;
SET xmloption = content;
SET client_min_messages = warning;
SET row_security = off;

--
-- TOC entry 5035 (class 0 OID 25400)
-- Dependencies: 220
-- Data for Name: dim_komoditas; Type: TABLE DATA; Schema: public; Owner: postgres
--

COPY public.dim_komoditas (komoditas_key, id_komoditas, nama_komoditas) FROM stdin;
1	1	Sapi
2	2	Ayam
\.


--
-- TOC entry 5034 (class 0 OID 25393)
-- Dependencies: 219
-- Data for Name: dim_prov; Type: TABLE DATA; Schema: public; Owner: postgres
--

COPY public.dim_prov (prov_key, id_prov, nama_provinsi) FROM stdin;
1	1	Aceh
2	2	Bali
3	3	Banten
4	4	Bengkulu
5	5	DI Yogyakarta
6	6	DKI Jakarta
7	7	Gorontalo
8	8	Jambi
9	9	Jawa Barat
10	10	Jawa Tengah
11	11	Jawa Timur
12	12	Kalimantan Barat
13	13	Kalimantan Selatan
14	14	Kalimantan Tengah
15	15	Kalimantan Timur
16	16	Kalimantan Utara
17	17	Kepulauan Riau
18	18	Lampung
19	19	Maluku
20	20	Maluku Utara
21	21	Nusa Tenggara Barat
22	22	Nusa Tenggara Timur
23	23	Papua
24	24	Papua Barat
25	25	Papua Barat Daya
26	26	Papua Pegunungan
27	27	Papua Selatan
28	28	Papua Tengah
29	29	Riau
30	30	Sulawesi Barat
31	31	Sulawesi Selatan
32	32	Sulawesi Tengah
33	33	Sulawesi Tenggara
34	34	Sulawesi Utara
35	35	Sumatera Barat
36	36	Sumatera Selatan
37	37	Sumatera Utara
\.


--
-- TOC entry 5036 (class 0 OID 25407)
-- Dependencies: 221
-- Data for Name: dim_waktu; Type: TABLE DATA; Schema: public; Owner: postgres
--

COPY public.dim_waktu (waktu_key, tahun, bulan, kuartal, nama_bulan) FROM stdin;
1	2020	1	1	Januari
2	2020	2	1	Februari
3	2020	3	1	Maret
4	2020	4	2	April
5	2020	5	2	Mei
6	2020	6	2	Juni
7	2020	7	3	Juli
8	2020	8	3	Agustus
9	2020	9	3	September
10	2020	10	4	Oktober
11	2020	11	4	November
12	2020	12	4	Desember
13	2021	1	1	Januari
14	2021	2	1	Februari
15	2021	3	1	Maret
16	2021	4	2	April
17	2021	5	2	Mei
18	2021	6	2	Juni
19	2021	7	3	Juli
20	2021	8	3	Agustus
21	2021	9	3	September
22	2021	10	4	Oktober
23	2021	11	4	November
24	2021	12	4	Desember
25	2022	1	1	Januari
26	2022	2	1	Februari
27	2022	3	1	Maret
28	2022	4	2	April
29	2022	5	2	Mei
30	2022	6	2	Juni
31	2022	7	3	Juli
32	2022	8	3	Agustus
33	2022	9	3	September
34	2022	10	4	Oktober
35	2022	11	4	November
36	2022	12	4	Desember
37	2023	1	1	Januari
38	2023	2	1	Februari
39	2023	3	1	Maret
40	2023	4	2	April
41	2023	5	2	Mei
42	2023	6	2	Juni
43	2023	7	3	Juli
44	2023	8	3	Agustus
45	2023	9	3	September
46	2023	10	4	Oktober
47	2023	11	4	November
48	2023	12	4	Desember
49	2024	1	1	Januari
50	2024	2	1	Februari
51	2024	3	1	Maret
52	2024	4	2	April
53	2024	5	2	Mei
54	2024	6	2	Juni
55	2024	7	3	Juli
56	2024	8	3	Agustus
57	2024	9	3	September
58	2024	10	4	Oktober
59	2024	11	4	November
60	2024	12	4	Desember
61	2025	1	1	Januari
62	2025	2	1	Februari
63	2025	3	1	Maret
64	2025	4	2	April
65	2025	5	2	Mei
66	2025	6	2	Juni
67	2025	7	3	Juli
68	2025	8	3	Agustus
69	2025	9	3	September
70	2025	10	4	Oktober
71	2025	11	4	November
72	2025	12	4	Desember
\.


--
-- TOC entry 5038 (class 0 OID 25418)
-- Dependencies: 223
-- Data for Name: fact_supply_resilience; Type: TABLE DATA; Schema: public; Owner: postgres
--

COPY public.fact_supply_resilience (fact_id, prov_key, waktu_key, komoditas_key, jumlah_penduduk, sum_jumlah_sakit, sum_jumlah_mati, sum_vol_mutasi, sum_realisasi_karkas, avg_harga, harga_baseline, populasi_ternak, avg_konsumsi_bulanan, avg_pemotongan_bulanan, growth_populasi, avg_permintaan_bulanan, avg_produksi_bulanan, supply_risk_index) FROM stdin;
1	1	49	2	5554	0	0	0	97.9	39244.44	28021	36541907	5758.48	184336.08	0.03	46353.04	3710143.64	0.140728
2	1	50	2	5554	0	0	60	0	39244.44	28021	36541907	5758.48	184336.08	0.03	46353.04	3710143.64	0.141294
3	1	51	2	5554	25	5	0	0	39244.44	28021	36541907	5758.48	184336.08	0.03	46353.04	3710143.64	0.140739
4	1	57	2	5554	2	0	0	0	39244.44	28021	36541907	5758.48	184336.08	0.03	46353.04	3710143.64	0.140729
5	1	58	2	5554	0	0	0	207.79	39244.44	28021	36541907	5758.48	184336.08	0.03	46353.04	3710143.64	0.140728
6	1	59	2	5554	0	0	183	286.44	39244.44	28021	36541907	5758.48	184336.08	0.03	46353.04	3710143.64	0.142453
7	1	60	2	5554	0	0	91	0	39244.44	28021	36541907	5758.48	184336.08	0.03	46353.04	3710143.64	0.141586
8	1	62	2	5626	29	10	0	109.96	39244.44	28773	37864269	6394.89	235033.17	0.0394	51288.23	3856284.93	0.130826
9	1	65	2	5626	0	0	0	139.42	39244.44	28773	37864269	6394.89	235033.17	0.0394	51288.23	3856284.93	0.130812
10	1	66	2	5626	0	0	0	174.11	39244.44	28773	37864269	6394.89	235033.17	0.0394	51288.23	3856284.93	0.130812
11	1	67	2	5626	45	16	0	0	39244.44	28773	37864269	6394.89	235033.17	0.0394	51288.23	3856284.93	0.130834
12	2	51	2	4433	39	20	0	0	39244.44	31448	78212517	4326.16	125226.58	-0.0153	14381.44	7941010.71	0.099393
13	2	54	2	4433	0	0	69	0	39244.44	31448	78212517	4326.16	125226.58	-0.0153	14381.44	7941010.71	0.10148
14	2	55	2	4433	0	0	77	0	39244.44	31448	78212517	4326.16	125226.58	-0.0153	14381.44	7941010.71	0.101723
15	2	56	2	4433	0	0	191	85.72	39244.44	31448	78212517	4326.16	125226.58	-0.0153	14381.44	7941010.71	0.105188
16	2	57	2	4433	0	0	167	91.88	39244.44	31448	78212517	4326.16	125226.58	-0.0153	14381.44	7941010.71	0.104459
17	2	58	2	4433	0	0	143	0	39244.44	31448	78212517	4326.16	125226.58	-0.0153	14381.44	7941010.71	0.103729
18	2	62	2	4461	43	10	0	0	39244.44	35202	80934392	3171.24	97668.17	0.0187	10837.69	8242759.9	0.063341
19	2	63	2	4461	0	0	103	0	39244.44	35202	80934392	3171.24	97668.17	0.0187	10837.69	8242759.9	0.067486
20	2	64	2	4461	0	0	200	74.32	39244.44	35202	80934392	3171.24	97668.17	0.0187	10837.69	8242759.9	0.071398
21	2	65	2	4461	0	0	0	0	39244.44	35202	80934392	3171.24	97668.17	0.0187	10837.69	8242759.9	0.063332
22	2	68	2	4461	0	0	0	294.29	39244.44	35202	80934392	3171.24	97668.17	0.0187	10837.69	8242759.9	0.063332
23	2	70	2	4461	90	24	0	0	39244.44	35202	80934392	3171.24	97668.17	0.0187	10837.69	8242759.9	0.063351
24	2	72	2	4461	0	0	53	0	39244.44	35202	80934392	3171.24	97668.17	0.0187	10837.69	8242759.9	0.06547
25	3	49	2	12431	0	0	0	0	39099.28	31170	189119394	11012.15	205372.58	-0.0114	24885.4	19201519.03	0.101137
26	3	50	2	12431	0	0	0	195.12	39957.94	31170	189119394	11012.15	205372.58	-0.0114	24885.4	19201519.03	0.108599
27	3	51	2	12431	0	0	0	0	41372.22	31170	189119394	11012.15	205372.58	-0.0114	24885.4	19201519.03	0.120891
28	3	52	2	12431	0	0	0	115.13	43328.79	31170	189119394	11012.15	205372.58	-0.0114	24885.4	19201519.03	0.137895
29	3	53	2	12431	0	0	0	0	44176.09	31170	189119394	11012.15	205372.58	-0.0114	24885.4	19201519.03	0.145259
30	3	54	2	12431	0	0	0	0	41585.83	31170	189119394	11012.15	205372.58	-0.0114	24885.4	19201519.03	0.122747
31	3	55	2	12431	0	0	0	0	39789.86	31170	189119394	11012.15	205372.58	-0.0114	24885.4	19201519.03	0.107138
32	3	56	2	12431	67	16	0	0	38056.82	31170	189119394	11012.15	205372.58	-0.0114	24885.4	19201519.03	0.092083
33	3	57	2	12431	0	0	96	0	38081.75	31170	189119394	11012.15	205372.58	-0.0114	24885.4	19201519.03	0.093979
34	3	58	2	12431	0	0	96	0	37900.72	31170	189119394	11012.15	205372.58	-0.0114	24885.4	19201519.03	0.092406
35	3	59	2	12431	0	0	0	0	38385.71	31170	189119394	11012.15	205372.58	-0.0114	24885.4	19201519.03	0.094935
36	3	60	2	12431	0	0	0	0	39123.48	31170	189119394	11012.15	205372.58	-0.0114	24885.4	19201519.03	0.101347
37	3	61	2	12537	0	0	95	0	41081.88	35914	203492091	11597.1	34744.33	-0.0005	26272.2	20724643.83	0.072785
38	3	62	2	12537	0	0	0	0	39988.33	35914	203492091	11597.1	34744.33	-0.0005	26272.2	20724643.83	0.062956
39	3	63	2	12537	0	0	86	0	41088.89	35914	203492091	11597.1	34744.33	-0.0005	26272.2	20724643.83	0.072688
40	3	64	2	12537	0	0	197	0	40841.67	35914	203492091	11597.1	34744.33	-0.0005	26272.2	20724643.83	0.07267
41	3	65	2	12537	0	0	0	0	39420.45	35914	203492091	11597.1	34744.33	-0.0005	26272.2	20724643.83	0.058673
42	3	66	2	12537	0	0	0	124.17	40058.73	35914	203492091	11597.1	34744.33	-0.0005	26272.2	20724643.83	0.063487
43	3	67	2	12537	17	18	0	0	39823.91	35914	203492091	11597.1	34744.33	-0.0005	26272.2	20724643.83	0.061718
44	3	68	2	12537	5	18	153	0	40095.24	35914	203492091	11597.1	34744.33	-0.0005	26272.2	20724643.83	0.066309
45	3	69	2	12537	0	0	423	0	40400	35914	203492091	11597.1	34744.33	-0.0005	26272.2	20724643.83	0.073099
46	3	70	2	12537	0	0	0	0	39894.93	35914	203492091	11597.1	34744.33	-0.0005	26272.2	20724643.83	0.062252
47	3	71	2	12537	0	0	91	0	39950.83	35914	203492091	11597.1	34744.33	-0.0005	26272.2	20724643.83	0.064187
48	3	72	2	12537	44	12	0	0	41665.94	35914	203492091	11597.1	34744.33	-0.0005	26272.2	20724643.83	0.075614
49	4	50	2	2112	0	0	0	121.91	39244.44	24147	10898392	1781.29	294562.83	-0.0034	15558.47	1106526.81	0.201597
50	4	52	2	2112	0	0	0	59.25	39244.44	24147	10898392	1781.29	294562.83	-0.0034	15558.47	1106526.81	0.201597
51	4	53	2	2112	0	0	188	0	39244.44	24147	10898392	1781.29	294562.83	-0.0034	15558.47	1106526.81	0.206878
52	4	54	2	2112	35	19	0	0	39244.44	24147	10898392	1781.29	294562.83	-0.0034	15558.47	1106526.81	0.201664
53	4	55	2	2112	29	3	0	0	39244.44	24147	10898392	1781.29	294562.83	-0.0034	15558.47	1106526.81	0.201636
54	4	56	2	2112	0	0	91	0	39244.44	24147	10898392	1781.29	294562.83	-0.0034	15558.47	1106526.81	0.204153
55	4	57	2	2112	0	0	0	207.9	39244.44	24147	10898392	1781.29	294562.83	-0.0034	15558.47	1106526.81	0.201597
56	4	63	2	2138	27	3	0	0	39244.44	26041	10699227	2022.19	67098.17	0.0132	17740.12	1089662.32	0.169613
57	4	64	2	2138	0	0	76	0	39244.44	26041	10699227	2022.19	67098.17	0.0132	17740.12	1089662.32	0.171448
58	4	69	2	2138	0	0	0	167.5	39244.44	26041	10699227	2022.19	67098.17	0.0132	17740.12	1089662.32	0.169575
59	4	70	2	2138	28	13	0	0	39244.44	26041	10699227	2022.19	67098.17	0.0132	17740.12	1089662.32	0.169627
60	4	71	2	2138	65	15	0	0	39244.44	26041	10699227	2022.19	67098.17	0.0132	17740.12	1089662.32	0.169676
61	4	72	2	2138	0	0	0	529.05	39244.44	26041	10699227	2022.19	67098.17	0.0132	17740.12	1089662.32	0.169575
62	5	51	2	3759	44	19	0	0	39244.44	27736	55132945	2982.54	50248.25	0.0331	9460.06	5597714.09	0.144642
63	5	53	2	3759	0	0	164	0	39244.44	27736	55132945	2982.54	50248.25	0.0331	9460.06	5597714.09	0.152204
64	5	54	2	3759	8	7	0	122.25	39244.44	27736	55132945	2982.54	50248.25	0.0331	9460.06	5597714.09	0.14463
65	5	55	2	3759	0	0	139	0	39244.44	27736	55132945	2982.54	50248.25	0.0331	9460.06	5597714.09	0.151049
66	5	57	2	3759	25	12	0	0	39244.44	27736	55132945	2982.54	50248.25	0.0331	9460.06	5597714.09	0.144635
67	5	58	2	3759	0	0	0	0	39244.44	27736	55132945	2982.54	50248.25	0.0331	9460.06	5597714.09	0.144626
68	5	61	2	3781	0	0	151	0	39244.44	39567	57349790	2722.68	148545.33	0.0211	8485.87	5840787.06	0.037793
69	5	64	2	3781	0	0	0	244.42	39244.44	39567	57349790	2722.68	148545.33	0.0211	8485.87	5840787.06	0.030015
70	5	66	2	3781	0	0	0	116.74	39244.44	39567	57349790	2722.68	148545.33	0.0211	8485.87	5840787.06	0.030015
71	5	67	2	3781	38	19	0	0	39244.44	39567	57349790	2722.68	148545.33	0.0211	8485.87	5840787.06	0.030029
72	5	72	2	3781	0	0	105	0	39244.44	39567	57349790	2722.68	148545.33	0.0211	8485.87	5840787.06	0.035424
73	6	49	2	10684	0	0	0	0	39321.01	36674	831895	8084.91	52161.25	-0.0192	29018.33	10156.11	0.051776
74	6	50	2	10684	21	18	0	0	39244.44	36674	831895	8084.91	52161.25	-0.0192	29018.33	10156.11	0.051846
75	6	51	2	10684	32	3	113	0	42376.19	36674	831895	8084.91	52161.25	-0.0192	29018.33	10156.11	0.076616
76	6	52	2	10684	0	0	0	240.76	41723.48	36674	831895	8084.91	52161.25	-0.0192	29018.33	10156.11	0.069522
77	6	53	2	10684	0	0	0	0	41855.07	36674	831895	8084.91	52161.25	-0.0192	29018.33	10156.11	0.070494
78	6	54	2	10684	15	2	0	0	40656.67	36674	831895	8084.91	52161.25	-0.0192	29018.33	10156.11	0.061919
79	6	55	2	10684	0	0	0	98.57	40763.77	36674	831895	8084.91	52161.25	-0.0192	29018.33	10156.11	0.062433
80	6	56	2	10684	0	0	199	0	37770.45	36674	831895	8084.91	52161.25	-0.0192	29018.33	10156.11	0.04332
81	6	57	2	10684	0	0	12	0	37753.97	36674	831895	8084.91	52161.25	-0.0192	29018.33	10156.11	0.040382
82	6	58	2	10684	0	0	0	0	38803.62	36674	831895	8084.91	52161.25	-0.0192	29018.33	10156.11	0.047954
83	6	59	2	10684	0	0	14	0	39263.49	36674	831895	8084.91	52161.25	-0.0192	29018.33	10156.11	0.051562
84	6	60	2	10684	0	0	0	287.48	39204.55	36674	831895	8084.91	52161.25	-0.0192	29018.33	10156.11	0.050916
85	6	61	2	10678	43	10	0	0	38553.62	29052	2094563	7972.91	94847.5	0.0089	29455.22	15169.7	0.121165
86	6	62	2	10678	0	0	93	235.07	36001.67	29052	2094563	7972.91	94847.5	0.0089	29455.22	15169.7	0.098406
87	6	63	2	10678	30	2	0	0	37567.46	29052	2094563	7972.91	94847.5	0.0089	29455.22	15169.7	0.111834
88	6	64	2	10678	0	0	62	0	35625	29052	2094563	7972.91	94847.5	0.0089	29455.22	15169.7	0.094434
89	6	65	2	10678	0	0	0	0	35049.24	29052	2094563	7972.91	94847.5	0.0089	29455.22	15169.7	0.088145
90	6	66	2	10678	0	0	0	0	35872.22	29052	2094563	7972.91	94847.5	0.0089	29455.22	15169.7	0.095819
91	6	67	2	10678	0	0	0	90.89	35629.71	29052	2094563	7972.91	94847.5	0.0089	29455.22	15169.7	0.093558
92	6	68	2	10678	0	0	42	27.86	34951.59	29052	2094563	7972.91	94847.5	0.0089	29455.22	15169.7	0.087858
93	6	69	2	10678	0	0	136	0	38491.67	29052	2094563	7972.91	94847.5	0.0089	29455.22	15169.7	0.122262
94	6	70	2	10678	0	0	72	0	38651.45	29052	2094563	7972.91	94847.5	0.0089	29455.22	15169.7	0.122803
95	6	71	2	10678	0	0	77	0	37884.17	29052	2094563	7972.91	94847.5	0.0089	29455.22	15169.7	0.115722
96	6	72	2	10678	0	0	0	286.05	40252.17	29052	2094563	7972.91	94847.5	0.0089	29455.22	15169.7	0.13666
97	7	49	2	1227	0	0	150	0	39244.44	32446	6731168	958.71	70711.17	0.0318	7652.85	683423.56	0.097552
98	7	56	2	1227	0	0	0	252.85	39244.44	32446	6731168	958.71	70711.17	0.0318	7652.85	683423.56	0.088985
99	7	57	2	1227	0	0	181	233.86	39244.44	32446	6731168	958.71	70711.17	0.0318	7652.85	683423.56	0.099323
100	7	58	2	1227	0	0	57	0	39244.44	32446	6731168	958.71	70711.17	0.0318	7652.85	683423.56	0.092241
101	7	61	2	1242	0	0	60	0	39244.44	25546	6254185	950.28	179259.92	0.013	7361.06	636957.22	0.181048
102	7	63	2	1242	55	21	0	0	39244.44	25546	6254185	950.28	179259.92	0.013	7361.06	636957.22	0.17765
103	7	64	2	1242	0	0	0	50.63	39244.44	25546	6254185	950.28	179259.92	0.013	7361.06	636957.22	0.177486
104	7	67	2	1242	0	0	107	0	39244.44	25546	6254185	950.28	179259.92	0.013	7361.06	636957.22	0.183839
105	7	69	2	1242	0	0	14	0	39244.44	25546	6254185	950.28	179259.92	0.013	7361.06	636957.22	0.178317
106	8	50	2	3724	0	0	0	168.98	39244.44	26371	48081284	3472.91	73671.92	0.0204	12613.36	4881750.5	0.164466
107	8	52	2	3724	0	0	123	430.26	39244.44	26371	48081284	3472.91	73671.92	0.0204	12613.36	4881750.5	0.168729
108	8	53	2	3724	0	0	97	0	39244.44	26371	48081284	3472.91	73671.92	0.0204	12613.36	4881750.5	0.167828
109	8	55	2	3724	25	4	0	0	39244.44	26371	48081284	3472.91	73671.92	0.0204	12613.36	4881750.5	0.164475
110	8	56	2	3724	1	15	0	0	39244.44	26371	48081284	3472.91	73671.92	0.0204	12613.36	4881750.5	0.164471
111	8	57	2	3724	29	6	0	0	39244.44	26371	48081284	3472.91	73671.92	0.0204	12613.36	4881750.5	0.164476
112	8	60	2	3724	0	0	0	275.79	39244.44	26371	48081284	3472.91	73671.92	0.0204	12613.36	4881750.5	0.164466
113	8	61	2	3768	0	0	94	0	39244.44	35222	49425660	4280.39	6097.42	0.004	15116.8	5033754.41	0.065879
114	8	62	2	3768	0	0	43	0	39244.44	35222	49425660	4280.39	6097.42	0.004	15116.8	5033754.41	0.064404
115	8	64	2	3768	0	0	19	0	39244.44	35222	49425660	4280.39	6097.42	0.004	15116.8	5033754.41	0.06371
116	8	66	2	3768	0	0	0	229.06	39244.44	35222	49425660	4280.39	6097.42	0.004	15116.8	5033754.41	0.063161
117	8	67	2	3768	0	0	0	0	39244.44	35222	49425660	4280.39	6097.42	0.004	15116.8	5033754.41	0.063161
118	8	68	2	3768	0	0	64	276.24	39244.44	35222	49425660	4280.39	6097.42	0.004	15116.8	5033754.41	0.065011
119	8	69	2	3768	45	9	238	166.64	39244.44	35222	49425660	4280.39	6097.42	0.004	15116.8	5033754.41	0.070057
120	8	70	2	3768	22	11	0	0	39244.44	35222	49425660	4280.39	6097.42	0.004	15116.8	5033754.41	0.06317
121	8	71	2	3768	0	0	45	0	39244.44	35222	49425660	4280.39	6097.42	0.004	15116.8	5033754.41	0.064462
122	9	49	2	50345	0	0	0	147.33	37190.58	27692	716619015	34612.33	224430.75	-0.0152	15781.12	72759188.58	0.125143
123	9	50	2	50345	4	11	120	40.39	38574.6	27692	716619015	34612.33	224430.75	-0.0152	15781.12	72759188.58	0.142007
124	9	51	2	50345	0	0	116	144.06	41305.56	27692	716619015	34612.33	224430.75	-0.0152	15781.12	72759188.58	0.168611
125	9	52	2	50345	0	0	16	0	41609.85	27692	716619015	34612.33	224430.75	-0.0152	15781.12	72759188.58	0.168818
126	9	53	2	50345	0	0	0	0	43149.28	27692	716619015	34612.33	224430.75	-0.0152	15781.12	72759188.58	0.183434
127	9	54	2	50345	0	0	0	0	42010	27692	716619015	34612.33	224430.75	-0.0152	15781.12	72759188.58	0.172289
128	9	55	2	50345	45	7	26	0	40684.78	27692	716619015	34612.33	224430.75	-0.0152	15781.12	72759188.58	0.160047
129	9	56	2	50345	0	0	0	0	38225.76	27692	716619015	34612.33	224430.75	-0.0152	15781.12	72759188.58	0.13527
130	9	57	2	50345	6	19	16	0	37709.52	27692	716619015	34612.33	224430.75	-0.0152	15781.12	72759188.58	0.130664
131	9	58	2	50345	36	3	0	0	38201.45	27692	716619015	34612.33	224430.75	-0.0152	15781.12	72759188.58	0.135033
132	9	59	2	50345	0	0	0	0	38841.27	27692	716619015	34612.33	224430.75	-0.0152	15781.12	72759188.58	0.141291
133	9	60	2	50345	0	0	193	167.11	39094.7	27692	716619015	34612.33	224430.75	-0.0152	15781.12	72759188.58	0.149116
134	9	61	2	50759	0	0	0	0	38315.22	21507	765738937	54396.73	35662.08	0.0398	25973.26	77986651.36	0.243936
135	9	62	2	50759	0	0	0	0	38087.5	21507	765738937	54396.73	35662.08	0.0398	25973.26	77986651.36	0.241067
136	9	63	2	50759	0	0	0	14.66	39976.98	21507	765738937	54396.73	35662.08	0.0398	25973.26	77986651.36	0.264867
137	9	64	2	50759	0	0	41	0	38882.58	21507	765738937	54396.73	35662.08	0.0398	25973.26	77986651.36	0.251772
138	9	65	2	50759	0	0	0	0	37640.15	21507	765738937	54396.73	35662.08	0.0398	25973.26	77986651.36	0.235433
139	9	66	2	50759	0	0	0	0	40261.9	21507	765738937	54396.73	35662.08	0.0398	25973.26	77986651.36	0.268456
140	9	67	2	50759	0	0	0	0	40992.03	21507	765738937	54396.73	35662.08	0.0398	25973.26	77986651.36	0.277652
141	9	68	2	50759	0	0	0	0	38179.37	21507	765738937	54396.73	35662.08	0.0398	25973.26	77986651.36	0.242224
142	9	69	2	50759	0	0	0	0	40140.15	21507	765738937	54396.73	35662.08	0.0398	25973.26	77986651.36	0.266922
143	9	70	2	50759	87	1	121	0	42115.94	21507	765738937	54396.73	35662.08	0.0398	25973.26	77986651.36	0.293846
144	9	71	2	50759	0	0	0	0	42537.5	21507	765738937	54396.73	35662.08	0.0398	25973.26	77986651.36	0.297118
145	9	72	2	50759	0	0	0	0	45117.39	21507	765738937	54396.73	35662.08	0.0398	25973.26	77986651.36	0.329614
146	10	49	2	37892	0	0	0	0	38905.07	30123	634673943	39155.38	96411.25	0.0281	24787.56	64439207.01	0.111201
147	10	50	2	37892	0	0	0	0	40286.51	30123	634673943	39155.38	96411.25	0.0281	24787.56	64439207.01	0.123624
148	10	51	2	37892	0	0	109	0	42876.19	30123	634673943	39155.38	96411.25	0.0281	24787.56	64439207.01	0.148835
149	10	52	2	37892	4	3	182	0	43909.85	30123	634673943	39155.38	96411.25	0.0281	24787.56	64439207.01	0.159419
150	10	53	2	37892	0	0	172	0	43354.35	30123	634673943	39155.38	96411.25	0.0281	24787.56	64439207.01	0.154246
151	10	54	2	37892	0	0	0	0	42910.83	30123	634673943	39155.38	96411.25	0.0281	24787.56	64439207.01	0.147225
152	10	55	2	37892	0	0	34	0	40039.86	30123	634673943	39155.38	96411.25	0.0281	24787.56	64439207.01	0.122006
153	10	56	2	37892	0	0	154	0	38140.91	30123	634673943	39155.38	96411.25	0.0281	24787.56	64439207.01	0.107044
154	10	57	2	37892	0	0	0	0	40942.06	30123	634673943	39155.38	96411.25	0.0281	24787.56	64439207.01	0.12952
155	10	58	2	37892	0	0	0	297.13	41418.12	30123	634673943	39155.38	96411.25	0.0281	24787.56	64439207.01	0.133801
156	10	59	2	37892	0	0	0	0	41409.52	30123	634673943	39155.38	96411.25	0.0281	24787.56	64439207.01	0.133724
157	10	60	2	37892	0	0	0	0	42274.24	30123	634673943	39155.38	96411.25	0.0281	24787.56	64439207.01	0.1415
158	10	61	2	38233	0	0	0	0	40087.68	37394	644092518	45052.28	40171.33	0.0019	28990.21	65597576.73	0.051738
159	10	62	2	38233	0	0	0	0	39867.5	37394	644092518	45052.28	40171.33	0.0019	28990.21	65597576.73	0.050143
160	10	63	2	38233	0	0	0	0	42402.38	37394	644092518	45052.28	40171.33	0.0019	28990.21	65597576.73	0.068506
161	10	64	2	38233	0	0	0	37.4	40978.79	37394	644092518	45052.28	40171.33	0.0019	28990.21	65597576.73	0.058193
162	10	65	2	38233	0	0	0	0	41862.88	37394	644092518	45052.28	40171.33	0.0019	28990.21	65597576.73	0.064598
163	10	66	2	38233	0	0	0	0	42379.37	37394	644092518	45052.28	40171.33	0.0019	28990.21	65597576.73	0.06834
164	10	67	2	38233	0	0	0	0	43868.12	37394	644092518	45052.28	40171.33	0.0019	28990.21	65597576.73	0.079125
165	10	68	2	38233	0	0	198	219.92	41273.02	37394	644092518	45052.28	40171.33	0.0019	28990.21	65597576.73	0.06331
166	10	69	2	38233	0	0	63	0	42757.58	37394	644092518	45052.28	40171.33	0.0019	28990.21	65597576.73	0.072029
167	10	70	2	38233	0	0	0	0	43421.01	37394	644092518	45052.28	40171.33	0.0019	28990.21	65597576.73	0.075886
168	10	71	2	38233	0	0	0	205.85	42005.83	37394	644092518	45052.28	40171.33	0.0019	28990.21	65597576.73	0.065634
169	10	72	2	38233	44	16	0	164.24	43494.93	37394	644092518	45052.28	40171.33	0.0019	28990.21	65597576.73	0.076422
170	11	49	2	41814	46	3	0	0	30718.84	29663	426320073	52128.74	62828.67	0.034	29495.37	43284788.56	0.041868
171	11	50	2	41814	0	0	0	0	32150.79	29663	426320073	52128.74	62828.67	0.034	29495.37	43284788.56	0.054943
172	11	51	2	41814	0	0	0	0	35644.44	29663	426320073	52128.74	62828.67	0.034	29495.37	43284788.56	0.086849
173	11	52	2	41814	0	0	0	0	33834.09	29663	426320073	52128.74	62828.67	0.034	29495.37	43284788.56	0.070316
174	11	53	2	41814	46	7	0	229.32	31646.38	29663	426320073	52128.74	62828.67	0.034	29495.37	43284788.56	0.050339
175	11	54	2	41814	0	0	0	248.31	30691.67	29663	426320073	52128.74	62828.67	0.034	29495.37	43284788.56	0.041618
176	11	55	2	41814	0	0	0	0	30528.99	29663	426320073	52128.74	62828.67	0.034	29495.37	43284788.56	0.040132
177	11	56	2	41814	0	0	0	0	29917.42	29663	426320073	52128.74	62828.67	0.034	29495.37	43284788.56	0.034547
178	11	57	2	41814	0	0	0	0	29471.43	29663	426320073	52128.74	62828.67	0.034	29495.37	43284788.56	0.030474
179	11	58	2	41814	0	0	42	0	30935.51	29663	426320073	52128.74	62828.67	0.034	29495.37	43284788.56	0.044467
180	11	59	2	41814	0	0	0	82.81	31600.79	29663	426320073	52128.74	62828.67	0.034	29495.37	43284788.56	0.049921
181	11	60	2	41814	11	16	50	0	31028.79	29663	426320073	52128.74	62828.67	0.034	29495.37	43284788.56	0.045439
182	11	61	2	42089	0	0	204	143.06	31564.49	33559	444432309	39143.05	58505.83	-0.014	20981.8	45263190.77	0.020373
183	11	62	2	42089	0	0	0	0	30975	33559	444432309	39143.05	58505.83	-0.014	20981.8	45263190.77	0.011365
184	11	63	2	42089	0	0	0	0	32017.46	33559	444432309	39143.05	58505.83	-0.014	20981.8	45263190.77	0.01978
185	11	64	2	42089	28	2	0	0	29686.36	33559	444432309	39143.05	58505.83	-0.014	20981.8	45263190.77	0.000964
186	11	65	2	42089	0	0	0	0	30300	33559	444432309	39143.05	58505.83	-0.014	20981.8	45263190.77	0.005916
187	11	66	2	42089	0	0	97	103.76	30482.54	33559	444432309	39143.05	58505.83	-0.014	20981.8	45263190.77	0.00941
188	11	67	2	42089	0	0	116	23.52	30195.65	33559	444432309	39143.05	58505.83	-0.014	20981.8	45263190.77	0.00749
189	11	68	2	42089	0	0	0	0	30386.51	33559	444432309	39143.05	58505.83	-0.014	20981.8	45263190.77	0.006615
190	11	69	2	42089	0	0	0	0	34012.12	33559	444432309	39143.05	58505.83	-0.014	20981.8	45263190.77	0.035881
191	11	70	2	42089	45	3	0	0	34448.55	33559	444432309	39143.05	58505.83	-0.014	20981.8	45263190.77	0.039406
192	11	71	2	42089	0	0	0	0	34375	33559	444432309	39143.05	58505.83	-0.014	20981.8	45263190.77	0.038811
193	11	72	2	42089	0	0	0	0	35649.28	33559	444432309	39143.05	58505.83	-0.014	20981.8	45263190.77	0.049097
194	12	49	2	5695	0	0	0	271.55	39244.44	23396	58018198	4020.07	205035.33	0.0132	18890.82	5890657.23	0.215729
195	12	50	2	5695	0	0	63	0	39244.44	23396	58018198	4020.07	205035.33	0.0132	18890.82	5890657.23	0.217187
196	12	55	2	5695	0	0	137	0	39244.44	23396	58018198	4020.07	205035.33	0.0132	18890.82	5890657.23	0.218899
197	12	56	2	5695	0	0	0	0	39244.44	23396	58018198	4020.07	205035.33	0.0132	18890.82	5890657.23	0.215729
198	12	57	2	5695	0	0	170	0	39244.44	23396	58018198	4020.07	205035.33	0.0132	18890.82	5890657.23	0.219662
199	12	58	2	5695	0	0	0	283	39244.44	23396	58018198	4020.07	205035.33	0.0132	18890.82	5890657.23	0.215729
200	12	59	2	5695	24	15	0	0	39244.44	23396	58018198	4020.07	205035.33	0.0132	18890.82	5890657.23	0.215738
201	12	60	2	5695	0	0	24	0	39244.44	23396	58018198	4020.07	205035.33	0.0132	18890.82	5890657.23	0.216284
202	12	61	2	5766	0	0	192	0	39244.44	24418	58655270	6184.04	186341.58	0	28330.27	5973743.6	0.199673
203	12	63	2	5766	0	0	167	0	39244.44	24418	58655270	6184.04	186341.58	0	28330.27	5973743.6	0.199287
204	12	65	2	5766	0	0	182	181.38	39244.44	24418	58655270	6184.04	186341.58	0	28330.27	5973743.6	0.199518
205	12	67	2	5766	0	0	183	0	39244.44	24418	58655270	6184.04	186341.58	0	28330.27	5973743.6	0.199534
206	12	68	2	5766	0	0	119	288.76	39244.44	24418	58655270	6184.04	186341.58	0	28330.27	5973743.6	0.198546
207	12	70	2	5766	0	0	205	253.66	39244.44	24418	58655270	6184.04	186341.58	0	28330.27	5973743.6	0.199873
208	13	50	2	4273	0	0	121	0	39244.44	25962	94880597	4793.33	143371.67	0.0145	24577.09	9633340.89	0.172969
209	13	51	2	4273	0	0	165	0	39244.44	25962	94880597	4793.33	143371.67	0.0145	24577.09	9633340.89	0.173752
210	13	56	2	4273	0	0	65	295.54	39244.44	25962	94880597	4793.33	143371.67	0.0145	24577.09	9633340.89	0.171973
211	13	57	2	4273	33	5	0	135.67000000000002	39244.44	25962	94880597	4793.33	143371.67	0.0145	24577.09	9633340.89	0.170823
212	13	58	2	4273	0	0	113	0	39244.44	25962	94880597	4793.33	143371.67	0.0145	24577.09	9633340.89	0.172827
213	13	61	2	4323	0	0	135	0	39244.44	29307	100913597	3451.43	28119.92	0.0102	17418.32	10277541.29	0.127467
214	13	65	2	4323	35	2	0	0	39244.44	29307	100913597	3451.43	28119.92	0.0102	17418.32	10277541.29	0.124085
215	13	66	2	4323	43	19	0	0	39244.44	29307	100913597	3451.43	28119.92	0.0102	17418.32	10277541.29	0.124088
216	13	69	2	4323	25	2	0	0	39244.44	29307	100913597	3451.43	28119.92	0.0102	17418.32	10277541.29	0.124083
217	13	70	2	4323	0	0	0	0	39244.44	29307	100913597	3451.43	28119.92	0.0102	17418.32	10277541.29	0.12408
218	14	49	2	2809	62	23	0	0	39244.44	21140	33015669	2868.24	213309.5	-0.0166	31335.7	3352120.45	0.264256
219	14	54	2	2809	0	0	172	0	39244.44	21140	33015669	2868.24	213309.5	-0.0166	31335.7	3352120.45	0.266621
220	14	55	2	2809	44	14	0	214.18	39244.44	21140	33015669	2868.24	213309.5	-0.0166	31335.7	3352120.45	0.264245
221	14	56	2	2809	4	15	0	0	39244.44	21140	33015669	2868.24	213309.5	-0.0166	31335.7	3352120.45	0.264229
222	14	57	2	2809	0	0	97	0	39244.44	21140	33015669	2868.24	213309.5	-0.0166	31335.7	3352120.45	0.265574
223	14	60	2	2809	0	0	0	0	39244.44	21140	33015669	2868.24	213309.5	-0.0166	31335.7	3352120.45	0.264221
224	14	65	2	2845	0	0	0	0	39244.44	38806	32836793	2634	138541.33	0.0187	29439.71	3344261.88	0.035284
225	14	67	2	2845	0	0	84	0	39244.44	38806	32836793	2634	138541.33	0.0187	29439.71	3344261.88	0.036532
226	15	57	2	4045	0	0	160	0	39244.44	38929	60582142	3074.88	24328.17	-0.0051	32602.52	6150977.54	0.036564
227	15	58	2	4045	0	0	145	0	39244.44	38929	60582142	3074.88	24328.17	-0.0051	32602.52	6150977.54	0.036363
228	15	59	2	4045	0	0	0	192.52	39244.44	38929	60582142	3074.88	24328.17	-0.0051	32602.52	6150977.54	0.034419
229	15	61	2	4267	0	0	105	0	39244.44	39115	61702281	5252.7	195838.25	-0.0104	52519.08	6284066.36	0.033994
230	15	64	2	4267	0	0	0	0	39244.44	39115	61702281	5252.7	195838.25	-0.0104	52519.08	6284066.36	0.03312
231	15	65	2	4267	10	12	0	179.43	39244.44	39115	61702281	5252.7	195838.25	-0.0104	52519.08	6284066.36	0.033125
232	15	66	2	4267	1	2	0	0	39244.44	39115	61702281	5252.7	195838.25	-0.0104	52519.08	6284066.36	0.033121
233	16	49	2	739	0	0	0	244.88	39244.44	39559	4968048	625.75	107934.42	0.0094	28782.59	504411.91	0.03007
234	16	50	2	739	9	16	0	55.92	39244.44	39559	4968048	625.75	107934.42	0.0094	28782.59	504411.91	0.030138
235	16	53	2	739	0	0	154	100.72	39244.44	39559	4968048	625.75	107934.42	0.0094	28782.59	504411.91	0.032408
236	16	54	2	739	0	0	113	0	39244.44	39559	4968048	625.75	107934.42	0.0094	28782.59	504411.91	0.031786
237	16	55	2	739	0	0	0	115.38999999999999	39244.44	39559	4968048	625.75	107934.42	0.0094	28782.59	504411.91	0.03007
238	16	57	2	739	0	0	79	0	39244.44	39559	4968048	625.75	107934.42	0.0094	28782.59	504411.91	0.031269
239	16	60	2	739	0	0	129	0	39244.44	39559	4968048	625.75	107934.42	0.0094	28782.59	504411.91	0.032029
240	16	63	2	749	0	0	106	0	39244.44	24842	4777453	770.63	292693	0.027	35602.96	486559.52	0.190581
241	16	65	2	749	0	0	0	272.76	39244.44	24842	4777453	770.63	292693	0.027	35602.96	486559.52	0.189279
242	16	70	2	749	0	0	0	452.77	39244.44	24842	4777453	770.63	292693	0.027	35602.96	486559.52	0.189279
243	17	50	2	2183	0	0	0	145.19	39244.44	30851	18270546	2105.07	81219.33	-0.0063	21925.56	1855031.25	0.105925
244	17	55	2	2183	0	0	0	294.46	39244.44	30851	18270546	2105.07	81219.33	-0.0063	21925.56	1855031.25	0.105925
245	17	56	2	2183	0	0	137	0	39244.44	30851	18270546	2105.07	81219.33	-0.0063	21925.56	1855031.25	0.108656
246	17	57	2	2183	16	18	0	0	39244.44	30851	18270546	2105.07	81219.33	-0.0063	21925.56	1855031.25	0.10595
247	17	59	2	2183	3	6	261	0	39244.44	30851	18270546	2105.07	81219.33	-0.0063	21925.56	1855031.25	0.111135
248	17	60	2	2183	0	0	0	82.19	39244.44	30851	18270546	2105.07	81219.33	-0.0063	21925.56	1855031.25	0.105925
249	17	61	2	2213	0	0	172	0	39244.44	36758	19744563	1881.47	237668.67	0.0382	20194.97	2010884.26	0.054271
250	17	63	2	2213	0	0	0	103.21	39244.44	36758	19744563	1881.47	237668.67	0.0382	20194.97	2010884.26	0.050548
251	17	65	2	2213	32	19	0	0	39244.44	36758	19744563	1881.47	237668.67	0.0382	20194.97	2010884.26	0.050583
252	17	66	2	2213	0	0	125	0	39244.44	36758	19744563	1881.47	237668.67	0.0382	20194.97	2010884.26	0.053254
253	17	68	2	2213	0	0	198	0	39244.44	36758	19744563	1881.47	237668.67	0.0382	20194.97	2010884.26	0.054834
254	17	71	2	2213	0	0	150	0	39244.44	36758	19744563	1881.47	237668.67	0.0382	20194.97	2010884.26	0.053795
255	17	72	2	2213	0	0	148	0	39244.44	36758	19744563	1881.47	237668.67	0.0382	20194.97	2010884.26	0.053751
256	18	50	2	9419	0	0	368	0	39244.44	35358	88469108	7865.37	56955.17	-0.0111	26885.7	8982374.66	0.067983
257	18	51	2	9419	0	0	143	0	39244.44	35358	88469108	7865.37	56955.17	-0.0111	26885.7	8982374.66	0.064325
258	18	52	2	9419	0	0	0	214.79	39244.44	35358	88469108	7865.37	56955.17	-0.0111	26885.7	8982374.66	0.062
259	18	53	2	9419	7	11	160	191.2	39244.44	35358	88469108	7865.37	56955.17	-0.0111	26885.7	8982374.66	0.064604
260	18	54	2	9419	0	0	385	0	39244.44	35358	88469108	7865.37	56955.17	-0.0111	26885.7	8982374.66	0.068259
261	18	55	2	9419	43	10	0	178.18	39244.44	35358	88469108	7865.37	56955.17	-0.0111	26885.7	8982374.66	0.062008
262	18	56	2	9419	0	0	149	0	39244.44	35358	88469108	7865.37	56955.17	-0.0111	26885.7	8982374.66	0.064422
263	18	57	2	9419	0	0	0	149.16	39244.44	35358	88469108	7865.37	56955.17	-0.0111	26885.7	8982374.66	0.062
264	18	60	2	9419	13	7	0	157.39	39244.44	35358	88469108	7865.37	56955.17	-0.0111	26885.7	8982374.66	0.062003
265	18	61	2	9522	33	15	159	0	39244.44	27501	94814874	7737.36	200030.5	0.0366	27423.14	9656417.15	0.150443
266	18	62	2	9522	0	0	0	270.23	39244.44	27501	94814874	7737.36	200030.5	0.0366	27423.14	9656417.15	0.147902
267	18	63	2	9522	0	0	170	29.68	39244.44	27501	94814874	7737.36	200030.5	0.0366	27423.14	9656417.15	0.150611
268	18	65	2	9522	31	7	0	0	39244.44	27501	94814874	7737.36	200030.5	0.0366	27423.14	9656417.15	0.147907
269	18	67	2	9522	0	0	84	0	39244.44	27501	94814874	7737.36	200030.5	0.0366	27423.14	9656417.15	0.149241
270	18	68	2	9522	0	0	0	265.48	39244.44	27501	94814874	7737.36	200030.5	0.0366	27423.14	9656417.15	0.147902
271	18	69	2	9522	8	8	12	155.15	39244.44	27501	94814874	7737.36	200030.5	0.0366	27423.14	9656417.15	0.148095
272	18	71	2	9522	49	9	24	0	39244.44	27501	94814874	7737.36	200030.5	0.0366	27423.14	9656417.15	0.148292
273	18	72	2	9522	33	13	0	0	39244.44	27501	94814874	7737.36	200030.5	0.0366	27423.14	9656417.15	0.147908
274	19	50	2	1945	0	0	228	0	39244.44	20860	801640	1879.13	135727.75	0.0366	2711.2	81391.47	0.307729
275	19	51	2	1945	22	9	0	0	39244.44	20860	801640	1879.13	135727.75	0.0366	2711.2	81391.47	0.271496
276	19	52	2	1945	9	14	141	0	39244.44	20860	801640	1879.13	135727.75	0.0366	2711.2	81391.47	0.294092
277	19	55	2	1945	1	18	0	196.38	39244.44	20860	801640	1879.13	135727.75	0.0366	2711.2	81391.47	0.271293
278	19	57	2	1945	0	0	96	0	39244.44	20860	801640	1879.13	135727.75	0.0366	2711.2	81391.47	0.286449
279	19	59	2	1945	46	10	0	0	39244.44	20860	801640	1879.13	135727.75	0.0366	2711.2	81391.47	0.271919
280	19	63	2	1970	0	0	100	0	39244.44	38741	689936	1957.46	116334.92	0.0158	2732.45	70266.49	0.05174
281	19	64	2	1970	0	0	0	0	39244.44	38741	689936	1957.46	116334.92	0.0158	2732.45	70266.49	0.035744
282	19	65	2	1970	0	0	172	0	39244.44	38741	689936	1957.46	116334.92	0.0158	2732.45	70266.49	0.063258
283	19	67	2	1970	0	0	119	0	39244.44	38741	689936	1957.46	116334.92	0.0158	2732.45	70266.49	0.05478
284	19	68	2	1970	0	0	142	0	39244.44	38741	689936	1957.46	116334.92	0.0158	2732.45	70266.49	0.058459
285	19	69	2	1970	0	0	0	172.23	39244.44	38741	689936	1957.46	116334.92	0.0158	2732.45	70266.49	0.035744
286	19	70	2	1970	0	0	133	0	39244.44	38741	689936	1957.46	116334.92	0.0158	2732.45	70266.49	0.057019
287	20	50	2	1355	0	0	0	261.17	39244.44	24560	112539	1226.82	88533.67	0.0372	11146.72	11426.24	0.194193
288	20	52	2	1355	0	0	142	0	39244.44	24560	112539	1226.82	88533.67	0.0372	11146.72	11426.24	0.199761
289	20	53	2	1355	0	0	128	497.71000000000004	39244.44	24560	112539	1226.82	88533.67	0.0372	11146.72	11426.24	0.199212
290	20	54	2	1355	0	0	0	279	39244.44	24560	112539	1226.82	88533.67	0.0372	11146.72	11426.24	0.194193
291	20	57	2	1355	0	0	0	201.09	39244.44	24560	112539	1226.82	88533.67	0.0372	11146.72	11426.24	0.194193
292	20	58	2	1355	0	0	0	252.98	39244.44	24560	112539	1226.82	88533.67	0.0372	11146.72	11426.24	0.194193
293	20	59	2	1355	26	19	0	0	39244.44	24560	112539	1226.82	88533.67	0.0372	11146.72	11426.24	0.199613
294	20	60	2	1355	0	0	0	251.49	39244.44	24560	112539	1226.82	88533.67	0.0372	11146.72	11426.24	0.194193
295	20	62	2	1373	0	0	164	173.27	39244.44	37814	108140	1322.28	156633.08	0.0195	11652.63	11013.5	0.048623
296	20	64	2	1373	0	0	200	0	39244.44	37814	108140	1322.28	156633.08	0.0195	11652.63	11013.5	0.049973
297	20	67	2	1373	1	4	0	0	39244.44	37814	108140	1322.28	156633.08	0.0195	11652.63	11013.5	0.043098
298	20	68	2	1373	0	0	40	0	39244.44	37814	108140	1322.28	156633.08	0.0195	11652.63	11013.5	0.043972
299	20	70	2	1373	0	0	0	270.1	39244.44	37814	108140	1322.28	156633.08	0.0195	11652.63	11013.5	0.042471
300	20	71	2	1373	0	0	0	64.97	39244.44	37814	108140	1322.28	156633.08	0.0195	11652.63	11013.5	0.042471
301	21	49	2	5646	0	0	0	0	32871.74	24927	40067329	4700.3	28304.08	0.0045	25610.48	4068084.03	0.118564
302	21	50	2	5646	0	0	0	0	34098.41	24927	40067329	4700.3	28304.08	0.0045	25610.48	4068084.03	0.131895
303	21	51	2	5646	6	10	0	0	34278.57	24927	40067329	4700.3	28304.08	0.0045	25610.48	4068084.03	0.133858
304	21	52	2	5646	0	0	0	0	34825.76	24927	40067329	4700.3	28304.08	0.0045	25610.48	4068084.03	0.139799
305	21	53	2	5646	41	1	0	292.31	37414.49	24927	40067329	4700.3	28304.08	0.0045	25610.48	4068084.03	0.167947
306	21	54	2	5646	0	0	0	0	34208.33	24927	40067329	4700.3	28304.08	0.0045	25610.48	4068084.03	0.133089
307	21	55	2	5646	0	0	0	0	30591.3	24927	40067329	4700.3	28304.08	0.0045	25610.48	4068084.03	0.093781
308	21	56	2	5646	0	0	142	0	32051.52	24927	40067329	4700.3	28304.08	0.0045	25610.48	4068084.03	0.112074
309	21	57	2	5646	0	0	0	0	33194.44	24927	40067329	4700.3	28304.08	0.0045	25610.48	4068084.03	0.122071
310	21	58	2	5646	14	16	63	99.75	33623.91	24927	40067329	4700.3	28304.08	0.0045	25610.48	4068084.03	0.127824
311	21	59	2	5646	0	0	0	0	35222.22	24927	40067329	4700.3	28304.08	0.0045	25610.48	4068084.03	0.144108
312	21	60	2	5646	0	0	0	0	36038.64	24927	40067329	4700.3	28304.08	0.0045	25610.48	4068084.03	0.15298
313	21	61	2	5731	0	0	0	0	36301.45	30763	37694139	4857.11	156833.5	-0.0115	25656.65	3838958.07	0.080995
314	21	62	2	5731	0	0	0	49.25	33335	30763	37694139	4857.11	156833.5	-0.0115	25656.65	3838958.07	0.054873
315	21	63	2	5731	0	0	168	161.91	34485.71	30763	37694139	4857.11	156833.5	-0.0115	25656.65	3838958.07	0.067868
316	21	64	2	5731	8	20	0	0	32989.39	30763	37694139	4857.11	156833.5	-0.0115	25656.65	3838958.07	0.051839
317	21	65	2	5731	0	0	15	0	34378.03	30763	37694139	4857.11	156833.5	-0.0115	25656.65	3838958.07	0.064313
318	21	66	2	5731	0	0	0	0	31880.95	30763	37694139	4857.11	156833.5	-0.0115	25656.65	3838958.07	0.042068
319	21	67	2	5731	51	19	0	0	33100	30763	37694139	4857.11	156833.5	-0.0115	25656.65	3838958.07	0.052828
320	21	68	2	5731	0	0	0	48.36	33957.14	30763	37694139	4857.11	156833.5	-0.0115	25656.65	3838958.07	0.060351
321	21	69	2	5731	0	0	0	289.08	38053.79	30763	37694139	4857.11	156833.5	-0.0115	25656.65	3838958.07	0.096426
322	21	70	2	5731	0	0	0	0	37369.57	30763	37694139	4857.11	156833.5	-0.0115	25656.65	3838958.07	0.090401
323	21	71	2	5731	0	0	0	0	37341.67	30763	37694139	4857.11	156833.5	-0.0115	25656.65	3838958.07	0.090155
324	21	72	2	5731	0	0	0	0	38355.07	30763	37694139	4857.11	156833.5	-0.0115	25656.65	3838958.07	0.099079
325	22	49	2	5656	0	0	97	382.69	43794.2	29340	16668081	5472.18	115263.58	0.0281	46250.33	1692330.29	0.166596
326	22	50	2	5656	0	0	0	0	46138.1	29340	16668081	5472.18	115263.58	0.0281	46250.33	1692330.29	0.187321
327	22	51	2	5656	0	0	0	253.55	47243.65	29340	16668081	5472.18	115263.58	0.0281	46250.33	1692330.29	0.197528
328	22	52	2	5656	0	0	0	0	45781.82	29340	16668081	5472.18	115263.58	0.0281	46250.33	1692330.29	0.184031
329	22	53	2	5656	0	0	29	0	44145.65	29340	16668081	5472.18	115263.58	0.0281	46250.33	1692330.29	0.169199
330	22	54	2	5656	0	0	0	0	44448.33	29340	16668081	5472.18	115263.58	0.0281	46250.33	1692330.29	0.171719
331	22	55	2	5656	0	0	0	0	44789.13	29340	16668081	5472.18	115263.58	0.0281	46250.33	1692330.29	0.174866
332	22	56	2	5656	0	0	0	0	44257.58	29340	16668081	5472.18	115263.58	0.0281	46250.33	1692330.29	0.169958
333	22	57	2	5656	0	0	0	0	42173.81	29340	16668081	5472.18	115263.58	0.0281	46250.33	1692330.29	0.150718
334	22	58	2	5656	0	0	0	0	41791.3	29340	16668081	5472.18	115263.58	0.0281	46250.33	1692330.29	0.147187
335	22	59	2	5656	39	8	0	269.35	41918.25	29340	16668081	5472.18	115263.58	0.0281	46250.33	1692330.29	0.148397
336	22	60	2	5656	0	0	0	0	42495.45	29340	16668081	5472.18	115263.58	0.0281	46250.33	1692330.29	0.153688
337	22	61	2	5742	0	0	0	0	43784.06	21745	16214419	6943.76	56534.08	0.007	56616.65	1651356.83	0.306784
338	22	62	2	5742	0	0	0	0	43846.67	21745	16214419	6943.76	56534.08	0.007	56616.65	1651356.83	0.307564
339	22	63	2	5742	25	9	22	0	43297.62	21745	16214419	6943.76	56534.08	0.007	56616.65	1651356.83	0.300922
340	22	64	2	5742	0	0	0	0	43009.09	21745	16214419	6943.76	56534.08	0.007	56616.65	1651356.83	0.297129
341	22	65	2	5742	0	0	0	0	42081.06	21745	16214419	6943.76	56534.08	0.007	56616.65	1651356.83	0.285568
342	22	66	2	5742	0	0	0	108	42173.81	21745	16214419	6943.76	56534.08	0.007	56616.65	1651356.83	0.286723
343	22	67	2	5742	19	19	0	73.63	42224.64	21745	16214419	6943.76	56534.08	0.007	56616.65	1651356.83	0.287388
344	22	68	2	5742	0	0	108	218.49	45390.48	21745	16214419	6943.76	56534.08	0.007	56616.65	1651356.83	0.32763
345	22	69	2	5742	0	0	0	223.78	43870.45	21745	16214419	6943.76	56534.08	0.007	56616.65	1651356.83	0.30786
346	22	70	2	5742	0	0	0	0	44083.33	21745	16214419	6943.76	56534.08	0.007	56616.65	1651356.83	0.310512
347	22	71	2	5742	0	0	0	38.17	45015	21745	16214419	6943.76	56534.08	0.007	56616.65	1651356.83	0.322119
348	22	72	2	5742	0	0	0	0	45915.22	21745	16214419	6943.76	56534.08	0.007	56616.65	1651356.83	0.333333
349	23	49	2	1060	0	0	196	0	39244.44	34731	4603886	724.74	203338.25	-0.0001	32513.77	467438.02	0.070063
350	23	53	2	1060	0	0	22	0	39244.44	34731	4603886	724.74	203338.25	-0.0001	32513.77	467438.02	0.067724
351	23	54	2	1060	0	0	0	0	39244.44	34731	4603886	724.74	203338.25	-0.0001	32513.77	467438.02	0.067428
352	23	56	2	1060	26	13	0	0	39244.44	34731	4603886	724.74	203338.25	-0.0001	32513.77	467438.02	0.067543
353	23	57	2	1060	0	0	14	0	39244.44	34731	4603886	724.74	203338.25	-0.0001	32513.77	467438.02	0.067616
354	23	60	2	1060	0	0	68	0	39244.44	34731	4603886	724.74	203338.25	-0.0001	32513.77	467438.02	0.068342
355	23	62	2	1073	0	0	0	283.4	39244.44	26457	5597813	832.93	147590.83	0.0223	37742	570109.02	0.163156
356	23	65	2	1073	0	0	169	0	39244.44	26457	5597813	832.93	147590.83	0.0223	37742	570109.02	0.165113
357	23	66	2	1073	0	0	131	0	39244.44	26457	5597813	832.93	147590.83	0.0223	37742	570109.02	0.164673
358	23	68	2	1073	33	16	0	0	39244.44	26457	5597813	832.93	147590.83	0.0223	37742	570109.02	0.163275
359	23	69	2	1073	0	0	0	209.18	39244.44	26457	5597813	832.93	147590.83	0.0223	37742	570109.02	0.163156
360	23	70	2	1073	0	0	109	0	39244.44	26457	5597813	832.93	147590.83	0.0223	37742	570109.02	0.164418
361	23	71	2	1073	0	0	130	0	39244.44	26457	5597813	832.93	147590.83	0.0223	37742	570109.02	0.164662
362	23	72	2	1073	0	0	0	83.09	39244.44	26457	5597813	832.93	147590.83	0.0223	37742	570109.02	0.163156
363	24	54	2	578	22	12	101	0	39244.44	32021	432433	476.46	236987.25	-0.0027	27382.97	43905.48	0.096012
364	24	55	2	578	0	0	0	64.99	39244.44	32021	432433	476.46	236987.25	-0.0027	27382.97	43905.48	0.093334
365	24	56	2	578	0	0	0	43.68	39244.44	32021	432433	476.46	236987.25	-0.0027	27382.97	43905.48	0.093334
366	24	57	2	578	9	10	0	0	39244.44	32021	432433	476.46	236987.25	-0.0027	27382.97	43905.48	0.093929
367	24	58	2	578	0	0	139	0	39244.44	32021	432433	476.46	236987.25	-0.0027	27382.97	43905.48	0.095553
368	24	66	2	587	0	0	246	0	39244.44	34736	767637	691.41	242292.67	0.0256	40244.87	78179.97	0.070056
369	24	67	2	587	0	0	0	55.53	39244.44	34736	767637	691.41	242292.67	0.0256	40244.87	78179.97	0.067384
370	24	68	2	587	0	0	59	0	39244.44	34736	767637	691.41	242292.67	0.0256	40244.87	78179.97	0.068025
371	24	70	2	587	14	19	0	0	39244.44	34736	767637	691.41	242292.67	0.0256	40244.87	78179.97	0.067967
372	24	71	2	587	0	0	193	0	39244.44	34736	767637	691.41	242292.67	0.0256	40244.87	78179.97	0.06948
373	24	72	2	587	0	0	0	222.75	39244.44	34736	767637	691.41	242292.67	0.0256	40244.87	78179.97	0.067384
374	25	51	2	627	7	18	0	0	39244.44	35201	1170031	529.38	147409.67	-0.0031	15599.37	118794.65	0.063631
375	25	52	2	627	0	0	0	134.52	39244.44	35201	1170031	529.38	147409.67	-0.0031	15599.37	118794.65	0.063341
376	25	55	2	627	0	0	0	22.12	39244.44	35201	1170031	529.38	147409.67	-0.0031	15599.37	118794.65	0.063341
377	25	59	2	627	0	0	0	40.04	39244.44	35201	1170031	529.38	147409.67	-0.0031	15599.37	118794.65	0.063341
378	25	61	2	636	0	0	132	0	39244.44	31351	1072767	433.28	93471.25	0.0399	13123.8	109255.92	0.104825
379	25	63	2	636	0	0	0	98.27	39244.44	31351	1072767	433.28	93471.25	0.0399	13123.8	109255.92	0.100429
380	25	67	2	636	30	6	0	0	39244.44	31351	1072767	433.28	93471.25	0.0399	13123.8	109255.92	0.100884
381	25	71	2	636	0	0	0	221.39	39244.44	31351	1072767	433.28	93471.25	0.0399	13123.8	109255.92	0.100429
382	25	72	2	636	29	8	86	0	39244.44	31351	1072767	433.28	93471.25	0.0399	13123.8	109255.92	0.103761
383	26	55	2	1467	0	0	0	76.21	39244.44	34856	20471	1768.96	31804.92	0.0181	54857.74	2078.47	0.06633
384	26	56	2	1467	39	11	0	0	39244.44	34856	20471	1768.96	31804.92	0.0181	54857.74	2078.47	0.099439
385	26	57	2	1467	0	0	67	0	39244.44	34856	20471	1768.96	31804.92	0.0181	54857.74	2078.47	0.066864
386	26	58	2	1467	25	17	0	0	39244.44	34856	20471	1768.96	31804.92	0.0181	54857.74	2078.47	0.094142
387	26	60	2	1467	0	0	0	0	39244.44	34856	20471	1768.96	31804.92	0.0181	54857.74	2078.47	0.06633
388	26	61	2	1484	0	0	59	0	39244.44	25471	23839	1442.83	90436.75	0.02	44287.14	2427.99	0.179293
389	26	64	2	1484	0	0	131	0	39244.44	25471	23839	1442.83	90436.75	0.02	44287.14	2427.99	0.180004
390	26	65	2	1484	0	0	0	50.28	39244.44	25471	23839	1442.83	90436.75	0.02	44287.14	2427.99	0.178711
391	26	69	2	1484	27	17	0	47.86	39244.44	25471	23839	1442.83	90436.75	0.02	44287.14	2427.99	0.203731
392	26	71	2	1484	0	0	107	0	39244.44	25471	23839	1442.83	90436.75	0.02	44287.14	2427.99	0.179767
393	27	49	2	542	0	0	72	0	39244.44	34078	479845	530.35	44166.67	-0.0199	6076.64	48719.23	0.078472
394	27	55	2	542	45	12	0	77	39244.44	34078	479845	530.35	44166.67	-0.0199	6076.64	48719.23	0.074904
395	27	59	2	542	0	0	148	0	39244.44	34078	479845	530.35	44166.67	-0.0199	6076.64	48719.23	0.083939
396	27	61	2	549	0	0	0	251.18	39244.44	23262	508594	611.08	129550.83	-0.0006	7040.77	51797.7	0.218347
397	27	63	2	549	0	0	96	0	39244.44	23262	508594	611.08	129550.83	-0.0006	7040.77	51797.7	0.224306
398	27	68	2	549	14	1	0	0	39244.44	23262	508594	611.08	129550.83	-0.0006	7040.77	51797.7	0.218746
399	27	69	2	549	32	11	0	181.68	39244.44	23262	508594	611.08	129550.83	-0.0006	7040.77	51797.7	0.219493
400	28	49	2	1472	30	16	0	0	39244.44	23292	1626966	1720.84	171875.08	0.019	1896.07	165187.84	0.218141
401	28	52	2	1472	0	0	155	0	39244.44	23292	1626966	1720.84	171875.08	0.019	1896.07	165187.84	0.253489
402	28	57	2	1472	18	18	0	85.23	39244.44	23292	1626966	1720.84	171875.08	0.019	1896.07	165187.84	0.218058
403	28	61	2	1492	45	20	0	0	39244.44	29336	1725811	1517.17	164931.92	0.0238	1657.7	175765.19	0.124232
404	28	63	2	1492	0	0	0	122.53	39244.44	29336	1725811	1517.17	164931.92	0.0238	1657.7	175765.19	0.123721
405	28	64	2	1492	0	0	0	133.3	39244.44	29336	1725811	1517.17	164931.92	0.0238	1657.7	175765.19	0.123721
406	28	66	2	1492	0	0	0	107.78	39244.44	29336	1725811	1517.17	164931.92	0.0238	1657.7	175765.19	0.123721
407	28	67	2	1492	0	0	191	132.02	39244.44	29336	1725811	1517.17	164931.92	0.0238	1657.7	175765.19	0.174083
408	28	70	2	1492	0	0	46	0	39244.44	29336	1725811	1517.17	164931.92	0.0238	1657.7	175765.19	0.13585
409	28	72	2	1492	0	0	52	205.63	39244.44	29336	1725811	1517.17	164931.92	0.0238	1657.7	175765.19	0.137432
410	29	49	2	6728	0	0	107	0	39244.44	23507	87507628	5012.43	278621.67	0.0167	3351.49	8884754.48	0.227538
411	29	53	2	6728	0	0	31	0	39244.44	23507	87507628	5012.43	278621.67	0.0167	3351.49	8884754.48	0.217626
412	29	55	2	6728	10	5	0	0	39244.44	23507	87507628	5012.43	278621.67	0.0167	3351.49	8884754.48	0.213586
413	29	56	2	6728	0	0	166	251.25	39244.44	23507	87507628	5012.43	278621.67	0.0167	3351.49	8884754.48	0.235233
414	29	59	2	6728	18	5	116	0	39244.44	23507	87507628	5012.43	278621.67	0.0167	3351.49	8884754.48	0.228715
415	29	61	2	6811	0	0	125	0	39244.44	33879	92744175	7900.99	168327.67	-0.0031	3755.66	9445526.79	0.089674
416	29	63	2	6811	21	18	0	0	39244.44	33879	92744175	7900.99	168327.67	-0.0031	3755.66	9445526.79	0.075132
417	29	67	2	6811	8	16	0	34.57	39244.44	33879	92744175	7900.99	168327.67	-0.0031	3755.66	9445526.79	0.075129
418	30	49	2	1503	0	0	0	280.75	39244.44	34218	5326000	1152.45	16152	0.0192	10041.78	540755.17	0.072017
419	30	51	2	1503	0	0	0	25.65	39244.44	34218	5326000	1152.45	16152	0.0192	10041.78	540755.17	0.072017
420	30	52	2	1503	0	0	0	267.31	39244.44	34218	5326000	1152.45	16152	0.0192	10041.78	540755.17	0.072017
421	30	53	2	1503	0	0	0	196.95	39244.44	34218	5326000	1152.45	16152	0.0192	10041.78	540755.17	0.072017
422	30	55	2	1503	0	0	0	0	39244.44	34218	5326000	1152.45	16152	0.0192	10041.78	540755.17	0.072017
423	30	58	2	1503	42	1	0	0	39244.44	34218	5326000	1152.45	16152	0.0192	10041.78	540755.17	0.072126
424	30	60	2	1503	0	0	16	0	39244.44	34218	5326000	1152.45	16152	0.0192	10041.78	540755.17	0.072713
425	30	70	2	1525	0	0	0	280.66	39244.44	29187	5335400	1258.37	212425.17	0.0386	11011.52	543383.6	0.125571
426	30	71	2	1525	0	0	134	0	39244.44	29187	5335400	1258.37	212425.17	0.0386	11011.52	543383.6	0.13089
427	30	72	2	1525	0	0	0	23.92	39244.44	29187	5335400	1258.37	212425.17	0.0386	11011.52	543383.6	0.125571
428	31	51	2	9463	0	0	0	234.2	39244.44	32270	100452989	9873.48	208073.25	0.0337	27140.78	10199112.53	0.090772
429	31	56	2	9463	0	0	198	0	39244.44	32270	100452989	9873.48	208073.25	0.0337	27140.78	10199112.53	0.093961
430	31	58	2	9463	0	0	142	191.12	39244.44	32270	100452989	9873.48	208073.25	0.0337	27140.78	10199112.53	0.093059
431	31	60	2	9463	47	4	0	0	39244.44	32270	100452989	9873.48	208073.25	0.0337	27140.78	10199112.53	0.090779
432	31	63	2	9563	14	0	0	0	39244.44	37604	98605929	8311.93	188930.75	0.0322	22577.28	10042516.88	0.044043
433	31	67	2	9563	0	0	0	170.21	39244.44	37604	98605929	8311.93	188930.75	0.0322	22577.28	10042516.88	0.044041
434	31	68	2	9563	0	0	45	0	39244.44	37604	98605929	8311.93	188930.75	0.0322	22577.28	10042516.88	0.044913
435	31	71	2	9563	45	6	0	0	39244.44	37604	98605929	8311.93	188930.75	0.0322	22577.28	10042516.88	0.044048
436	32	54	2	3121	0	0	187	0	39244.44	29894	9616420	2567.68	79996.5	0.0202	9313.54	976366.7	0.125733
437	32	55	2	3121	19	0	0	0	39244.44	29894	9616420	2567.68	79996.5	0.0202	9313.54	976366.7	0.116983
438	32	56	2	3121	0	0	0	193.29	39244.44	29894	9616420	2567.68	79996.5	0.0202	9313.54	976366.7	0.116957
439	32	58	2	3121	0	0	0	200.22	39244.44	29894	9616420	2567.68	79996.5	0.0202	9313.54	976366.7	0.116957
440	32	60	2	3121	0	0	105	0	39244.44	29894	9616420	2567.68	79996.5	0.0202	9313.54	976366.7	0.121884
441	32	64	2	3156	0	0	0	291.23	39244.44	23847	9183146	3753.13	90683.58	-0.0043	13142.1	935257.18	0.207135
442	32	65	2	3156	0	0	0	80.38	39244.44	23847	9183146	3753.13	90683.58	-0.0043	13142.1	935257.18	0.207135
443	32	66	2	3156	0	0	0	263.94	39244.44	23847	9183146	3753.13	90683.58	-0.0043	13142.1	935257.18	0.207135
444	32	67	2	3156	0	0	179	90.35	39244.44	23847	9183146	3753.13	90683.58	-0.0043	13142.1	935257.18	0.213089
445	33	49	2	2793	0	0	111	0	39244.44	30444	8654941	2956.03	79521	0.0134	16564.44	878746.52	0.113461
446	33	51	2	2793	0	0	115	0	39244.44	30444	8654941	2956.03	79521	0.0134	16564.44	878746.52	0.113566
447	33	53	2	2793	0	0	0	73.85	39244.44	30444	8654941	2956.03	79521	0.0134	16564.44	878746.52	0.110532
448	33	55	2	2793	0	0	168	0	39244.44	30444	8654941	2956.03	79521	0.0134	16564.44	878746.52	0.114965
449	33	56	2	2793	29	10	0	143.12	39244.44	30444	8654941	2956.03	79521	0.0134	16564.44	878746.52	0.110593
450	33	57	2	2793	0	0	189	0	39244.44	30444	8654941	2956.03	79521	0.0134	16564.44	878746.52	0.115519
451	33	58	2	2793	97	17	0	0	39244.44	30444	8654941	2956.03	79521	0.0134	16564.44	878746.52	0.11071
452	33	59	2	2793	0	0	0	150.02	39244.44	30444	8654941	2956.03	79521	0.0134	16564.44	878746.52	0.110532
453	33	60	2	2793	0	0	210	0	39244.44	30444	8654941	2956.03	79521	0.0134	16564.44	878746.52	0.116073
454	33	61	2	2836	0	0	101	0	39244.44	33522	8671522	3404.04	286980.17	-0.002	18496.32	883150.79	0.080854
455	33	62	2	2836	0	0	91	0	39244.44	33522	8671522	3404.04	286980.17	-0.002	18496.32	883150.79	0.080618
456	33	63	2	2836	0	0	77	0	39244.44	33522	8671522	3404.04	286980.17	-0.002	18496.32	883150.79	0.080287
457	33	64	2	2836	0	0	0	106.03	39244.44	33522	8671522	3404.04	286980.17	-0.002	18496.32	883150.79	0.078468
458	33	65	2	2836	0	0	53	0	39244.44	33522	8671522	3404.04	286980.17	-0.002	18496.32	883150.79	0.07972
459	33	66	2	2836	30	4	0	128.71	39244.44	33522	8671522	3404.04	286980.17	-0.002	18496.32	883150.79	0.078521
460	33	69	2	2836	38	14	103	0	39244.44	33522	8671522	3404.04	286980.17	-0.002	18496.32	883150.79	0.080983
461	33	71	2	2836	0	0	63	0	39244.44	33522	8671522	3404.04	286980.17	-0.002	18496.32	883150.79	0.079956
462	33	72	2	2836	23	12	123	9.21	39244.44	33522	8671522	3404.04	286980.17	-0.002	18496.32	883150.79	0.081429
463	34	49	2	2701	0	0	56	0	39244.44	24498	12180363	2686.04	226971.92	-0.0153	38105.41	1236686.91	0.195931
464	34	51	2	2701	10	20	0	94.11	39244.44	24498	12180363	2686.04	226971.92	-0.0153	38105.41	1236686.91	0.195322
465	34	54	2	2701	0	0	20	16.39	39244.44	24498	12180363	2686.04	226971.92	-0.0153	38105.41	1236686.91	0.195518
466	34	60	2	2701	0	0	0	245.53	39244.44	24498	12180363	2686.04	226971.92	-0.0153	38105.41	1236686.91	0.195288
467	34	64	2	2721	0	0	91	137.38	39244.44	20169	11879472	2896.02	213917.17	-0.0056	41190.23	1209864.39	0.289398
468	34	66	2	2721	4	6	122	0	39244.44	20169	11879472	2896.02	213917.17	-0.0056	41190.23	1209864.39	0.289738
469	34	67	2	2721	0	0	157	0	39244.44	20169	11879472	2896.02	213917.17	-0.0056	41190.23	1209864.39	0.290098
470	34	70	2	2721	0	0	0	139.52	39244.44	20169	11879472	2896.02	213917.17	-0.0056	41190.23	1209864.39	0.288432
471	34	71	2	2721	0	0	0	0	39244.44	20169	11879472	2896.02	213917.17	-0.0056	41190.23	1209864.39	0.288432
472	34	72	2	2721	0	0	194	0	39244.44	20169	11879472	2896.02	213917.17	-0.0056	41190.23	1209864.39	0.290491
473	35	49	2	5836	0	0	0	0	39244.44	27745	54491959	3939.43	237584.75	0.0325	10254.41	5532634.03	0.144502
474	35	50	2	5836	0	0	108	0	39244.44	27745	54491959	3939.43	237584.75	0.0325	10254.41	5532634.03	0.149105
475	35	51	2	5836	0	0	0	223.95	39244.44	27745	54491959	3939.43	237584.75	0.0325	10254.41	5532634.03	0.144502
476	35	53	2	5836	40	5	0	0	39244.44	27745	54491959	3939.43	237584.75	0.0325	10254.41	5532634.03	0.144513
477	35	55	2	5836	13	6	0	0	39244.44	27745	54491959	3939.43	237584.75	0.0325	10254.41	5532634.03	0.144507
478	35	56	2	5836	0	0	0	195.05	39244.44	27745	54491959	3939.43	237584.75	0.0325	10254.41	5532634.03	0.144502
479	35	57	2	5836	35	10	136	0	39244.44	27745	54491959	3939.43	237584.75	0.0325	10254.41	5532634.03	0.15031
480	35	61	2	5914	0	0	22	0	39244.44	35947	55997358	4928.58	22607	-0.0072	12173	5703048.7	0.057863
481	35	64	2	5914	0	0	0	29.58	39244.44	35947	55997358	4928.58	22607	-0.0072	12173	5703048.7	0.057073
482	35	65	2	5914	0	0	188	0	39244.44	35947	55997358	4928.58	22607	-0.0072	12173	5703048.7	0.063824
483	35	66	2	5914	0	0	0	206.36	39244.44	35947	55997358	4928.58	22607	-0.0072	12173	5703048.7	0.057073
484	35	68	2	5914	0	0	21	0	39244.44	35947	55997358	4928.58	22607	-0.0072	12173	5703048.7	0.057827
485	36	51	2	8837	0	0	305	0	39244.44	20951	112189664	7298.14	214016.17	0.0034	7162.97	11390751.23	0.28737
486	36	52	2	8837	0	0	0	28.79	39244.44	20951	112189664	7298.14	214016.17	0.0034	7162.97	11390751.23	0.268758
487	36	54	2	8837	46	1	0	72.87	39244.44	20951	112189664	7298.14	214016.17	0.0034	7162.97	11390751.23	0.268764
488	36	56	2	8837	0	0	32	0	39244.44	20951	112189664	7298.14	214016.17	0.0034	7162.97	11390751.23	0.270711
489	36	57	2	8837	0	0	28	0	39244.44	20951	112189664	7298.14	214016.17	0.0034	7162.97	11390751.23	0.270467
490	36	61	2	8928	0	0	0	140.5	39244.44	22750	113038192	9032.67	92747.5	0.0279	8989.07	11512370.18	0.228632
491	36	65	2	8928	0	0	128	0	39244.44	22750	113038192	9032.67	92747.5	0.0279	8989.07	11512370.18	0.234856
492	36	66	2	8928	36	1	0	0	39244.44	22750	113038192	9032.67	92747.5	0.0279	8989.07	11512370.18	0.228636
493	36	67	2	8928	7	19	0	0	39244.44	22750	113038192	9032.67	92747.5	0.0279	8989.07	11512370.18	0.228635
494	36	72	2	8928	0	0	102	327.91	39244.44	22750	113038192	9032.67	92747.5	0.0279	8989.07	11512370.18	0.233592
495	37	50	2	15588	4	1	0	166.49	39244.44	27846	165399652	19355.72	254820.58	-0.0103	47388.97	16793225.16	0.143113
496	37	52	2	15588	0	0	0	0	39244.44	27846	165399652	19355.72	254820.58	-0.0103	47388.97	16793225.16	0.143112
497	37	54	2	15588	0	0	0	152.33	39244.44	27846	165399652	19355.72	254820.58	-0.0103	47388.97	16793225.16	0.143112
498	37	55	2	15588	0	0	0	53.14	39244.44	27846	165399652	19355.72	254820.58	-0.0103	47388.97	16793225.16	0.143112
499	37	57	2	15588	0	0	152	0	39244.44	27846	165399652	19355.72	254820.58	-0.0103	47388.97	16793225.16	0.144514
500	37	60	2	15588	0	0	63	0	39244.44	27846	165399652	19355.72	254820.58	-0.0103	47388.97	16793225.16	0.143693
501	37	61	2	15785	0	0	0	181.9	39244.44	28685	166502528	19245.52	272847.5	0.0368	48744.62	16957443.35	0.131945
502	37	62	2	15785	45	12	0	0	39244.44	28685	166502528	19245.52	272847.5	0.0368	48744.62	16957443.35	0.13195
503	37	68	2	15785	20	16	30	0	39244.44	28685	166502528	19245.52	272847.5	0.0368	48744.62	16957443.35	0.132217
504	37	69	2	15785	0	0	123	0	39244.44	28685	166502528	19245.52	272847.5	0.0368	48744.62	16957443.35	0.133048
505	37	70	2	15785	0	0	57	0	39244.44	28685	166502528	19245.52	272847.5	0.0368	48744.62	16957443.35	0.132457
506	37	71	2	15785	0	0	0	146.61	39244.44	28685	166502528	19245.52	272847.5	0.0368	48744.62	16957443.35	0.131945
507	1	49	1	5554	0	0	161	0	139378.99	125005	461487	759.16	4022.08	0.03	6110.85	1086695	0.074889
508	1	50	1	5554	33	5	0	0	139378.99	125005	461487	759.16	4022.08	0.03	6110.85	1086695	0.06449
509	1	51	1	5554	14	0	0	0	139378.99	125005	461487	759.16	4022.08	0.03	6110.85	1086695	0.063785
510	1	52	1	5554	0	0	123	0	139378.99	125005	461487	759.16	4022.08	0.03	6110.85	1086695	0.072171
511	1	53	1	5554	0	0	105	0	139378.99	125005	461487	759.16	4022.08	0.03	6110.85	1086695	0.070884
512	1	62	1	5626	33	10	0	66.34	139378.99	116290	466908	1472.14	13415.25	0.0394	11806.82	3713761.67	0.087258
513	1	63	1	5626	0	0	180	0	139378.99	116290	466908	1472.14	13415.25	0.0394	11806.82	3713761.67	0.092673
514	1	65	1	5626	0	0	148	0	139378.99	116290	466908	1472.14	13415.25	0.0394	11806.82	3713761.67	0.091488
515	1	66	1	5626	29	17	0	0	139378.99	116290	466908	1472.14	13415.25	0.0394	11806.82	3713761.67	0.087345
516	1	70	1	5626	0	0	200	0	139378.99	116290	466908	1472.14	13415.25	0.0394	11806.82	3713761.67	0.093413
517	1	72	1	5626	0	0	0	149.51	139378.99	116290	466908	1472.14	13415.25	0.0394	11806.82	3713761.67	0.086009
518	2	52	1	4433	0	0	79	0	139378.99	102707	396717	1023.35	24243	-0.0153	3401.93	6737415.83	0.139099
519	2	54	1	4433	0	0	0	130.45	139378.99	102707	396717	1023.35	24243	-0.0153	3401.93	6737415.83	0.128949
520	2	55	1	4433	49	4	0	0	139378.99	102707	396717	1023.35	24243	-0.0153	3401.93	6737415.83	0.130759
521	2	56	1	4433	0	0	198	0	139378.99	102707	396717	1023.35	24243	-0.0153	3401.93	6737415.83	0.154388
522	2	59	1	4433	0	0	103	0	139378.99	102707	396717	1023.35	24243	-0.0153	3401.93	6737415.83	0.142182
523	2	60	1	4433	0	0	59	166.04	139378.99	102707	396717	1023.35	24243	-0.0153	3401.93	6737415.83	0.136529
524	2	63	1	4461	19	0	0	0	139378.99	122382	399371	1122.76	3139.08	0.0187	3837.03	682279.17	0.070492
525	2	64	1	4461	0	0	0	0	139378.99	122382	399371	1122.76	3139.08	0.0187	3837.03	682279.17	0.069847
526	2	67	1	4461	0	0	0	77.2	139378.99	122382	399371	1122.76	3139.08	0.0187	3837.03	682279.17	0.069847
527	2	69	1	4461	18	13	0	0	139378.99	122382	399371	1122.76	3139.08	0.0187	3837.03	682279.17	0.070899
528	2	70	1	4461	0	0	79	0	139378.99	122382	399371	1122.76	3139.08	0.0187	3837.03	682279.17	0.078846
529	3	49	1	12431	0	0	0	0	142550	119730	21925	2652.03	12438.17	-0.0114	5993.1	3696387.5	0.083855
530	3	50	1	12431	0	0	0	230.97	141992.86	119730	21925	2652.03	12438.17	-0.0114	5993.1	3696387.5	0.082595
531	3	51	1	12431	0	0	0	0	142662.7	119730	21925	2652.03	12438.17	-0.0114	5993.1	3696387.5	0.08411
532	3	52	1	12431	0	0	0	0	143350.76	119730	21925	2652.03	12438.17	-0.0114	5993.1	3696387.5	0.085667
533	3	53	1	12431	0	0	0	0	142350.72	119730	21925	2652.03	12438.17	-0.0114	5993.1	3696387.5	0.083405
534	3	54	1	12431	50	0	0	0	140963.33	119730	21925	2652.03	12438.17	-0.0114	5993.1	3696387.5	0.111179
535	3	55	1	12431	0	0	0	153.75	139378.99	119730	21925	2652.03	12438.17	-0.0114	5993.1	3696387.5	0.076681
536	3	56	1	12431	0	0	0	0	138627.27	119730	21925	2652.03	12438.17	-0.0114	5993.1	3696387.5	0.07498
537	3	57	1	12431	30	8	25	0	139511.11	119730	21925	2652.03	12438.17	-0.0114	5993.1	3696387.5	0.102297
538	3	58	1	12431	23	15	0	0	140021.74	119730	21925	2652.03	12438.17	-0.0114	5993.1	3696387.5	0.101629
539	3	59	1	12431	0	0	142	0	138352.38	119730	21925	2652.03	12438.17	-0.0114	5993.1	3696387.5	0.084714
540	3	60	1	12431	0	0	0	0	138196.97	119730	21925	2652.03	12438.17	-0.0114	5993.1	3696387.5	0.074006
541	3	61	1	12537	49	20	0	0	138379.71	117788	18076	1734.34	17045.17	-0.0005	3929	4694981.67	0.131326
542	3	62	1	12537	0	0	64	0	137999.17	117788	18076	1734.34	17045.17	-0.0005	3929	4694981.67	0.085827
543	3	63	1	12537	0	0	166	151.41	140230.16	117788	18076	1734.34	17045.17	-0.0005	3929	4694981.67	0.102305
544	3	64	1	12537	0	0	0	0	140493.94	117788	18076	1734.34	17045.17	-0.0005	3929	4694981.67	0.084444
545	3	65	1	12537	20	15	0	0	138887.12	117788	18076	1734.34	17045.17	-0.0005	3929	4694981.67	0.106996
546	3	66	1	12537	0	0	0	0	139057.14	117788	18076	1734.34	17045.17	-0.0005	3929	4694981.67	0.08114
547	3	67	1	12537	20	19	0	0	138700	117788	18076	1734.34	17045.17	-0.0005	3929	4694981.67	0.109565
548	3	68	1	12537	0	0	0	0	138433.33	117788	18076	1734.34	17045.17	-0.0005	3929	4694981.67	0.079705
549	3	69	1	12537	26	5	142	270.19	138300	117788	18076	1734.34	17045.17	-0.0005	3929	4694981.67	0.118443
550	3	70	1	12537	0	0	0	0	138300	117788	18076	1734.34	17045.17	-0.0005	3929	4694981.67	0.079399
551	3	71	1	12537	0	0	123	432.82	138675	117788	18076	1734.34	17045.17	-0.0005	3929	4694981.67	0.093945
552	3	72	1	12537	0	0	0	0	140365.22	117788	18076	1734.34	17045.17	-0.0005	3929	4694981.67	0.084148
553	4	49	1	2112	0	0	159	0	139378.99	125005	111626	390.76	15398.17	-0.0034	3413.02	4361728.33	0.083736
554	4	50	1	2112	0	0	0	86.72	139378.99	125005	111626	390.76	15398.17	-0.0034	3413.02	4361728.33	0.063373
555	4	51	1	2112	0	0	100	0	139378.99	125005	111626	390.76	15398.17	-0.0034	3413.02	4361728.33	0.07618
556	4	52	1	2112	0	0	193	0	139378.99	125005	111626	390.76	15398.17	-0.0034	3413.02	4361728.33	0.08809
557	4	53	1	2112	0	0	353	0	139378.99	125005	111626	390.76	15398.17	-0.0034	3413.02	4361728.33	0.108581
558	4	55	1	2112	38	14	0	0	139378.99	125005	111626	390.76	15398.17	-0.0034	3413.02	4361728.33	0.069688
559	4	59	1	2112	0	0	121	48.13	139378.99	125005	111626	390.76	15398.17	-0.0034	3413.02	4361728.33	0.078869
560	4	60	1	2112	16	4	0	0	139378.99	125005	111626	390.76	15398.17	-0.0034	3413.02	4361728.33	0.065802
561	4	61	1	2138	28	10	35	0	139378.99	112328	112118	368.81	18511.83	0.0132	3235.42	3892275	0.106784
562	4	67	1	2138	0	0	0	45.48	139378.99	112328	112118	368.81	18511.83	0.0132	3235.42	3892275	0.097461
563	4	68	1	2138	0	0	159	0	139378.99	112328	112118	368.81	18511.83	0.0132	3235.42	3892275	0.118942
564	4	72	1	2138	0	0	0	83.95	139378.99	112328	112118	368.81	18511.83	0.0132	3235.42	3892275	0.097461
565	5	50	1	3759	0	0	135	0	139378.99	119143	285797	902.28	19143.83	0.0331	2861.87	5626474.17	0.098853
566	5	51	1	3759	0	0	348	0	139378.99	119143	285797	902.28	19143.83	0.0331	2861.87	5626474.17	0.131385
567	5	56	1	3759	0	0	52	0	139378.99	119143	285797	902.28	19143.83	0.0331	2861.87	5626474.17	0.086176
568	5	57	1	3759	0	0	0	13.16	139378.99	119143	285797	902.28	19143.83	0.0331	2861.87	5626474.17	0.078234
569	5	58	1	3759	0	0	157	88.4	139378.99	119143	285797	902.28	19143.83	0.0331	2861.87	5626474.17	0.102213
570	5	59	1	3759	0	0	0	208.85	139378.99	119143	285797	902.28	19143.83	0.0331	2861.87	5626474.17	0.078234
571	5	61	1	3781	0	0	0	0	139378.99	103900	286083	992.64	10295.75	0.0211	3093.81	3055991.67	0.124727
572	5	62	1	3781	0	0	15	0	139378.99	103900	286083	992.64	10295.75	0.0211	3093.81	3055991.67	0.126847
573	5	63	1	3781	0	0	110	0	139378.99	103900	286083	992.64	10295.75	0.0211	3093.81	3055991.67	0.140268
574	5	64	1	3781	0	0	139	0	139378.99	103900	286083	992.64	10295.75	0.0211	3093.81	3055991.67	0.144365
575	5	65	1	3781	0	0	0	98.02	139378.99	103900	286083	992.64	10295.75	0.0211	3093.81	3055991.67	0.124727
576	5	72	1	3781	0	0	283	145.34	139378.99	103900	286083	992.64	10295.75	0.0211	3093.81	3055991.67	0.16471
577	6	49	1	10684	0	0	0	0	163110.14	109127	2684	2493.14	8721.25	-0.0192	8948.38	1843202.5	0.166231
578	6	50	1	10684	0	0	60	0	163133.33	109127	2684	2493.14	8721.25	-0.0192	8948.38	1843202.5	0.16922
579	6	51	1	10684	0	0	142	0	163715.08	109127	2684	2493.14	8721.25	-0.0192	8948.38	1843202.5	0.174669
580	6	52	1	10684	0	0	101	0	162831.82	109127	2684	2493.14	8721.25	-0.0192	8948.38	1843202.5	0.170474
581	6	53	1	10684	0	0	0	0	163189.13	109127	2684	2493.14	8721.25	-0.0192	8948.38	1843202.5	0.166427
582	6	54	1	10684	0	0	0	0	160683.33	109127	2684	2493.14	8721.25	-0.0192	8948.38	1843202.5	0.160207
583	6	55	1	10684	0	0	0	0	160511.59	109127	2684	2493.14	8721.25	-0.0192	8948.38	1843202.5	0.159781
584	6	56	1	10684	1	13	0	0	162826.52	109127	2684	2493.14	8721.25	-0.0192	8948.38	1843202.5	0.236234
585	6	57	1	10684	46	20	0	0	162569.05	109127	2684	2493.14	8721.25	-0.0192	8948.38	1843202.5	0.498221
586	6	58	1	10684	0	0	0	0	162662.32	109127	2684	2493.14	8721.25	-0.0192	8948.38	1843202.5	0.16512
587	6	59	1	10684	0	0	0	0	158903.17	109127	2684	2493.14	8721.25	-0.0192	8948.38	1843202.5	0.155788
588	6	60	1	10684	0	0	0	0	155324.24	109127	2684	2493.14	8721.25	-0.0192	8948.38	1843202.5	0.146904
589	6	61	1	10678	0	0	196	0	154255.07	94575	2764	2660.6	11527.42	0.0089	9829.37	2525207.5	0.211885
590	6	62	1	10678	41	14	0	0	147491.67	94575	2764	2660.6	11527.42	0.0089	9829.37	2525207.5	0.453534
591	6	63	1	10678	0	0	0	0	151157.94	94575	2764	2660.6	11527.42	0.0089	9829.37	2525207.5	0.194297
592	6	64	1	10678	12	15	116	99.04	146405.3	94575	2764	2660.6	11527.42	0.0089	9829.37	2525207.5	0.318259
593	6	65	1	10678	22	17	0	0	150772.73	94575	2764	2660.6	11527.42	0.0089	9829.37	2525207.5	0.384463
594	6	66	1	10678	0	0	0	0	151900	94575	2764	2660.6	11527.42	0.0089	9829.37	2525207.5	0.196423
595	6	67	1	10678	0	0	23	40.63	151781.16	94575	2764	2660.6	11527.42	0.0089	9829.37	2525207.5	0.197105
596	6	68	1	10678	0	0	0	0	150938.89	94575	2764	2660.6	11527.42	0.0089	9829.37	2525207.5	0.19367
597	6	69	1	10678	0	0	196	0	151197.73	94575	2764	2660.6	11527.42	0.0089	9829.37	2525207.5	0.203127
598	6	70	1	10678	0	0	137	0	153638.41	94575	2764	2660.6	11527.42	0.0089	9829.37	2525207.5	0.207495
599	6	71	1	10678	15	9	136	268.55	155483.33	94575	2764	2660.6	11527.42	0.0089	9829.37	2525207.5	0.330438
600	6	72	1	10678	0	0	0	0	156014.49	94575	2764	2660.6	11527.42	0.0089	9829.37	2525207.5	0.208208
601	7	50	1	1227	0	0	0	203.79	139378.99	105074	158436	213.84	13449.25	0.0318	1706.99	3475329.17	0.120667
602	7	53	1	1227	0	0	103	0	139378.99	105074	158436	213.84	13449.25	0.0318	1706.99	3475329.17	0.147041
603	7	59	1	1227	0	0	0	252.89	139378.99	105074	158436	213.84	13449.25	0.0318	1706.99	3475329.17	0.120667
604	7	62	1	1242	0	0	0	58.98	139378.99	113080	162935	256.72	14676	0.013	1988.61	4353647.5	0.095226
605	7	63	1	1242	38	5	70	0	139378.99	113080	162935	256.72	14676	0.013	1988.61	4353647.5	0.114189
606	7	64	1	1242	0	0	0	111.79	139378.99	113080	162935	256.72	14676	0.013	1988.61	4353647.5	0.095226
607	7	67	1	1242	41	11	0	0	139378.99	113080	162935	256.72	14676	0.013	1988.61	4353647.5	0.099552
608	7	70	1	1242	0	0	0	0	139378.99	113080	162935	256.72	14676	0.013	1988.61	4353647.5	0.095226
609	7	71	1	1242	0	0	61	95.34	139378.99	113080	162935	256.72	14676	0.013	1988.61	4353647.5	0.108634
610	7	72	1	1242	0	0	38	0	139378.99	113080	162935	256.72	14676	0.013	1988.61	4353647.5	0.103578
611	8	53	1	3724	0	0	0	24.87	139378.99	127727	112906	943.49	4729.83	0.0204	3426.69	1411351.67	0.056936
612	8	54	1	3724	18	1	152	0	139378.99	127727	112906	943.49	4729.83	0.0204	3426.69	1411351.67	0.078606
613	8	55	1	3724	13	20	136	0	139378.99	127727	112906	943.49	4729.83	0.0204	3426.69	1411351.67	0.078246
614	8	58	1	3724	0	0	0	234.33	139378.99	127727	112906	943.49	4729.83	0.0204	3426.69	1411351.67	0.056936
615	8	59	1	3724	0	0	0	268.28	139378.99	127727	112906	943.49	4729.83	0.0204	3426.69	1411351.67	0.056936
616	8	61	1	3768	0	0	173	232.45	139378.99	123944	114060	609.24	4862	0.004	2151.62	1402913.33	0.101103
617	8	63	1	3768	32	21	0	0	139378.99	123944	114060	609.24	4862	0.004	2151.62	1402913.33	0.072258
618	8	65	1	3768	43	20	0	0	139378.99	123944	114060	609.24	4862	0.004	2151.62	1402913.33	0.073446
619	8	67	1	3768	0	0	0	0	139378.99	123944	114060	609.24	4862	0.004	2151.62	1402913.33	0.065959
620	8	68	1	3768	0	0	0	124.95	139378.99	123944	114060	609.24	4862	0.004	2151.62	1402913.33	0.065959
621	8	69	1	3768	0	0	0	144.83	139378.99	123944	114060	609.24	4862	0.004	2151.62	1402913.33	0.065959
622	9	49	1	50345	0	0	0	0	157215.94	94484	309752	13593.2	7806.92	-0.0152	6197.67	2122480	0.212083
623	9	50	1	50345	0	0	38	56.85	157733.33	94484	309752	13593.2	7806.92	-0.0152	6197.67	2122480	0.216247
624	9	51	1	50345	0	0	0	0	157733.33	94484	309752	13593.2	7806.92	-0.0152	6197.67	2122480	0.213567
625	9	52	1	50345	0	0	0	0	157844.7	94484	309752	13593.2	7806.92	-0.0152	6197.67	2122480	0.213886
626	9	53	1	50345	0	0	0	0	158335.51	94484	309752	13593.2	7806.92	-0.0152	6197.67	2122480	0.215293
627	9	54	1	50345	0	0	0	0	155119.17	94484	309752	13593.2	7806.92	-0.0152	6197.67	2122480	0.206072
628	9	55	1	50345	0	0	0	67.13	154644.2	94484	309752	13593.2	7806.92	-0.0152	6197.67	2122480	0.20471
629	9	56	1	50345	0	0	0	0	153915.15	94484	309752	13593.2	7806.92	-0.0152	6197.67	2122480	0.20262
630	9	57	1	50345	0	0	0	0	156516.67	94484	309752	13593.2	7806.92	-0.0152	6197.67	2122480	0.210079
631	9	58	1	50345	0	0	0	0	155588.41	94484	309752	13593.2	7806.92	-0.0152	6197.67	2122480	0.207417
632	9	59	1	50345	0	0	0	0	156264.29	94484	309752	13593.2	7806.92	-0.0152	6197.67	2122480	0.209355
633	9	60	1	50345	0	0	15	0	156483.33	94484	309752	13593.2	7806.92	-0.0152	6197.67	2122480	0.211041
634	9	61	1	50759	0	0	0	0	155617.39	91897	325465	10109.5	17740.17	0.0398	4827.07	4672312.5	0.22006
635	9	62	1	50759	27	9	192	0	153951.67	91897	325465	10109.5	17740.17	0.0398	4827.07	4672312.5	0.234035
636	9	63	1	50759	0	0	0	0	158318.25	91897	325465	10109.5	17740.17	0.0398	4827.07	4672312.5	0.228022
637	9	64	1	50759	0	0	225	0	159112.12	91897	325465	10109.5	17740.17	0.0398	4827.07	4672312.5	0.250736
638	9	65	1	50759	0	0	0	0	158816.67	91897	325465	10109.5	17740.17	0.0398	4827.07	4672312.5	0.229491
639	9	66	1	50759	28	0	49	0	158229.37	91897	325465	10109.5	17740.17	0.0398	4827.07	4672312.5	0.233363
640	9	67	1	50759	0	0	174	0	157900	91897	325465	10109.5	17740.17	0.0398	4827.07	4672312.5	0.242545
641	9	68	1	50759	0	0	0	0	156400	91897	325465	10109.5	17740.17	0.0398	4827.07	4672312.5	0.222367
642	9	69	1	50759	0	0	0	0	155990.91	91897	325465	10109.5	17740.17	0.0398	4827.07	4672312.5	0.221162
643	9	70	1	50759	0	0	0	0	156066.67	91897	325465	10109.5	17740.17	0.0398	4827.07	4672312.5	0.221385
644	9	71	1	50759	46	11	0	0	156066.67	91897	325465	10109.5	17740.17	0.0398	4827.07	4672312.5	0.223759
645	9	72	1	50759	0	0	0	0	157074.64	91897	325465	10109.5	17740.17	0.0398	4827.07	4672312.5	0.224356
646	10	49	1	37892	0	0	0	55.74	143497.83	92583	1284673	10041.46	6098.17	0.0281	6690.21	1659267.5	0.1812
647	10	50	1	37892	39	16	0	99.25	140091.27	92583	1284673	10041.46	6098.17	0.0281	6690.21	1659267.5	0.171813
648	10	51	1	37892	0	0	0	0	140095.24	92583	1284673	10041.46	6098.17	0.0281	6690.21	1659267.5	0.171244
649	10	52	1	37892	0	0	0	0	148761.36	92583	1284673	10041.46	6098.17	0.0281	6690.21	1659267.5	0.196601
650	10	53	1	37892	0	0	0	0	145857.25	92583	1284673	10041.46	6098.17	0.0281	6690.21	1659267.5	0.188103
651	10	54	1	37892	0	0	0	0	145055	92583	1284673	10041.46	6098.17	0.0281	6690.21	1659267.5	0.185756
652	10	55	1	37892	0	0	0	0	141896.38	92583	1284673	10041.46	6098.17	0.0281	6690.21	1659267.5	0.176514
653	10	56	1	37892	0	0	49	0	142065.91	92583	1284673	10041.46	6098.17	0.0281	6690.21	1659267.5	0.180211
654	10	57	1	37892	45	36	106	0	143357.14	92583	1284673	10041.46	6098.17	0.0281	6690.21	1659267.5	0.188568
655	10	58	1	37892	25	0	0	0	142436.96	92583	1284673	10041.46	6098.17	0.0281	6690.21	1659267.5	0.178359
656	10	59	1	37892	0	0	55	0	145426.19	92583	1284673	10041.46	6098.17	0.0281	6690.21	1659267.5	0.190435
657	10	60	1	37892	0	0	0	0	142843.18	92583	1284673	10041.46	6098.17	0.0281	6690.21	1659267.5	0.179284
658	10	61	1	38233	0	0	0	0	144842.03	113976	1294570	9781.51	4424	0.0019	6294.2	1068618.33	0.105586
659	10	62	1	38233	0	0	0	186.97	143545.83	113976	1294570	9781.51	4424	0.0019	6294.2	1068618.33	0.102505
660	10	63	1	38233	0	0	96	0	146036.51	113976	1294570	9781.51	4424	0.0019	6294.2	1068618.33	0.115091
661	10	64	1	38233	0	0	0	0	146340.15	113976	1294570	9781.51	4424	0.0019	6294.2	1068618.33	0.109146
662	10	65	1	38233	0	0	0	0	145125.76	113976	1294570	9781.51	4424	0.0019	6294.2	1068618.33	0.10626
663	10	66	1	38233	0	0	0	0	146061.9	113976	1294570	9781.51	4424	0.0019	6294.2	1068618.33	0.108485
664	10	67	1	38233	0	0	0	0	138450	113976	1294570	9781.51	4424	0.0019	6294.2	1068618.33	0.090393
665	10	68	1	38233	0	0	170	0	143869.84	113976	1294570	9781.51	4424	0.0019	6294.2	1068618.33	0.11508
666	10	69	1	38233	0	0	174	0	142066.67	113976	1294570	9781.51	4424	0.0019	6294.2	1068618.33	0.111072
667	10	70	1	38233	0	0	0	0	143530.43	113976	1294570	9781.51	4424	0.0019	6294.2	1068618.33	0.102468
668	10	71	1	38233	0	0	59	0	142919.17	113976	1294570	9781.51	4424	0.0019	6294.2	1068618.33	0.105113
669	10	72	1	38233	0	0	0	0	142396.38	113976	1294570	9781.51	4424	0.0019	6294.2	1068618.33	0.099773
670	11	49	1	41814	0	0	0	0	136283.33	124770	3617392	7491.76	6256.33	0.034	4238.97	1647340.83	0.057221
671	11	50	1	41814	0	0	0	0	136283.33	124770	3617392	7491.76	6256.33	0.034	4238.97	1647340.83	0.057221
672	11	51	1	41814	0	0	0	0	136619.05	124770	3617392	7491.76	6256.33	0.034	4238.97	1647340.83	0.05795
673	11	52	1	41814	0	0	0	0	138536.36	124770	3617392	7491.76	6256.33	0.034	4238.97	1647340.83	0.062113
674	11	53	1	41814	0	0	0	0	136011.59	124770	3617392	7491.76	6256.33	0.034	4238.97	1647340.83	0.056631
675	11	54	1	41814	0	0	170	0	133675	124770	3617392	7491.76	6256.33	0.034	4238.97	1647340.83	0.069087
676	11	55	1	41814	41	10	0	78.87	132633.33	124770	3617392	7491.76	6256.33	0.034	4238.97	1647340.83	0.049487
677	11	56	1	41814	0	0	48	0	130019.7	124770	3617392	7491.76	6256.33	0.034	4238.97	1647340.83	0.048571
678	11	57	1	41814	0	0	0	260.4	133929.37	124770	3617392	7491.76	6256.33	0.034	4238.97	1647340.83	0.05211
679	11	58	1	41814	0	0	0	0	137367.39	124770	3617392	7491.76	6256.33	0.034	4238.97	1647340.83	0.059575
680	11	59	1	41814	0	0	160	0	137945.24	124770	3617392	7491.76	6256.33	0.034	4238.97	1647340.83	0.077327
681	11	60	1	41814	0	0	176	0	138419.7	124770	3617392	7491.76	6256.33	0.034	4238.97	1647340.83	0.080007
682	11	61	1	42089	0	0	0	0	136218.84	104974	3671400	6769.36	20655.25	-0.014	3628.57	5719361.67	0.112854
683	11	62	1	42089	9	18	0	0	130636.67	104974	3671400	6769.36	20655.25	-0.014	3628.57	5719361.67	0.098549
684	11	63	1	42089	0	0	57	0	138793.65	104974	3671400	6769.36	20655.25	-0.014	3628.57	5719361.67	0.126365
685	11	64	1	42089	0	0	0	0	138940.91	104974	3671400	6769.36	20655.25	-0.014	3628.57	5719361.67	0.119879
686	11	65	1	42089	0	0	0	227.91	138361.36	104974	3671400	6769.36	20655.25	-0.014	3628.57	5719361.67	0.118383
687	11	66	1	42089	0	0	192	0	137220.63	104974	3671400	6769.36	20655.25	-0.014	3628.57	5719361.67	0.138568
688	11	67	1	42089	0	0	166	0	136460.87	104974	3671400	6769.36	20655.25	-0.014	3628.57	5719361.67	0.133475
689	11	68	1	42089	0	0	0	106.48	135679.37	104974	3671400	6769.36	20655.25	-0.014	3628.57	5719361.67	0.111462
690	11	69	1	42089	0	0	0	0	135725	104974	3671400	6769.36	20655.25	-0.014	3628.57	5719361.67	0.11158
691	11	70	1	42089	0	0	0	0	138600	104974	3671400	6769.36	20655.25	-0.014	3628.57	5719361.67	0.118999
692	11	71	1	42089	0	0	0	0	138983.33	104974	3671400	6769.36	20655.25	-0.014	3628.57	5719361.67	0.119988
693	11	72	1	42089	9	13	0	0	140190.58	104974	3671400	6769.36	20655.25	-0.014	3628.57	5719361.67	0.123185
694	12	53	1	5695	0	0	49	0	139378.99	105802	100042	1048.92	7390.67	0.0132	4929.01	1754028.33	0.12254
695	12	58	1	5695	0	0	0	212.24	139378.99	105802	100042	1048.92	7390.67	0.0132	4929.01	1754028.33	0.118195
696	12	59	1	5695	0	0	0	149.2	139378.99	105802	100042	1048.92	7390.67	0.0132	4929.01	1754028.33	0.118195
697	12	62	1	5766	0	0	163	0	139378.99	101945	102616	1167.62	1561.92	0	5349.07	339730.83	0.145016
698	12	64	1	5766	0	0	129	0	139378.99	101945	102616	1167.62	1561.92	0	5349.07	339730.83	0.142237
699	12	66	1	5766	0	0	173	0	139378.99	101945	102616	1167.62	1561.92	0	5349.07	339730.83	0.145833
700	12	67	1	5766	0	0	134	0	139378.99	101945	102616	1167.62	1561.92	0	5349.07	339730.83	0.142646
701	12	69	1	5766	0	0	303	0	139378.99	101945	102616	1167.62	1561.92	0	5349.07	339730.83	0.156456
702	12	70	1	5766	0	0	113	0	139378.99	101945	102616	1167.62	1561.92	0	5349.07	339730.83	0.14093
703	12	71	1	5766	0	0	20	192.55	139378.99	101945	102616	1167.62	1561.92	0	5349.07	339730.83	0.133331
704	13	53	1	4273	0	0	89	57.79	139378.99	128521	112376	1160.94	3739.25	0.0145	5952.55	1002160	0.061645
705	13	54	1	4273	11	2	0	0	139378.99	128521	112376	1160.94	3739.25	0.0145	5952.55	1002160	0.056678
706	13	56	1	4273	0	0	161	0	139378.99	128521	112376	1160.94	3739.25	0.0145	5952.55	1002160	0.066932
707	13	63	1	4323	0	0	0	56.56	139378.99	124006	116491	1214.13	25175.25	0.0102	6127.32	5800690.83	0.065807
708	13	64	1	4323	0	0	0	0	139378.99	124006	116491	1214.13	25175.25	0.0102	6127.32	5800690.83	0.065807
709	13	65	1	4323	0	0	149	0	139378.99	124006	116491	1214.13	25175.25	0.0102	6127.32	5800690.83	0.076436
710	13	66	1	4323	45	5	0	0	139378.99	124006	116491	1214.13	25175.25	0.0102	6127.32	5800690.83	0.071625
711	13	67	1	4323	44	2	0	280.83	139378.99	124006	116491	1214.13	25175.25	0.0102	6127.32	5800690.83	0.07116
712	13	68	1	4323	11	18	0	0	139378.99	124006	116491	1214.13	25175.25	0.0102	6127.32	5800690.83	0.069181
713	13	69	1	4323	0	0	0	0	139378.99	124006	116491	1214.13	25175.25	0.0102	6127.32	5800690.83	0.065807
714	13	71	1	4323	41	14	136	0	139378.99	124006	116491	1214.13	25175.25	0.0102	6127.32	5800690.83	0.081908
715	13	72	1	4323	0	0	172	296.36	139378.99	124006	116491	1214.13	25175.25	0.0102	6127.32	5800690.83	0.078076
716	14	49	1	2809	0	0	108	0	139378.99	118716	73142	419.11	15350.08	-0.0166	4578.85	4112917.5	0.089684
717	14	53	1	2809	0	0	0	190.49	139378.99	118716	73142	419.11	15350.08	-0.0166	4578.85	4112917.5	0.079374
718	14	58	1	2809	2	6	0	263.41	139378.99	118716	73142	419.11	15350.08	-0.0166	4578.85	4112917.5	0.080857
719	14	60	1	2809	0	0	0	126.92	139378.99	118716	73142	419.11	15350.08	-0.0166	4578.85	4112917.5	0.079374
720	14	70	1	2845	0	0	0	229.39999999999998	139378.99	95038	74311	531.07	11406.58	0.0187	5935.64	2456337.5	0.158613
721	14	71	1	2845	60	9	0	0	139378.99	95038	74311	531.07	11406.58	0.0187	5935.64	2456337.5	0.1712
722	14	72	1	2845	45	2	0	0	139378.99	95038	74311	531.07	11406.58	0.0187	5935.64	2456337.5	0.167187
723	15	49	1	4045	0	0	0	75.49	139378.99	111458	71949	1089.02	2466	-0.0051	11546.73	644951.67	0.100085
724	15	50	1	4045	0	0	68	0	139378.99	111458	71949	1089.02	2466	-0.0051	11546.73	644951.67	0.102659
725	15	52	1	4045	0	0	101	153.46	139378.99	111458	71949	1089.02	2466	-0.0051	11546.73	644951.67	0.103908
726	15	53	1	4045	0	0	165	0	139378.99	111458	71949	1089.02	2466	-0.0051	11546.73	644951.67	0.106331
727	15	60	1	4045	0	0	93	0	139378.99	111458	71949	1089.02	2466	-0.0051	11546.73	644951.67	0.103606
728	15	63	1	4267	0	0	11	0	139378.99	104099	74879	892.64	12818.42	-0.0104	8925.04	2593391.67	0.124571
729	15	64	1	4267	0	0	0	213.85	139378.99	104099	74879	892.64	12818.42	-0.0104	8925.04	2593391.67	0.124033
730	15	66	1	4267	4	15	0	0	139378.99	104099	74879	892.64	12818.42	-0.0104	8925.04	2593391.67	0.127472
731	15	67	1	4267	0	0	58	0	139378.99	104099	74879	892.64	12818.42	-0.0104	8925.04	2593391.67	0.126873
732	15	68	1	4267	36	4	166	0	139378.99	104099	74879	892.64	12818.42	-0.0104	8925.04	2593391.67	0.139404
733	15	72	1	4267	29	11	336	26.4	139378.99	104099	74879	892.64	12818.42	-0.0104	8925.04	2593391.67	0.147729
734	16	50	1	739	0	0	114	0	139378.99	91746	18701	143.64	13793.75	0.0094	6607.24	3215653.33	0.18041
735	16	51	1	739	0	0	78	0	139378.99	91746	18701	143.64	13793.75	0.0094	6607.24	3215653.33	0.178029
736	16	54	1	739	0	0	144	0	139378.99	91746	18701	143.64	13793.75	0.0094	6607.24	3215653.33	0.182395
737	16	56	1	739	0	0	87	0	139378.99	91746	18701	143.64	13793.75	0.0094	6607.24	3215653.33	0.178624
738	16	57	1	739	12	6	62	286.91	139378.99	91746	18701	143.64	13793.75	0.0094	6607.24	3215653.33	0.190018
739	16	58	1	739	0	0	118	257.17	139378.99	91746	18701	143.64	13793.75	0.0094	6607.24	3215653.33	0.180675
740	16	60	1	739	0	0	316	0	139378.99	91746	18701	143.64	13793.75	0.0094	6607.24	3215653.33	0.193773
741	16	62	1	749	0	0	0	215.18	139378.99	114916	19459	172.36	19918.58	0.027	7963.06	5146012.5	0.089891
742	16	63	1	749	22	10	0	0	139378.99	114916	19459	172.36	19918.58	0.027	7963.06	5146012.5	0.112183
743	16	64	1	749	0	0	56	279.34	139378.99	114916	19459	172.36	19918.58	0.027	7963.06	5146012.5	0.092965
744	16	65	1	749	1	18	0	0	139378.99	114916	19459	172.36	19918.58	0.027	7963.06	5146012.5	0.103127
745	16	66	1	749	76	31	150	0	139378.99	114916	19459	172.36	19918.58	0.027	7963.06	5146012.5	0.172663
746	16	68	1	749	0	0	0	154.92	139378.99	114916	19459	172.36	19918.58	0.027	7963.06	5146012.5	0.089891
747	16	69	1	749	0	0	191	0	139378.99	114916	19459	172.36	19918.58	0.027	7963.06	5146012.5	0.100375
748	16	70	1	749	4	8	0	0	139378.99	114916	19459	172.36	19918.58	0.027	7963.06	5146012.5	0.098251
749	17	49	1	2183	0	0	150	0	139378.99	125141	16076	400.27	970	-0.0063	4169.08	200734.17	0.078771
750	17	53	1	2183	0	0	141	0	139378.99	125141	16076	400.27	970	-0.0063	4169.08	200734.17	0.077828
751	17	54	1	2183	37	0	0	0	139378.99	125141	16076	400.27	970	-0.0063	4169.08	200734.17	0.094244
752	17	56	1	2183	13	8	0	52.15	139378.99	125141	16076	400.27	970	-0.0063	4169.08	200734.17	0.080753
753	17	59	1	2183	0	0	0	60.3	139378.99	125141	16076	400.27	970	-0.0063	4169.08	200734.17	0.063045
754	17	62	1	2213	37	19	0	0	139378.99	129728	16408	546	5947.42	0.0382	5860.5	1253955	0.098641
755	17	63	1	2213	0	0	71	0	139378.99	129728	16408	546	5947.42	0.0382	5860.5	1253955	0.057672
756	17	64	1	2213	10	18	0	0	139378.99	129728	16408	546	5947.42	0.0382	5860.5	1253955	0.075509
757	17	67	1	2213	0	0	97	0	139378.99	129728	16408	546	5947.42	0.0382	5860.5	1253955	0.059611
758	17	69	1	2213	0	0	0	142.25	139378.99	129728	16408	546	5947.42	0.0382	5860.5	1253955	0.052377
759	17	72	1	2213	29	2	0	0	139378.99	129728	16408	546	5947.42	0.0382	5860.5	1253955	0.077988
760	18	49	1	9419	0	0	0	546.38	139378.99	98149	878393	2072.31	5242	-0.0111	7083.66	1209650	0.146021
761	18	51	1	9419	0	0	83	0	139378.99	98149	878393	2072.31	5242	-0.0111	7083.66	1209650	0.151142
762	18	53	1	9419	45	12	0	0	139378.99	98149	878393	2072.31	5242	-0.0111	7083.66	1209650	0.1469
763	18	54	1	9419	17	2	0	0	139378.99	98149	878393	2072.31	5242	-0.0111	7083.66	1209650	0.146314
764	18	56	1	9419	0	0	369	0	139378.99	98149	878393	2072.31	5242	-0.0111	7083.66	1209650	0.16879
765	18	57	1	9419	0	0	195	0	139378.99	98149	878393	2072.31	5242	-0.0111	7083.66	1209650	0.158053
766	18	59	1	9419	0	0	0	236.68	139378.99	98149	878393	2072.31	5242	-0.0111	7083.66	1209650	0.146021
767	18	65	1	9522	0	0	0	281.01	139378.99	95985	905322	1698.25	12442.33	0.0366	6019.03	2538062.5	0.154694
768	18	66	1	9522	0	0	41	141.72	139378.99	95985	905322	1698.25	12442.33	0.0366	6019.03	2538062.5	0.157671
769	18	67	1	9522	0	0	0	297.19	139378.99	95985	905322	1698.25	12442.33	0.0366	6019.03	2538062.5	0.154694
770	18	70	1	9522	0	0	112	0	139378.99	95985	905322	1698.25	12442.33	0.0366	6019.03	2538062.5	0.162827
771	18	72	1	9522	0	0	0	172.07	139378.99	95985	905322	1698.25	12442.33	0.0366	6019.03	2538062.5	0.154694
772	19	50	1	1945	0	0	114	0	139378.99	96769	71137	423.17	12734	0.0366	610.55	2657964.17	0.23312
773	19	51	1	1945	7	2	0	0	139378.99	96769	71137	423.17	12734	0.0366	610.55	2657964.17	0.153222
774	19	52	1	1945	0	0	87	196.2	139378.99	96769	71137	423.17	12734	0.0366	610.55	2657964.17	0.213791
775	19	53	1	1945	0	0	0	287.16	139378.99	96769	71137	423.17	12734	0.0366	610.55	2657964.17	0.151507
776	19	54	1	1945	0	0	186	0	139378.99	96769	71137	423.17	12734	0.0366	610.55	2657964.17	0.284665
777	19	55	1	1945	0	0	50	36.94	139378.99	96769	71137	423.17	12734	0.0366	610.55	2657964.17	0.187302
778	19	56	1	1945	0	0	217	97.8	139378.99	96769	71137	423.17	12734	0.0366	610.55	2657964.17	0.306858
779	19	57	1	1945	0	0	77	225.41	139378.99	96769	71137	423.17	12734	0.0366	610.55	2657964.17	0.206631
780	19	63	1	1970	0	0	113	0	139378.99	105908	98536	484.44	23138.83	0.0158	676.24	5585275	0.190876
781	19	64	1	1970	0	0	0	258.54	139378.99	105908	98536	484.44	23138.83	0.0158	676.24	5585275	0.117837
782	19	68	1	1970	0	0	115	0	139378.99	105908	98536	484.44	23138.83	0.0158	676.24	5585275	0.192169
783	19	71	1	1970	27	2	0	273.62	139378.99	105908	98536	484.44	23138.83	0.0158	676.24	5585275	0.121827
784	19	72	1	1970	0	0	137	0	139378.99	105908	98536	484.44	23138.83	0.0158	676.24	5585275	0.206389
785	20	49	1	1355	30	8	0	12.33	139378.99	122722	44366	349.07	11163.17	0.0372	3171.58	3006056.67	0.080603
786	20	51	1	1355	0	0	30	36.11	139378.99	122722	44366	349.07	11163.17	0.0372	3171.58	3006056.67	0.073127
787	20	54	1	1355	0	0	33	0	139378.99	122722	44366	349.07	11163.17	0.0372	3171.58	3006056.67	0.07354
788	20	55	1	1355	35	5	0	234.38	139378.99	122722	44366	349.07	11163.17	0.0372	3171.58	3006056.67	0.081214
789	20	61	1	1373	3	14	0	0	139378.99	117413	46590	263.31	20427.58	0.0195	2320.44	3093219.67	0.08785
790	20	64	1	1373	0	0	55	0	139378.99	117413	46590	263.31	20427.58	0.0195	2320.44	3093219.67	0.093264
791	20	65	1	1373	0	0	0	177.72	139378.99	117413	46590	263.31	20427.58	0.0195	2320.44	3093219.67	0.082904
792	20	67	1	1373	0	0	75	0	139378.99	117413	46590	263.31	20427.58	0.0195	2320.44	3093219.67	0.097031
793	20	69	1	1373	0	0	145	171.82	139378.99	117413	46590	263.31	20427.58	0.0195	2320.44	3093219.67	0.110217
794	20	70	1	1373	0	0	0	241.53	139378.99	117413	46590	263.31	20427.58	0.0195	2320.44	3093219.67	0.082904
795	20	71	1	1373	10	7	0	0	139378.99	117413	46590	263.31	20427.58	0.0195	2320.44	3093219.67	0.08785
796	20	72	1	1373	0	0	54	129.91	139378.99	117413	46590	263.31	20427.58	0.0195	2320.44	3093219.67	0.093076
797	21	49	1	5646	0	0	0	0	134708.7	129498	1308204	1345.63	9944.17	0.0045	7331.93	2054377.5	0.043124
798	21	50	1	5646	0	0	0	0	134507.14	129498	1308204	1345.63	9944.17	0.0045	7331.93	2054377.5	0.042702
799	21	51	1	5646	43	0	0	0	134488.89	129498	1308204	1345.63	9944.17	0.0045	7331.93	2054377.5	0.04311
800	21	52	1	5646	0	0	0	0	134894.7	129498	1308204	1345.63	9944.17	0.0045	7331.93	2054377.5	0.043513
801	21	53	1	5646	0	0	0	0	135338.41	129498	1308204	1345.63	9944.17	0.0045	7331.93	2054377.5	0.044441
802	21	54	1	5646	40	2	13	0	134639.17	129498	1308204	1345.63	9944.17	0.0045	7331.93	2054377.5	0.044189
803	21	55	1	5646	0	0	103	0	134012.32	129498	1308204	1345.63	9944.17	0.0045	7331.93	2054377.5	0.047808
804	21	56	1	5646	0	0	267	0	134010.61	129498	1308204	1345.63	9944.17	0.0045	7331.93	2054377.5	0.057581
805	21	57	1	5646	0	0	0	0	135968.25	129498	1308204	1345.63	9944.17	0.0045	7331.93	2054377.5	0.045759
806	21	58	1	5646	0	0	0	0	135987.68	129498	1308204	1345.63	9944.17	0.0045	7331.93	2054377.5	0.045799
807	21	59	1	5646	0	0	0	0	135192.86	129498	1308204	1345.63	9944.17	0.0045	7331.93	2054377.5	0.044137
808	21	60	1	5646	9	2	175	0	136133.33	129498	1308204	1345.63	9944.17	0.0045	7331.93	2054377.5	0.056651
809	21	61	1	5731	0	0	0	184.87	134328.99	114686	1340130	1614.26	11125.75	-0.0115	8526.99	2661232.5	0.078622
810	21	62	1	5731	0	0	0	0	133672.5	114686	1340130	1614.26	11125.75	-0.0115	8526.99	2661232.5	0.077071
811	21	63	1	5731	0	0	0	0	125902.38	114686	1340130	1614.26	11125.75	-0.0115	8526.99	2661232.5	0.058718
812	21	64	1	5731	0	0	0	228.93	128943.94	114686	1340130	1614.26	11125.75	-0.0115	8526.99	2661232.5	0.065902
813	21	65	1	5731	27	5	172	17.9	128921.97	114686	1340130	1614.26	11125.75	-0.0115	8526.99	2661232.5	0.074991
814	21	66	1	5731	0	0	0	0	127034.13	114686	1340130	1614.26	11125.75	-0.0115	8526.99	2661232.5	0.061391
815	21	67	1	5731	0	0	0	0	118804.35	114686	1340130	1614.26	11125.75	-0.0115	8526.99	2661232.5	0.041952
816	21	68	1	5731	0	0	18	0	119333.33	114686	1340130	1614.26	11125.75	-0.0115	8526.99	2661232.5	0.044124
817	21	69	1	5731	0	0	0	165.78	123176.52	114686	1340130	1614.26	11125.75	-0.0115	8526.99	2661232.5	0.052279
818	21	70	1	5731	0	0	64	0	125936.23	114686	1340130	1614.26	11125.75	-0.0115	8526.99	2661232.5	0.062078
819	21	71	1	5731	0	0	0	0	138345.83	114686	1340130	1614.26	11125.75	-0.0115	8526.99	2661232.5	0.08811
820	21	72	1	5731	0	0	0	283.83	142560.87	114686	1340130	1614.26	11125.75	-0.0115	8526.99	2661232.5	0.098066
821	22	49	1	5656	27	12	0	0	121053.62	98170	609414	1376.29	2859.67	0.0281	11632.3	678087.5	0.096238
822	22	50	1	5656	6	20	0	0	121077.78	98170	609414	1376.29	2859.67	0.0281	11632.3	678087.5	0.096015
823	22	51	1	5656	0	0	125	0	118926.98	98170	609414	1376.29	2859.67	0.0281	11632.3	678087.5	0.094199
824	22	52	1	5656	0	0	0	0	116570.45	98170	609414	1376.29	2859.67	0.0281	11632.3	678087.5	0.082999
825	22	53	1	5656	0	0	0	0	116883.33	98170	609414	1376.29	2859.67	0.0281	11632.3	678087.5	0.083862
826	22	54	1	5656	0	0	0	0	108346.67	98170	609414	1376.29	2859.67	0.0281	11632.3	678087.5	0.060306
827	22	55	1	5656	2	15	0	176.88	103750	98170	609414	1376.29	2859.67	0.0281	11632.3	678087.5	0.048
828	22	56	1	5656	0	0	0	0	103219.7	98170	609414	1376.29	2859.67	0.0281	11632.3	678087.5	0.046158
829	22	57	1	5656	0	0	0	0	115746.83	98170	609414	1376.29	2859.67	0.0281	11632.3	678087.5	0.080726
830	22	58	1	5656	43	20	0	0	110134.06	98170	609414	1376.29	2859.67	0.0281	11632.3	678087.5	0.066639
831	22	59	1	5656	0	0	0	0	110426.19	98170	609414	1376.29	2859.67	0.0281	11632.3	678087.5	0.066044
832	22	60	1	5656	0	0	0	0	110084.85	98170	609414	1376.29	2859.67	0.0281	11632.3	678087.5	0.065102
833	22	61	1	5742	9	1	0	248.46	110494.93	117190	622276	1564.86	15104.33	0.007	12759.23	4396123.33	0.016965
834	22	62	1	5742	0	0	193	0	109556.67	117190	622276	1564.86	15104.33	0.007	12759.23	4396123.33	0.02119
835	22	63	1	5742	0	0	35	218.12	113202.38	117190	622276	1564.86	15104.33	0.007	12759.23	4396123.33	0.024205
836	22	64	1	5742	0	0	0	0	109562.12	117190	622276	1564.86	15104.33	0.007	12759.23	4396123.33	0.014591
837	22	65	1	5742	0	0	0	461.85	111216.67	117190	622276	1564.86	15104.33	0.007	12759.23	4396123.33	0.018416
838	22	66	1	5742	0	0	0	143.8	115915.08	117190	622276	1564.86	15104.33	0.007	12759.23	4396123.33	0.029277
839	22	67	1	5742	0	0	0	0	111216.67	117190	622276	1564.86	15104.33	0.007	12759.23	4396123.33	0.018416
840	22	68	1	5742	0	0	157	0	111216.67	117190	622276	1564.86	15104.33	0.007	12759.23	4396123.33	0.023794
841	22	69	1	5742	0	0	0	0	111216.67	117190	622276	1564.86	15104.33	0.007	12759.23	4396123.33	0.018416
842	22	70	1	5742	0	0	29	0	108329.71	117190	622276	1564.86	15104.33	0.007	12759.23	4396123.33	0.012736
843	22	71	1	5742	0	0	0	0	103250	117190	622276	1564.86	15104.33	0.007	12759.23	4396123.33	0
844	22	72	1	5742	0	0	0	0	104583.33	117190	622276	1564.86	15104.33	0.007	12759.23	4396123.33	0.003082
845	23	50	1	1060	0	0	0	271.57	139378.99	102931	37874	208.58	9138.33	-0.0001	9357.62	1996225	0.128149
846	23	51	1	1060	0	0	229	0	139378.99	102931	37874	208.58	9138.33	-0.0001	9357.62	1996225	0.138845
847	23	52	1	1060	0	0	0	245.46	139378.99	102931	37874	208.58	9138.33	-0.0001	9357.62	1996225	0.128149
848	23	53	1	1060	0	0	16	0	139378.99	102931	37874	208.58	9138.33	-0.0001	9357.62	1996225	0.128896
849	23	54	1	1060	57	18	193	0	139378.99	102931	37874	208.58	9138.33	-0.0001	9357.62	1996225	0.164007
850	23	55	1	1060	8	2	0	136.01	139378.99	102931	37874	208.58	9138.33	-0.0001	9357.62	1996225	0.131728
851	23	56	1	1060	0	0	195	0	139378.99	102931	37874	208.58	9138.33	-0.0001	9357.62	1996225	0.137257
852	23	58	1	1060	0	0	22	0	139378.99	102931	37874	208.58	9138.33	-0.0001	9357.62	1996225	0.129176
853	23	64	1	1073	4	5	0	0	139378.99	111363	38500	289.87	6146.92	0.0223	13134.7	1267840.83	0.103543
854	23	66	1	1073	0	0	173	0	139378.99	111363	38500	289.87	6146.92	0.0223	13134.7	1267840.83	0.106131
855	23	68	1	1073	0	0	75	0	139378.99	111363	38500	289.87	6146.92	0.0223	13134.7	1267840.83	0.10287
856	23	71	1	1073	0	0	42	0	139378.99	111363	38500	289.87	6146.92	0.0223	13134.7	1267840.83	0.101772
857	24	49	1	578	0	0	0	123.02	139378.99	125593	18551	127.8	19907.58	-0.0027	7344.62	4967565.83	0.061959
858	24	51	1	578	0	0	0	236.58	139378.99	125593	18551	127.8	19907.58	-0.0027	7344.62	4967565.83	0.061959
859	24	52	1	578	41	4	0	0	139378.99	125593	18551	127.8	19907.58	-0.0027	7344.62	4967565.83	0.094842
860	24	53	1	578	7	16	0	0	139378.99	125593	18551	127.8	19907.58	-0.0027	7344.62	4967565.83	0.078766
861	24	58	1	578	0	0	0	10.41	139378.99	125593	18551	127.8	19907.58	-0.0027	7344.62	4967565.83	0.061959
862	24	59	1	578	24	19	0	0	139378.99	125593	18551	127.8	19907.58	-0.0027	7344.62	4967565.83	0.09338
863	24	62	1	587	40	10	181	0	139378.99	92112	18865	97.93	9365.67	0.0256	5700.41	2562435.83	0.22104
864	24	64	1	587	46	17	0	192.99	139378.99	92112	18865	97.93	9365.67	0.0256	5700.41	2562435.83	0.216502
865	24	66	1	587	0	0	133	0	139378.99	92112	18865	97.93	9365.67	0.0256	5700.41	2562435.83	0.181432
866	24	67	1	587	13	7	0	0	139378.99	92112	18865	97.93	9365.67	0.0256	5700.41	2562435.83	0.185605
867	24	68	1	587	0	0	49	262.78	139378.99	92112	18865	97.93	9365.67	0.0256	5700.41	2562435.83	0.174991
868	24	72	1	587	0	0	180	0	139378.99	92112	18865	97.93	9365.67	0.0256	5700.41	2562435.83	0.185035
869	25	49	1	627	0	0	148	0	139378.99	105897	29494	137.44	18804.25	-0.0031	4049.98	3775835.83	0.133847
870	25	50	1	627	0	0	14	241.76	139378.99	105897	29494	137.44	18804.25	-0.0031	4049.98	3775835.83	0.119385
871	25	51	1	627	0	0	0	96.18	139378.99	105897	29494	137.44	18804.25	-0.0031	4049.98	3775835.83	0.117874
872	25	52	1	627	26	16	0	0	139378.99	105897	29494	137.44	18804.25	-0.0031	4049.98	3775835.83	0.137178
873	25	55	1	627	0	0	67	0	139378.99	105897	29494	137.44	18804.25	-0.0031	4049.98	3775835.83	0.125105
874	25	58	1	627	0	0	113	0	139378.99	105897	29494	137.44	18804.25	-0.0031	4049.98	3775835.83	0.13007
875	25	62	1	636	50	17	0	0	139378.99	125490	23054	178.19	21524.92	0.0399	5397.3	6018310	0.101601
876	25	68	1	636	24	8	0	0	139378.99	125490	23054	178.19	21524.92	0.0399	5397.3	6018310	0.081022
877	25	70	1	636	0	0	73	0	139378.99	125490	23054	178.19	21524.92	0.0399	5397.3	6018310	0.068118
878	25	72	1	636	0	0	11	84.29	139378.99	125490	23054	178.19	21524.92	0.0399	5397.3	6018310	0.063097
879	26	50	1	1467	0	0	119	0	139378.99	97601	4543	243.28	18388	0.0181	7544.36	5430763.33	0.155075
880	26	53	1	1467	0	0	0	73.66	139378.99	97601	4543	243.28	18388	0.0181	7544.36	5430763.33	0.148181
881	26	56	1	1467	8	10	0	0	139378.99	97601	4543	243.28	18388	0.0181	7544.36	5430763.33	0.20189
882	26	66	1	1484	0	0	0	33.99	139378.99	106990	5062	421.96	12893.67	0.02	12951.9	3483223.33	0.114232
883	26	69	1	1484	26	10	0	0	139378.99	106990	5062	421.96	12893.67	0.02	12951.9	3483223.33	0.210637
884	27	51	1	542	0	0	96	0	139378.99	104275	17810	73.64	21461.58	-0.0199	843.69	5717674.17	0.173156
885	27	53	1	542	14	5	0	0	139378.99	104275	17810	73.64	21461.58	-0.0199	843.69	5717674.17	0.137882
886	27	55	1	542	0	0	132	138.88	139378.99	104275	17810	73.64	21461.58	-0.0199	843.69	5717674.17	0.191806
887	27	57	1	542	0	0	121	0	139378.99	104275	17810	73.64	21461.58	-0.0199	843.69	5717674.17	0.186107
888	27	58	1	542	38	20	0	0	139378.99	104275	17810	73.64	21461.58	-0.0199	843.69	5717674.17	0.167566
889	27	59	1	542	0	0	0	171.03	139378.99	104275	17810	73.64	21461.58	-0.0199	843.69	5717674.17	0.123421
890	27	60	1	542	2	11	0	0	139378.99	104275	17810	73.64	21461.58	-0.0199	843.69	5717674.17	0.133315
891	27	61	1	549	0	0	0	57.68	139378.99	93010	18629	150.71	7460.67	-0.0006	1736.44	2128097.5	0.167276
892	27	62	1	549	0	0	0	116.81	139378.99	93010	18629	150.71	7460.67	-0.0006	1736.44	2128097.5	0.167276
893	27	65	1	549	42	11	0	0	139378.99	93010	18629	150.71	7460.67	-0.0006	1736.44	2128097.5	0.205842
894	27	67	1	549	20	17	192	0	139378.99	93010	18629	150.71	7460.67	-0.0006	1736.44	2128097.5	0.242529
895	27	68	1	549	32	11	0	0	139378.99	93010	18629	150.71	7460.67	-0.0006	1736.44	2128097.5	0.198565
896	27	72	1	549	0	0	0	67.62	139378.99	93010	18629	150.71	7460.67	-0.0006	1736.44	2128097.5	0.167276
897	28	49	1	1472	0	0	296	0	139378.99	95681	21529	352.27	12372.5	0.019	388.14	2661787.5	0.489277
898	28	53	1	1472	0	0	0	94.15	139378.99	95681	21529	352.27	12372.5	0.019	388.14	2661787.5	0.155944
899	28	59	1	1472	0	0	0	140.81	139378.99	95681	21529	352.27	12372.5	0.019	388.14	2661787.5	0.155944
900	28	60	1	1472	27	5	0	54.05	139378.99	95681	21529	352.27	12372.5	0.019	388.14	2661787.5	0.176092
901	28	62	1	1492	2	14	0	0	139378.99	129819	21959	324.58	8004.5	0.0238	354.64	1822599.17	0.06205
902	28	66	1	1492	0	0	0	271.48	139378.99	129819	21959	324.58	8004.5	0.0238	354.64	1822599.17	0.052173
903	28	67	1	1492	0	0	69	0	139378.99	129819	21959	324.58	8004.5	0.0238	354.64	1822599.17	0.137215
904	28	68	1	1492	12	4	65	0	139378.99	129819	21959	324.58	8004.5	0.0238	354.64	1822599.17	0.142162
905	28	69	1	1492	14	2	0	0	139378.99	129819	21959	324.58	8004.5	0.0238	354.64	1822599.17	0.06205
906	28	70	1	1492	0	0	65	0	139378.99	129819	21959	324.58	8004.5	0.0238	354.64	1822599.17	0.132285
907	28	71	1	1492	3	7	0	191.07	139378.99	129819	21959	324.58	8004.5	0.0238	354.64	1822599.17	0.058346
908	29	51	1	6728	37	4	160	0	139378.99	97564	202295	1895.08	14523.08	0.0167	1267.12	3339406.67	0.206267
909	29	52	1	6728	10	19	38	263	139378.99	97564	202295	1895.08	14523.08	0.0167	1267.12	3339406.67	0.163379
910	29	53	1	6728	0	0	91	62	139378.99	97564	202295	1895.08	14523.08	0.0167	1267.12	3339406.67	0.179718
911	29	57	1	6728	0	0	36	179.71	139378.99	97564	202295	1895.08	14523.08	0.0167	1267.12	3339406.67	0.160746
912	29	58	1	6728	0	0	50	0	139378.99	97564	202295	1895.08	14523.08	0.0167	1267.12	3339406.67	0.165575
913	29	59	1	6728	0	0	0	143.38	139378.99	97564	202295	1895.08	14523.08	0.0167	1267.12	3339406.67	0.148327
914	29	61	1	6811	23	9	0	24.78	139378.99	96048	206205	1878.76	4627.25	-0.0031	1216.71	1047601.67	0.156539
915	29	62	1	6811	0	0	0	0	139378.99	96048	206205	1878.76	4627.25	-0.0031	1216.71	1047601.67	0.154436
916	29	63	1	6811	0	0	108	0	139378.99	96048	206205	1878.76	4627.25	-0.0031	1216.71	1047601.67	0.193234
917	29	65	1	6811	32	17	0	0	139378.99	96048	206205	1878.76	4627.25	-0.0031	1216.71	1047601.67	0.157657
918	29	66	1	6811	0	0	189	0	139378.99	96048	206205	1878.76	4627.25	-0.0031	1216.71	1047601.67	0.222333
919	29	67	1	6811	0	0	65	0	139378.99	96048	206205	1878.76	4627.25	-0.0031	1216.71	1047601.67	0.177786
920	29	68	1	6811	0	0	48	0	139378.99	96048	206205	1878.76	4627.25	-0.0031	1216.71	1047601.67	0.171679
921	29	72	1	6811	0	0	0	139.12	139378.99	96048	206205	1878.76	4627.25	-0.0031	1216.71	1047601.67	0.154436
922	30	50	1	1503	0	0	162	0	139378.99	122758	81827	190.41	16406.92	0.0192	1659.08	4188195.83	0.111582
923	30	51	1	1503	0	0	191	0	139378.99	122758	81827	190.41	16406.92	0.0192	1659.08	4188195.83	0.119222
924	30	53	1	1503	39	1	225	0	139378.99	122758	81827	190.41	16406.92	0.0192	1659.08	4188195.83	0.134806
925	30	55	1	1503	0	0	0	24.53	139378.99	122758	81827	190.41	16406.92	0.0192	1659.08	4188195.83	0.068902
926	30	58	1	1503	0	0	108	0	139378.99	122758	81827	190.41	16406.92	0.0192	1659.08	4188195.83	0.097355
927	30	63	1	1525	0	0	148	0	139378.99	94872	80389	334.29	3378.5	0.0386	2925.28	980195	0.181423
928	30	67	1	1525	0	0	54	0	139378.99	94872	80389	334.29	3378.5	0.0386	2925.28	980195	0.167377
929	30	69	1	1525	0	0	0	245.18	139378.99	94872	80389	334.29	3378.5	0.0386	2925.28	980195	0.159309
930	31	49	1	9463	28	1	0	0	139378.99	117548	821180	2728.61	17048.5	0.0337	7500.57	4720681.67	0.083013
931	31	52	1	9463	0	0	0	287.77	139378.99	117548	821180	2728.61	17048.5	0.0337	7500.57	4720681.67	0.082535
932	31	54	1	9463	0	0	70	28.75	139378.99	117548	821180	2728.61	17048.5	0.0337	7500.57	4720681.67	0.086614
933	31	55	1	9463	0	0	0	187.04	139378.99	117548	821180	2728.61	17048.5	0.0337	7500.57	4720681.67	0.082535
934	31	56	1	9463	31	17	0	0	139378.99	117548	821180	2728.61	17048.5	0.0337	7500.57	4720681.67	0.083327
935	31	57	1	9463	36	19	0	0	139378.99	117548	821180	2728.61	17048.5	0.0337	7500.57	4720681.67	0.083442
936	31	58	1	9463	0	0	52	0	139378.99	117548	821180	2728.61	17048.5	0.0337	7500.57	4720681.67	0.085565
937	31	59	1	9463	24	3	0	0	139378.99	117548	821180	2728.61	17048.5	0.0337	7500.57	4720681.67	0.08298
938	31	68	1	9563	0	0	0	104.68	139378.99	101696	838484	2239.36	20738.75	0.0322	6082.66	5520225	0.132603
939	31	69	1	9563	0	0	0	54	139378.99	101696	838484	2239.36	20738.75	0.0322	6082.66	5520225	0.132603
940	31	71	1	9563	0	0	0	108.81	139378.99	101696	838484	2239.36	20738.75	0.0322	6082.66	5520225	0.132603
941	32	52	1	3121	0	0	0	12.9	139378.99	111602	213738	621.76	4838.33	0.0202	2255.25	970971.67	0.099648
942	32	53	1	3121	0	0	105	113.21	139378.99	111602	213738	621.76	4838.33	0.0202	2255.25	970971.67	0.119998
943	32	57	1	3121	0	0	109	0	139378.99	111602	213738	621.76	4838.33	0.0202	2255.25	970971.67	0.120773
944	32	60	1	3121	0	0	364	273.81	139378.99	111602	213738	621.76	4838.33	0.0202	2255.25	970971.67	0.170195
945	32	61	1	3156	0	0	23	0	139378.99	110380	224091	660.15	6925.17	-0.0043	2311.61	1597501.67	0.107743
946	32	62	1	3156	0	0	91	0	139378.99	110380	224091	660.15	6925.17	-0.0043	2311.61	1597501.67	0.1206
947	32	63	1	3156	0	0	145	0	139378.99	110380	224091	660.15	6925.17	-0.0043	2311.61	1597501.67	0.130811
948	32	64	1	3156	0	0	0	199.96	139378.99	110380	224091	660.15	6925.17	-0.0043	2311.61	1597501.67	0.103394
949	32	66	1	3156	0	0	0	0	139378.99	110380	224091	660.15	6925.17	-0.0043	2311.61	1597501.67	0.103394
950	32	67	1	3156	18	1	0	0	139378.99	110380	224091	660.15	6925.17	-0.0043	2311.61	1597501.67	0.104543
951	32	71	1	3156	7	7	0	0	139378.99	110380	224091	660.15	6925.17	-0.0043	2311.61	1597501.67	0.10424
952	32	72	1	3156	0	0	0	248.14	139378.99	110380	224091	660.15	6925.17	-0.0043	2311.61	1597501.67	0.103394
953	33	49	1	2793	0	0	0	34.32	139378.99	124371	260273	786.72	15684.5	0.0134	4408.49	3914256.67	0.064913
954	33	53	1	2793	0	0	153	0	139378.99	124371	260273	786.72	15684.5	0.0134	4408.49	3914256.67	0.080083
955	33	57	1	2793	28	12	0	0	139378.99	124371	260273	786.72	15684.5	0.0134	4408.49	3914256.67	0.066996
956	33	62	1	2836	0	0	133	130.84	139378.99	126856	275696	735.18	4806.42	-0.002	3994.69	1105830	0.073519
957	33	64	1	2836	0	0	136	56.36	139378.99	126856	275696	735.18	4806.42	-0.002	3994.69	1105830	0.073847
958	33	68	1	2836	0	0	123	0	139378.99	126856	275696	735.18	4806.42	-0.002	3994.69	1105830	0.072425
959	33	69	1	2836	0	0	0	250.82	139378.99	126856	275696	735.18	4806.42	-0.002	3994.69	1105830	0.058966
960	33	70	1	2836	0	0	0	208.25	139378.99	126856	275696	735.18	4806.42	-0.002	3994.69	1105830	0.058966
961	33	72	1	2836	94	34	36	0	139378.99	126856	275696	735.18	4806.42	-0.002	3994.69	1105830	0.069199
962	34	51	1	2701	0	0	0	120.05	139378.99	107800	60345	459.31	24590.08	-0.0153	6515.93	5444211.67	0.11158
963	34	52	1	2701	0	0	12	0	139378.99	107800	60345	459.31	24590.08	-0.0153	6515.93	5444211.67	0.112385
964	34	54	1	2701	3	20	0	0	139378.99	107800	60345	459.31	24590.08	-0.0153	6515.93	5444211.67	0.116747
965	34	55	1	2701	19	6	0	0	139378.99	107800	60345	459.31	24590.08	-0.0153	6515.93	5444211.67	0.117196
966	34	57	1	2701	43	18	0	0	139378.99	107800	60345	459.31	24590.08	-0.0153	6515.93	5444211.67	0.125283
967	34	59	1	2701	0	0	0	27.56	139378.99	107800	60345	459.31	24590.08	-0.0153	6515.93	5444211.67	0.11158
968	34	60	1	2701	0	0	0	234.68	139378.99	107800	60345	459.31	24590.08	-0.0153	6515.93	5444211.67	0.11158
969	34	61	1	2721	0	0	0	0	139378.99	99009	63985	553.35	1427	-0.0056	7870.33	299698.33	0.142679
970	34	62	1	2721	6	2	0	196.55	139378.99	99009	63985	553.35	1427	-0.0056	7870.33	299698.33	0.144374
971	34	63	1	2721	0	0	0	159.44	139378.99	99009	63985	553.35	1427	-0.0056	7870.33	299698.33	0.142679
972	34	64	1	2721	0	0	46	135.8	139378.99	99009	63985	553.35	1427	-0.0056	7870.33	299698.33	0.145234
973	34	66	1	2721	0	0	0	31.2	139378.99	99009	63985	553.35	1427	-0.0056	7870.33	299698.33	0.142679
974	34	71	1	2721	0	0	0	144.34	139378.99	99009	63985	553.35	1427	-0.0056	7870.33	299698.33	0.142679
975	35	49	1	5836	0	0	116	0	139378.99	96112	396180	1254.78	2651.08	0.0325	3266.22	556173.33	0.169697
976	35	53	1	5836	0	0	0	117.9	139378.99	96112	396180	1254.78	2651.08	0.0325	3266.22	556173.33	0.154174
977	35	59	1	5836	0	0	120	0	139378.99	96112	396180	1254.78	2651.08	0.0325	3266.22	556173.33	0.170233
978	35	60	1	5836	0	0	87	0	139378.99	96112	396180	1254.78	2651.08	0.0325	3266.22	556173.33	0.165816
979	35	62	1	5914	28	17	0	0	139378.99	126422	411046	1513.08	8248.5	-0.0072	3737.11	1971739.17	0.061472
980	35	63	1	5914	0	0	44	0	139378.99	126422	411046	1513.08	8248.5	-0.0072	3737.11	1971739.17	0.065134
981	35	66	1	5914	0	0	99	274.58	139378.99	126422	411046	1513.08	8248.5	-0.0072	3737.11	1971739.17	0.071567
982	35	67	1	5914	16	18	43	0	139378.99	126422	411046	1513.08	8248.5	-0.0072	3737.11	1971739.17	0.066138
983	35	69	1	5914	0	0	0	249.02	139378.99	126422	411046	1513.08	8248.5	-0.0072	3737.11	1971739.17	0.059988
984	35	70	1	5914	7	18	0	0	139378.99	126422	411046	1513.08	8248.5	-0.0072	3737.11	1971739.17	0.060812
985	35	71	1	5914	30	16	0	0	139378.99	126422	411046	1513.08	8248.5	-0.0072	3737.11	1971739.17	0.061505
986	36	49	1	8837	0	0	0	39.38	139378.99	121827	280054	1826.38	22340.5	0.0034	1792.55	6255045.83	0.071253
987	36	51	1	8837	0	0	180	0	139378.99	121827	280054	1826.38	22340.5	0.0034	1792.55	6255045.83	0.115144
988	36	52	1	8837	11	9	0	0	139378.99	121827	280054	1826.38	22340.5	0.0034	1792.55	6255045.83	0.072221
989	36	56	1	8837	0	0	0	161.73	139378.99	121827	280054	1826.38	22340.5	0.0034	1792.55	6255045.83	0.071253
990	36	57	1	8837	0	0	0	68.94	139378.99	121827	280054	1826.38	22340.5	0.0034	1792.55	6255045.83	0.071253
991	36	58	1	8837	41	18	74	0	139378.99	121827	280054	1826.38	22340.5	0.0034	1792.55	6255045.83	0.092153
992	36	59	1	8837	0	0	0	147.47	139378.99	121827	280054	1826.38	22340.5	0.0034	1792.55	6255045.83	0.071253
993	36	60	1	8837	0	0	128	0	139378.99	121827	280054	1826.38	22340.5	0.0034	1792.55	6255045.83	0.102464
994	36	62	1	8928	43	3	0	0	139378.99	91776	283947	2462.78	21177.42	0.0279	2450.89	6312399.17	0.17493
995	36	63	1	8928	0	0	0	0	139378.99	91776	283947	2462.78	21177.42	0.0279	2450.89	6312399.17	0.172734
996	36	66	1	8928	0	0	0	0	139378.99	91776	283947	2462.78	21177.42	0.0279	2450.89	6312399.17	0.172734
997	36	67	1	8928	0	0	52	271.68	139378.99	91776	283947	2462.78	21177.42	0.0279	2450.89	6312399.17	0.182008
998	36	68	1	8928	0	0	110	0	139378.99	91776	283947	2462.78	21177.42	0.0279	2450.89	6312399.17	0.192352
999	36	70	1	8928	30	1	149	0	139378.99	91776	283947	2462.78	21177.42	0.0279	2450.89	6312399.17	0.200787
1000	37	50	1	15588	31	11	0	205.51	139378.99	110153	735981	2896.86	23544.17	-0.0103	7092.44	5859215	0.104872
1001	37	51	1	15588	0	0	0	71.68	139378.99	110153	735981	2896.86	23544.17	-0.0103	7092.44	5859215	0.104098
1002	37	53	1	15588	0	0	111	0	139378.99	110153	735981	2896.86	23544.17	-0.0103	7092.44	5859215	0.110939
1003	37	57	1	15588	45	20	0	0	139378.99	110153	735981	2896.86	23544.17	-0.0103	7092.44	5859215	0.105296
1004	37	58	1	15588	52	29	0	0	139378.99	110153	735981	2896.86	23544.17	-0.0103	7092.44	5859215	0.10559
1005	37	59	1	15588	0	0	52	102.11	139378.99	110153	735981	2896.86	23544.17	-0.0103	7092.44	5859215	0.107303
1006	37	60	1	15588	0	0	0	128.7	139378.99	110153	735981	2896.86	23544.17	-0.0103	7092.44	5859215	0.104098
1007	37	61	1	15785	0	0	149	290.24	139378.99	100821	748291	3709.66	2950.33	0.0368	9395.75	747232.5	0.142757
1008	37	63	1	15785	33	16	0	0	139378.99	100821	748291	3709.66	2950.33	0.0368	9395.75	747232.5	0.136713
1009	37	64	1	15785	0	0	112	101.07	139378.99	100821	748291	3709.66	2950.33	0.0368	9395.75	747232.5	0.141036
1010	37	66	1	15785	39	0	0	0	139378.99	100821	748291	3709.66	2950.33	0.0368	9395.75	747232.5	0.136532
1011	37	67	1	15785	0	0	0	303.73	139378.99	100821	748291	3709.66	2950.33	0.0368	9395.75	747232.5	0.135825
1012	37	70	1	15785	0	0	0	13.11	139378.99	100821	748291	3709.66	2950.33	0.0368	9395.75	747232.5	0.135825
1013	37	72	1	15785	25	3	192	0	139378.99	100821	748291	3709.66	2950.33	0.0368	9395.75	747232.5	0.145265
\.


--
-- TOC entry 5044 (class 0 OID 0)
-- Dependencies: 222
-- Name: fact_supply_resilience_fact_id_seq; Type: SEQUENCE SET; Schema: public; Owner: postgres
--

SELECT pg_catalog.setval('public.fact_supply_resilience_fact_id_seq', 1013, true);


-- Completed on 2026-05-04 21:49:48

--
-- PostgreSQL database dump complete
--

\unrestrict Vsje6jvEKUKWN6GGDAmjLUtHkohSZOjrIlza9EpHMTxLoQoFcfKZSnlyePGW8bk

