--
-- PostgreSQL database dump
--

\restrict e65vMLS0muhTMieP1TDuNhJJQayBk4OVQ8vVgdxrmYEaBqJuRaftD0ZcXaA2YxN

-- Dumped from database version 18.3
-- Dumped by pg_dump version 18.3

-- Started on 2026-05-05 17:52:01

SET statement_timeout = 0;
SET lock_timeout = 0;
SET idle_in_transaction_session_timeout = 0;
SET transaction_timeout = 0;
SET client_encoding = 'UTF8';
SET standard_conforming_strings = on;
SELECT pg_catalog.set_config('search_path', '', false);
SET check_function_bodies = false;
SET xmloption = content;
SET client_min_messages = warning;
SET row_security = off;

--
-- TOC entry 5035 (class 0 OID 25599)
-- Dependencies: 220
-- Data for Name: dim_komoditas; Type: TABLE DATA; Schema: public; Owner: postgres
--

COPY public.dim_komoditas (komoditas_key, id_komoditas, nama_komoditas) FROM stdin;
1	1	Sapi
2	2	Ayam
\.


--
-- TOC entry 5034 (class 0 OID 25592)
-- Dependencies: 219
-- Data for Name: dim_prov; Type: TABLE DATA; Schema: public; Owner: postgres
--

COPY public.dim_prov (prov_key, id_prov, nama_provinsi) FROM stdin;
1	1	Aceh
2	2	Bali
3	3	Banten
4	4	Bengkulu
5	5	DI Yogyakarta
6	6	DKI Jakarta
7	7	Gorontalo
8	8	Jambi
9	9	Jawa Barat
10	10	Jawa Tengah
11	11	Jawa Timur
12	12	Kalimantan Barat
13	13	Kalimantan Selatan
14	14	Kalimantan Tengah
15	15	Kalimantan Timur
16	16	Kalimantan Utara
17	17	Kepulauan Riau
18	18	Lampung
19	19	Maluku
20	20	Maluku Utara
21	21	Nusa Tenggara Barat
22	22	Nusa Tenggara Timur
23	23	Papua
24	24	Papua Barat
25	25	Papua Barat Daya
26	26	Papua Pegunungan
27	27	Papua Selatan
28	28	Papua Tengah
29	29	Riau
30	30	Sulawesi Barat
31	31	Sulawesi Selatan
32	32	Sulawesi Tengah
33	33	Sulawesi Tenggara
34	34	Sulawesi Utara
35	35	Sumatera Barat
36	36	Sumatera Selatan
37	37	Sumatera Utara
\.


--
-- TOC entry 5036 (class 0 OID 25606)
-- Dependencies: 221
-- Data for Name: dim_waktu; Type: TABLE DATA; Schema: public; Owner: postgres
--

COPY public.dim_waktu (waktu_key, tahun, bulan, kuartal, nama_bulan) FROM stdin;
1	2020	1	1	Januari
2	2020	2	1	Februari
3	2020	3	1	Maret
4	2020	4	2	April
5	2020	5	2	Mei
6	2020	6	2	Juni
7	2020	7	3	Juli
8	2020	8	3	Agustus
9	2020	9	3	September
10	2020	10	4	Oktober
11	2020	11	4	November
12	2020	12	4	Desember
13	2021	1	1	Januari
14	2021	2	1	Februari
15	2021	3	1	Maret
16	2021	4	2	April
17	2021	5	2	Mei
18	2021	6	2	Juni
19	2021	7	3	Juli
20	2021	8	3	Agustus
21	2021	9	3	September
22	2021	10	4	Oktober
23	2021	11	4	November
24	2021	12	4	Desember
25	2022	1	1	Januari
26	2022	2	1	Februari
27	2022	3	1	Maret
28	2022	4	2	April
29	2022	5	2	Mei
30	2022	6	2	Juni
31	2022	7	3	Juli
32	2022	8	3	Agustus
33	2022	9	3	September
34	2022	10	4	Oktober
35	2022	11	4	November
36	2022	12	4	Desember
37	2023	1	1	Januari
38	2023	2	1	Februari
39	2023	3	1	Maret
40	2023	4	2	April
41	2023	5	2	Mei
42	2023	6	2	Juni
43	2023	7	3	Juli
44	2023	8	3	Agustus
45	2023	9	3	September
46	2023	10	4	Oktober
47	2023	11	4	November
48	2023	12	4	Desember
49	2024	1	1	Januari
50	2024	2	1	Februari
51	2024	3	1	Maret
52	2024	4	2	April
53	2024	5	2	Mei
54	2024	6	2	Juni
55	2024	7	3	Juli
56	2024	8	3	Agustus
57	2024	9	3	September
58	2024	10	4	Oktober
59	2024	11	4	November
60	2024	12	4	Desember
61	2025	1	1	Januari
62	2025	2	1	Februari
63	2025	3	1	Maret
64	2025	4	2	April
65	2025	5	2	Mei
66	2025	6	2	Juni
67	2025	7	3	Juli
68	2025	8	3	Agustus
69	2025	9	3	September
70	2025	10	4	Oktober
71	2025	11	4	November
72	2025	12	4	Desember
\.


--
-- TOC entry 5038 (class 0 OID 25617)
-- Dependencies: 223
-- Data for Name: fact_supply_resilience; Type: TABLE DATA; Schema: public; Owner: postgres
--

COPY public.fact_supply_resilience (fact_id, prov_key, waktu_key, komoditas_key, jumlah_penduduk, sum_jumlah_sakit, sum_jumlah_mati, sum_vol_mutasi, sum_realisasi_karkas, avg_harga, harga_baseline, populasi_ternak, avg_konsumsi_bulanan, avg_pemotongan_bulanan, growth_populasi, avg_permintaan_bulanan, avg_produksi_bulanan, supply_risk_index) FROM stdin;
1	1	49	2	5554	0	0	0	97.9	20567.77	28021	36541907	5758.48	184336.08	0.03	46353.04	3710143.64	0.045152
2	1	50	2	5554	0	0	60	0	21108.74	28021	36541907	5758.48	184336.08	0.03	46353.04	3710143.64	0.049798
3	1	51	2	5554	25	5	0	0	21240.77	28021	36541907	5758.48	184336.08	0.03	46353.04	3710143.64	0.050239
4	1	52	2	5554	0	0	0	0	20795.34	28021	36541907	5758.48	184336.08	0.03	46353.04	3710143.64	0.046869
5	1	53	2	5554	0	0	0	0	20995.6	28021	36541907	5758.48	184336.08	0.03	46353.04	3710143.64	0.048379
6	1	54	2	5554	0	0	0	0	21576.92	28021	36541907	5758.48	184336.08	0.03	46353.04	3710143.64	0.052763
7	1	55	2	5554	0	0	0	0	21154.32	28021	36541907	5758.48	184336.08	0.03	46353.04	3710143.64	0.049576
8	1	56	2	5554	0	0	0	0	21304.35	28021	36541907	5758.48	184336.08	0.03	46353.04	3710143.64	0.050707
9	1	57	2	5554	2	0	0	0	21041.74	28021	36541907	5758.48	184336.08	0.03	46353.04	3710143.64	0.048727
10	1	58	2	5554	0	0	0	207.79	21590.67	28021	36541907	5758.48	184336.08	0.03	46353.04	3710143.64	0.052866
11	1	59	2	5554	0	0	183	286.44	21010.19	28021	36541907	5758.48	184336.08	0.03	46353.04	3710143.64	0.050214
12	1	60	2	5554	0	0	91	0	21066.52	28021	36541907	5758.48	184336.08	0.03	46353.04	3710143.64	0.049772
13	1	61	2	5626	0	0	0	0	21041.86	28773	37864269	6394.89	235033.17	0.0394	51288.23	3856284.93	0.04458
14	1	62	2	5626	29	10	0	109.96	20915.13	28773	37864269	6394.89	235033.17	0.0394	51288.23	3856284.93	0.043664
15	1	63	2	5626	0	0	0	0	20918.22	28773	37864269	6394.89	235033.17	0.0394	51288.23	3856284.93	0.043672
16	1	64	2	5626	0	0	0	0	21156.82	28773	37864269	6394.89	235033.17	0.0394	51288.23	3856284.93	0.045425
17	1	65	2	5626	0	0	0	139.42	21086.15	28773	37864269	6394.89	235033.17	0.0394	51288.23	3856284.93	0.044906
18	1	66	2	5626	0	0	0	174.11	21048.35	28773	37864269	6394.89	235033.17	0.0394	51288.23	3856284.93	0.044628
19	1	67	2	5626	45	16	0	0	20701.86	28773	37864269	6394.89	235033.17	0.0394	51288.23	3856284.93	0.042105
20	1	68	2	5626	0	0	0	0	20935.59	28773	37864269	6394.89	235033.17	0.0394	51288.23	3856284.93	0.0438
21	1	69	2	5626	0	0	0	0	20659.29	28773	37864269	6394.89	235033.17	0.0394	51288.23	3856284.93	0.041771
22	1	70	2	5626	0	0	0	0	21137.71	28773	37864269	6394.89	235033.17	0.0394	51288.23	3856284.93	0.045284
23	1	71	2	5626	0	0	0	0	21292.79	28773	37864269	6394.89	235033.17	0.0394	51288.23	3856284.93	0.046423
24	1	72	2	5626	0	0	0	0	21017.08	28773	37864269	6394.89	235033.17	0.0394	51288.23	3856284.93	0.044398
25	2	49	2	4433	0	0	0	0	20682.28	31448	78212517	4326.16	125226.58	-0.0153	14381.44	7941010.71	0.02902
26	2	50	2	4433	0	0	0	0	21139.42	31448	78212517	4326.16	125226.58	-0.0153	14381.44	7941010.71	0.032091
27	2	51	2	4433	39	20	0	0	21510.96	31448	78212517	4326.16	125226.58	-0.0153	14381.44	7941010.71	0.034598
28	2	52	2	4433	0	0	0	0	20998.75	31448	78212517	4326.16	125226.58	-0.0153	14381.44	7941010.71	0.031146
29	2	53	2	4433	0	0	0	0	21018.95	31448	78212517	4326.16	125226.58	-0.0153	14381.44	7941010.71	0.031282
30	2	54	2	4433	0	0	69	0	21020.11	31448	78212517	4326.16	125226.58	-0.0153	14381.44	7941010.71	0.033387
31	2	55	2	4433	0	0	77	0	20979.91	31448	78212517	4326.16	125226.58	-0.0153	14381.44	7941010.71	0.03336
32	2	56	2	4433	0	0	191	85.72	20937.25	31448	78212517	4326.16	125226.58	-0.0153	14381.44	7941010.71	0.036538
33	2	57	2	4433	0	0	167	91.88	21072.3	31448	78212517	4326.16	125226.58	-0.0153	14381.44	7941010.71	0.036716
34	2	58	2	4433	0	0	143	0	21084.19	31448	78212517	4326.16	125226.58	-0.0153	14381.44	7941010.71	0.036066
35	2	59	2	4433	0	0	0	0	21527.04	31448	78212517	4326.16	125226.58	-0.0153	14381.44	7941010.71	0.034696
36	2	60	2	4433	0	0	0	0	20941.97	31448	78212517	4326.16	125226.58	-0.0153	14381.44	7941010.71	0.030765
37	2	61	2	4461	0	0	0	0	21260.02	35202	80934392	3171.24	97668.17	0.0187	10837.69	8242759.9	0.017668
38	2	62	2	4461	43	10	0	0	21016.83	35202	80934392	3171.24	97668.17	0.0187	10837.69	8242759.9	0.016217
39	2	63	2	4461	0	0	103	0	21185.89	35202	80934392	3171.24	97668.17	0.0187	10837.69	8242759.9	0.021377
40	2	64	2	4461	0	0	200	74.32	21568.08	35202	80934392	3171.24	97668.17	0.0187	10837.69	8242759.9	0.027583
41	2	65	2	4461	0	0	0	0	20979.53	35202	80934392	3171.24	97668.17	0.0187	10837.69	8242759.9	0.015984
42	2	66	2	4461	0	0	0	0	20996.78	35202	80934392	3171.24	97668.17	0.0187	10837.69	8242759.9	0.016087
43	2	67	2	4461	0	0	0	0	21014.57	35202	80934392	3171.24	97668.17	0.0187	10837.69	8242759.9	0.016194
44	2	68	2	4461	0	0	0	294.29	20809.57	35202	80934392	3171.24	97668.17	0.0187	10837.69	8242759.9	0.014964
45	2	69	2	4461	0	0	0	0	21142.69	35202	80934392	3171.24	97668.17	0.0187	10837.69	8242759.9	0.016963
46	2	70	2	4461	90	24	0	0	21136.76	35202	80934392	3171.24	97668.17	0.0187	10837.69	8242759.9	0.016947
47	2	71	2	4461	0	0	0	0	21343.11	35202	80934392	3171.24	97668.17	0.0187	10837.69	8242759.9	0.018166
48	2	72	2	4461	0	0	53	0	21028.57	35202	80934392	3171.24	97668.17	0.0187	10837.69	8242759.9	0.018416
49	3	49	2	12431	0	0	0	0	39099.28	31170	189119394	11012.15	205372.58	-0.0114	24885.4	19201519.03	0.155113
50	3	50	2	12431	0	0	0	195.12	39914.29	31170	189119394	11012.15	205372.58	-0.0114	24885.4	19201519.03	0.160638
51	3	51	2	12431	0	0	0	0	41372.22	31170	189119394	11012.15	205372.58	-0.0114	24885.4	19201519.03	0.170521
52	3	52	2	12431	0	0	0	115.13	43310.61	31170	189119394	11012.15	205372.58	-0.0114	24885.4	19201519.03	0.183662
53	3	53	2	12431	0	0	0	0	43908.7	31170	189119394	11012.15	205372.58	-0.0114	24885.4	19201519.03	0.187717
54	3	54	2	12431	0	0	0	0	41585.83	31170	189119394	11012.15	205372.58	-0.0114	24885.4	19201519.03	0.17197
55	3	55	2	12431	0	0	0	0	39800.72	31170	189119394	11012.15	205372.58	-0.0114	24885.4	19201519.03	0.159868
56	3	56	2	12431	67	16	0	0	38056.82	31170	189119394	11012.15	205372.58	-0.0114	24885.4	19201519.03	0.148051
57	3	57	2	12431	0	0	96	0	38038.89	31170	189119394	11012.15	205372.58	-0.0114	24885.4	19201519.03	0.14961
58	3	58	2	12431	0	0	96	0	38063.04	31170	189119394	11012.15	205372.58	-0.0114	24885.4	19201519.03	0.149774
59	3	59	2	12431	0	0	0	0	38423.02	31170	189119394	11012.15	205372.58	-0.0114	24885.4	19201519.03	0.150528
60	3	60	2	12431	0	0	0	0	39108.33	31170	189119394	11012.15	205372.58	-0.0114	24885.4	19201519.03	0.155174
61	3	61	2	12537	0	0	95	0	41089.13	35914	203492091	11597.1	34744.33	-0.0005	26272.2	20724643.83	0.133388
62	3	62	2	12537	0	0	0	0	39988.33	35914	203492091	11597.1	34744.33	-0.0005	26272.2	20724643.83	0.12533
63	3	63	2	12537	0	0	86	0	41088.89	35914	203492091	11597.1	34744.33	-0.0005	26272.2	20724643.83	0.133237
64	3	64	2	12537	0	0	197	0	40841.67	35914	203492091	11597.1	34744.33	-0.0005	26272.2	20724643.83	0.133629
65	3	65	2	12537	0	0	0	0	39420.45	35914	203492091	11597.1	34744.33	-0.0005	26272.2	20724643.83	0.121989
66	3	66	2	12537	0	0	0	124.17	40058.73	35914	203492091	11597.1	34744.33	-0.0005	26272.2	20724643.83	0.125745
67	3	67	2	12537	17	18	0	0	39823.91	35914	203492091	11597.1	34744.33	-0.0005	26272.2	20724643.83	0.124365
68	3	68	2	12537	5	18	153	0	40095.24	35914	203492091	11597.1	34744.33	-0.0005	26272.2	20724643.83	0.128506
69	3	69	2	12537	0	0	423	0	40400	35914	203492091	11597.1	34744.33	-0.0005	26272.2	20724643.83	0.13479
70	3	70	2	12537	0	0	0	0	39934.78	35914	203492091	11597.1	34744.33	-0.0005	26272.2	20724643.83	0.125015
71	3	71	2	12537	0	0	91	0	39950.83	35914	203492091	11597.1	34744.33	-0.0005	26272.2	20724643.83	0.126624
72	3	72	2	12537	44	12	0	0	41615.22	35914	203492091	11597.1	34744.33	-0.0005	26272.2	20724643.83	0.134906
73	4	49	2	2112	0	0	0	0	20946.92	24147	10898392	1781.29	294562.83	-0.0034	15558.47	1106526.81	0.073354
74	4	50	2	2112	0	0	0	121.91	21010.55	24147	10898392	1781.29	294562.83	-0.0034	15558.47	1106526.81	0.073911
75	4	51	2	2112	0	0	0	0	20651.57	24147	10898392	1781.29	294562.83	-0.0034	15558.47	1106526.81	0.07077
76	4	52	2	2112	0	0	0	59.25	20951.99	24147	10898392	1781.29	294562.83	-0.0034	15558.47	1106526.81	0.073399
77	4	53	2	2112	0	0	188	0	21131.83	24147	10898392	1781.29	294562.83	-0.0034	15558.47	1106526.81	0.080254
78	4	54	2	2112	35	19	0	0	20692.06	24147	10898392	1781.29	294562.83	-0.0034	15558.47	1106526.81	0.071191
79	4	55	2	2112	29	3	0	0	20864.48	24147	10898392	1781.29	294562.83	-0.0034	15558.47	1106526.81	0.072673
80	4	56	2	2112	0	0	91	0	20651.09	24147	10898392	1781.29	294562.83	-0.0034	15558.47	1106526.81	0.073322
81	4	57	2	2112	0	0	0	207.9	20893.29	24147	10898392	1781.29	294562.83	-0.0034	15558.47	1106526.81	0.072885
82	4	58	2	2112	0	0	0	0	20613.85	24147	10898392	1781.29	294562.83	-0.0034	15558.47	1106526.81	0.07044
83	4	59	2	2112	0	0	0	0	21203	24147	10898392	1781.29	294562.83	-0.0034	15558.47	1106526.81	0.075595
84	4	60	2	2112	0	0	0	0	20877.18	24147	10898392	1781.29	294562.83	-0.0034	15558.47	1106526.81	0.072744
85	4	61	2	2138	0	0	0	0	20870.31	26041	10699227	2022.19	67098.17	0.0132	17740.12	1089662.32	0.059401
86	4	62	2	2138	0	0	0	0	20984.9	26041	10699227	2022.19	67098.17	0.0132	17740.12	1089662.32	0.06033
87	4	63	2	2138	27	3	0	0	21094.14	26041	10699227	2022.19	67098.17	0.0132	17740.12	1089662.32	0.061255
88	4	64	2	2138	0	0	76	0	21026.03	26041	10699227	2022.19	67098.17	0.0132	17740.12	1089662.32	0.062537
89	4	65	2	2138	0	0	0	0	21188.41	26041	10699227	2022.19	67098.17	0.0132	17740.12	1089662.32	0.061982
90	4	66	2	2138	0	0	0	0	21153.79	26041	10699227	2022.19	67098.17	0.0132	17740.12	1089662.32	0.061701
91	4	67	2	2138	0	0	0	0	20861.53	26041	10699227	2022.19	67098.17	0.0132	17740.12	1089662.32	0.059329
92	4	68	2	2138	0	0	0	0	21057.18	26041	10699227	2022.19	67098.17	0.0132	17740.12	1089662.32	0.060917
93	4	69	2	2138	0	0	0	167.5	21030.2	26041	10699227	2022.19	67098.17	0.0132	17740.12	1089662.32	0.060698
94	4	70	2	2138	28	13	0	0	20544.95	26041	10699227	2022.19	67098.17	0.0132	17740.12	1089662.32	0.056812
95	4	71	2	2138	65	15	0	0	21166.39	26041	10699227	2022.19	67098.17	0.0132	17740.12	1089662.32	0.061904
96	4	72	2	2138	0	0	0	529.05	21372.95	26041	10699227	2022.19	67098.17	0.0132	17740.12	1089662.32	0.063479
97	5	49	2	3759	0	0	0	0	21011.27	27736	55132945	2982.54	50248.25	0.0331	9460.06	5597714.09	0.050125
98	5	50	2	3759	0	0	0	0	21006.43	27736	55132945	2982.54	50248.25	0.0331	9460.06	5597714.09	0.050088
99	5	51	2	3759	44	19	0	0	20991.59	27736	55132945	2982.54	50248.25	0.0331	9460.06	5597714.09	0.049991
100	5	52	2	3759	0	0	0	0	20956.46	27736	55132945	2982.54	50248.25	0.0331	9460.06	5597714.09	0.049708
101	5	53	2	3759	0	0	164	0	21109.99	27736	55132945	2982.54	50248.25	0.0331	9460.06	5597714.09	0.058455
102	5	54	2	3759	8	7	0	122.25	20699.9	27736	55132945	2982.54	50248.25	0.0331	9460.06	5597714.09	0.047757
103	5	55	2	3759	0	0	139	0	21031.75	27736	55132945	2982.54	50248.25	0.0331	9460.06	5597714.09	0.056703
104	5	56	2	3759	0	0	0	0	20702.67	27736	55132945	2982.54	50248.25	0.0331	9460.06	5597714.09	0.047774
105	5	57	2	3759	25	12	0	0	20998.31	27736	55132945	2982.54	50248.25	0.0331	9460.06	5597714.09	0.050035
106	5	58	2	3759	0	0	0	0	20759.8	27736	55132945	2982.54	50248.25	0.0331	9460.06	5597714.09	0.048209
107	5	59	2	3759	0	0	0	0	20902.46	27736	55132945	2982.54	50248.25	0.0331	9460.06	5597714.09	0.049296
108	5	60	2	3759	0	0	0	0	21036	27736	55132945	2982.54	50248.25	0.0331	9460.06	5597714.09	0.050313
109	5	61	2	3781	0	0	151	0	21143.82	39567	57349790	2722.68	148545.33	0.0211	8485.87	5840787.06	0.010746
110	5	62	2	3781	0	0	0	0	21248.62	39567	57349790	2722.68	148545.33	0.0211	8485.87	5840787.06	0.003528
111	5	63	2	3781	0	0	0	0	20996.95	39567	57349790	2722.68	148545.33	0.0211	8485.87	5840787.06	0.002184
112	5	64	2	3781	0	0	0	244.42	21469.57	39567	57349790	2722.68	148545.33	0.0211	8485.87	5840787.06	0.004708
113	5	65	2	3781	0	0	0	0	20828.49	39567	57349790	2722.68	148545.33	0.0211	8485.87	5840787.06	0.001284
114	5	66	2	3781	0	0	0	116.74	21360.76	39567	57349790	2722.68	148545.33	0.0211	8485.87	5840787.06	0.004127
115	5	67	2	3781	38	19	0	0	20988.67	39567	57349790	2722.68	148545.33	0.0211	8485.87	5840787.06	0.002153
116	5	68	2	3781	0	0	0	0	20588.02	39567	57349790	2722.68	148545.33	0.0211	8485.87	5840787.06	0
117	5	69	2	3781	0	0	0	0	21231.21	39567	57349790	2722.68	148545.33	0.0211	8485.87	5840787.06	0.003435
118	5	70	2	3781	0	0	0	0	21295.38	39567	57349790	2722.68	148545.33	0.0211	8485.87	5840787.06	0.003778
119	5	71	2	3781	0	0	0	0	21745.89	39567	57349790	2722.68	148545.33	0.0211	8485.87	5840787.06	0.006184
120	5	72	2	3781	0	0	105	0	20994.7	39567	57349790	2722.68	148545.33	0.0211	8485.87	5840787.06	0.00758
121	6	49	2	10684	0	0	0	0	39321.01	36674	831895	8084.91	52161.25	-0.0192	29018.33	10156.11	0.11661
122	6	50	2	10684	21	18	0	0	39071.43	36674	831895	8084.91	52161.25	-0.0192	29018.33	10156.11	0.115807
123	6	51	2	10684	32	3	113	0	42371.43	36674	831895	8084.91	52161.25	-0.0192	29018.33	10156.11	0.136458
124	6	52	2	10684	0	0	0	240.76	41745.45	36674	831895	8084.91	52161.25	-0.0192	29018.33	10156.11	0.130579
125	6	53	2	10684	0	0	0	0	41876.09	36674	831895	8084.91	52161.25	-0.0192	29018.33	10156.11	0.131332
126	6	54	2	10684	15	2	0	0	40656.67	36674	831895	8084.91	52161.25	-0.0192	29018.33	10156.11	0.124582
127	6	55	2	10684	0	0	0	98.57	40547.1	36674	831895	8084.91	52161.25	-0.0192	29018.33	10156.11	0.123674
128	6	56	2	10684	0	0	199	0	37770.45	36674	831895	8084.91	52161.25	-0.0192	29018.33	10156.11	0.110673
129	6	57	2	10684	0	0	12	0	37765.87	36674	831895	8084.91	52161.25	-0.0192	29018.33	10156.11	0.10783
130	6	58	2	10684	0	0	0	0	38704.35	36674	831895	8084.91	52161.25	-0.0192	29018.33	10156.11	0.113057
131	6	59	2	10684	0	0	14	0	39066.67	36674	831895	8084.91	52161.25	-0.0192	29018.33	10156.11	0.115355
132	6	60	2	10684	0	0	0	287.48	39204.55	36674	831895	8084.91	52161.25	-0.0192	29018.33	10156.11	0.115939
133	6	61	2	10678	43	10	0	0	38603.62	29052	2094563	7972.91	94847.5	0.0089	29455.22	15169.7	0.171175
134	6	62	2	10678	0	0	93	235.07	36001.67	29052	2094563	7972.91	94847.5	0.0089	29455.22	15169.7	0.153286
135	6	63	2	10678	30	2	0	0	37567.46	29052	2094563	7972.91	94847.5	0.0089	29455.22	15169.7	0.163502
136	6	64	2	10678	0	0	62	0	35669.7	29052	2094563	7972.91	94847.5	0.0089	29455.22	15169.7	0.150412
137	6	65	2	10678	0	0	0	0	35049.24	29052	2094563	7972.91	94847.5	0.0089	29455.22	15169.7	0.144979
138	6	66	2	10678	0	0	0	0	35872.22	29052	2094563	7972.91	94847.5	0.0089	29455.22	15169.7	0.150965
139	6	67	2	10678	0	0	0	90.89	35861.59	29052	2094563	7972.91	94847.5	0.0089	29455.22	15169.7	0.150887
140	6	68	2	10678	0	0	42	27.86	34839.68	29052	2094563	7972.91	94847.5	0.0089	29455.22	15169.7	0.144078
141	6	69	2	10678	0	0	136	0	38491.67	29052	2094563	7972.91	94847.5	0.0089	29455.22	15169.7	0.172035
142	6	70	2	10678	0	0	72	0	38642.75	29052	2094563	7972.91	94847.5	0.0089	29455.22	15169.7	0.172185
143	6	71	2	10678	0	0	77	0	37886.67	29052	2094563	7972.91	94847.5	0.0089	29455.22	15169.7	0.166759
144	6	72	2	10678	0	0	0	286.05	40261.59	29052	2094563	7972.91	94847.5	0.0089	29455.22	15169.7	0.182891
145	7	49	2	1227	0	0	150	0	20933.06	32446	6731168	958.71	70711.17	0.0318	7652.85	683423.56	0.034946
146	7	50	2	1227	0	0	0	0	20892.82	32446	6731168	958.71	70711.17	0.0318	7652.85	683423.56	0.026116
147	7	51	2	1227	0	0	0	0	21248.57	32446	6731168	958.71	70711.17	0.0318	7652.85	683423.56	0.028433
148	7	52	2	1227	0	0	0	0	21179.98	32446	6731168	958.71	70711.17	0.0318	7652.85	683423.56	0.027986
149	7	53	2	1227	0	0	0	0	20694.77	32446	6731168	958.71	70711.17	0.0318	7652.85	683423.56	0.024826
150	7	54	2	1227	0	0	0	0	21178.58	32446	6731168	958.71	70711.17	0.0318	7652.85	683423.56	0.027977
151	7	55	2	1227	0	0	0	0	20658.66	32446	6731168	958.71	70711.17	0.0318	7652.85	683423.56	0.024591
152	7	56	2	1227	0	0	0	252.85	21046.9	32446	6731168	958.71	70711.17	0.0318	7652.85	683423.56	0.02712
153	7	57	2	1227	0	0	181	233.86	20980.62	32446	6731168	958.71	70711.17	0.0318	7652.85	683423.56	0.037026
154	7	58	2	1227	0	0	57	0	21162.96	32446	6731168	958.71	70711.17	0.0318	7652.85	683423.56	0.031131
155	7	59	2	1227	0	0	0	0	21004.41	32446	6731168	958.71	70711.17	0.0318	7652.85	683423.56	0.026843
156	7	60	2	1227	0	0	0	0	21070.02	32446	6731168	958.71	70711.17	0.0318	7652.85	683423.56	0.02727
157	7	61	2	1242	0	0	60	0	20810.82	25546	6254185	950.28	179259.92	0.013	7361.06	636957.22	0.065753
158	7	62	2	1242	0	0	0	0	20308.8	25546	6254185	950.28	179259.92	0.013	7361.06	636957.22	0.058037
159	7	63	2	1242	55	21	0	0	21017.28	25546	6254185	950.28	179259.92	0.013	7361.06	636957.22	0.064062
160	7	64	2	1242	0	0	0	50.63	20668.88	25546	6254185	950.28	179259.92	0.013	7361.06	636957.22	0.061016
161	7	65	2	1242	0	0	0	0	20926.63	25546	6254185	950.28	179259.92	0.013	7361.06	636957.22	0.063148
162	7	66	2	1242	0	0	0	0	21118.34	25546	6254185	950.28	179259.92	0.013	7361.06	636957.22	0.064734
163	7	67	2	1242	0	0	107	0	21348.05	25546	6254185	950.28	179259.92	0.013	7361.06	636957.22	0.072987
164	7	68	2	1242	0	0	0	0	21451.18	25546	6254185	950.28	179259.92	0.013	7361.06	636957.22	0.067487
165	7	69	2	1242	0	0	14	0	21092.35	25546	6254185	950.28	179259.92	0.013	7361.06	636957.22	0.06535
166	7	70	2	1242	0	0	0	0	21079.98	25546	6254185	950.28	179259.92	0.013	7361.06	636957.22	0.064416
167	7	71	2	1242	0	0	0	0	20925.65	25546	6254185	950.28	179259.92	0.013	7361.06	636957.22	0.06314
168	7	72	2	1242	0	0	0	0	21276.79	25546	6254185	950.28	179259.92	0.013	7361.06	636957.22	0.066044
169	8	49	2	3724	0	0	0	0	21497.81	26371	48081284	3472.91	73671.92	0.0204	12613.36	4881750.5	0.062309
170	8	50	2	3724	0	0	0	168.98	20863.07	26371	48081284	3472.91	73671.92	0.0204	12613.36	4881750.5	0.057223
171	8	51	2	3724	0	0	0	0	21093.96	26371	48081284	3472.91	73671.92	0.0204	12613.36	4881750.5	0.059073
172	8	52	2	3724	0	0	123	430.26	20673.43	26371	48081284	3472.91	73671.92	0.0204	12613.36	4881750.5	0.059966
173	8	53	2	3724	0	0	97	0	21076	26371	48081284	3472.91	73671.92	0.0204	12613.36	4881750.5	0.062291
174	8	54	2	3724	0	0	0	0	21321.1	26371	48081284	3472.91	73671.92	0.0204	12613.36	4881750.5	0.060893
175	8	55	2	3724	25	4	0	0	20561.22	26371	48081284	3472.91	73671.92	0.0204	12613.36	4881750.5	0.054813
176	8	56	2	3724	1	15	0	0	20915.23	26371	48081284	3472.91	73671.92	0.0204	12613.36	4881750.5	0.057646
177	8	57	2	3724	29	6	0	0	21223.05	26371	48081284	3472.91	73671.92	0.0204	12613.36	4881750.5	0.060118
178	8	58	2	3724	0	0	0	0	21186.57	26371	48081284	3472.91	73671.92	0.0204	12613.36	4881750.5	0.059816
179	8	59	2	3724	0	0	0	0	21266.49	26371	48081284	3472.91	73671.92	0.0204	12613.36	4881750.5	0.060456
180	8	60	2	3724	0	0	0	275.79	20581.35	26371	48081284	3472.91	73671.92	0.0204	12613.36	4881750.5	0.054966
181	8	61	2	3768	0	0	94	0	21298.05	35222	49425660	4280.39	6097.42	0.004	15116.8	5033754.41	0.020541
182	8	62	2	3768	0	0	43	0	20958.53	35222	49425660	4280.39	6097.42	0.004	15116.8	5033754.41	0.01703
183	8	63	2	3768	0	0	0	0	21165.77	35222	49425660	4280.39	6097.42	0.004	15116.8	5033754.41	0.01703
184	8	64	2	3768	0	0	19	0	20806.92	35222	49425660	4280.39	6097.42	0.004	15116.8	5033754.41	0.015426
185	8	65	2	3768	0	0	0	0	20970.44	35222	49425660	4280.39	6097.42	0.004	15116.8	5033754.41	0.015858
186	8	66	2	3768	0	0	0	229.06	21347.37	35222	49425660	4280.39	6097.42	0.004	15116.8	5033754.41	0.018119
187	8	67	2	3768	0	0	0	0	20645.55	35222	49425660	4280.39	6097.42	0.004	15116.8	5033754.41	0.013909
188	8	68	2	3768	0	0	64	276.24	20899.69	35222	49425660	4280.39	6097.42	0.004	15116.8	5033754.41	0.017284
189	8	69	2	3768	45	9	238	166.64	21071.21	35222	49425660	4280.39	6097.42	0.004	15116.8	5033754.41	0.023359
190	8	70	2	3768	22	11	0	0	20597.37	35222	49425660	4280.39	6097.42	0.004	15116.8	5033754.41	0.013629
191	8	71	2	3768	0	0	45	0	21219.86	35222	49425660	4280.39	6097.42	0.004	15116.8	5033754.41	0.018655
192	8	72	2	3768	0	0	0	0	21197.95	35222	49425660	4280.39	6097.42	0.004	15116.8	5033754.41	0.017223
193	9	49	2	50345	0	0	0	147.33	37205.07	27692	716619015	34612.33	224430.75	-0.0152	15781.12	72759188.58	0.173949
194	9	50	2	50345	4	11	120	40.39	38574.6	27692	716619015	34612.33	224430.75	-0.0152	15781.12	72759188.58	0.187724
195	9	51	2	50345	0	0	116	144.06	41313.49	27692	716619015	34612.33	224430.75	-0.0152	15781.12	72759188.58	0.208512
196	9	52	2	50345	0	0	16	0	41609.85	27692	716619015	34612.33	224430.75	-0.0152	15781.12	72759188.58	0.208004
197	9	53	2	50345	0	0	0	0	43149.28	27692	716619015	34612.33	224430.75	-0.0152	15781.12	72759188.58	0.219308
198	9	54	2	50345	0	0	0	0	41500.83	27692	716619015	34612.33	224430.75	-0.0152	15781.12	72759188.58	0.206729
199	9	55	2	50345	45	7	26	0	40684.78	27692	716619015	34612.33	224430.75	-0.0152	15781.12	72759188.58	0.201223
200	9	56	2	50345	0	0	0	0	38225.76	27692	716619015	34612.33	224430.75	-0.0152	15781.12	72759188.58	0.181738
201	9	57	2	50345	6	19	16	0	37709.52	27692	716619015	34612.33	224430.75	-0.0152	15781.12	72759188.58	0.178242
202	9	58	2	50345	36	3	0	0	38201.45	27692	716619015	34612.33	224430.75	-0.0152	15781.12	72759188.58	0.181553
203	9	59	2	50345	0	0	0	0	38809.52	27692	716619015	34612.33	224430.75	-0.0152	15781.12	72759188.58	0.186192
204	9	60	2	50345	0	0	193	167.11	39094.7	27692	716619015	34612.33	224430.75	-0.0152	15781.12	72759188.58	0.193714
205	9	61	2	50759	0	0	0	0	38315.22	21507	765738937	54396.73	35662.08	0.0398	25973.26	77986651.36	0.266501
206	9	62	2	50759	0	0	0	0	38087.5	21507	765738937	54396.73	35662.08	0.0398	25973.26	77986651.36	0.264264
207	9	63	2	50759	0	0	0	14.66	40008.73	21507	765738937	54396.73	35662.08	0.0398	25973.26	77986651.36	0.28314
208	9	64	2	50759	0	0	41	0	38882.58	21507	765738937	54396.73	35662.08	0.0398	25973.26	77986651.36	0.272765
209	9	65	2	50759	0	0	0	0	37640.15	21507	765738937	54396.73	35662.08	0.0398	25973.26	77986651.36	0.259868
210	9	66	2	50759	0	0	0	0	40293.65	21507	765738937	54396.73	35662.08	0.0398	25973.26	77986651.36	0.285939
211	9	67	2	50759	0	0	0	0	40992.03	21507	765738937	54396.73	35662.08	0.0398	25973.26	77986651.36	0.292801
212	9	68	2	50759	0	0	0	0	38179.37	21507	765738937	54396.73	35662.08	0.0398	25973.26	77986651.36	0.265166
213	9	69	2	50759	0	0	0	0	40079.55	21507	765738937	54396.73	35662.08	0.0398	25973.26	77986651.36	0.283836
214	9	70	2	50759	87	1	121	0	42115.94	21507	765738937	54396.73	35662.08	0.0398	25973.26	77986651.36	0.305882
215	9	71	2	50759	0	0	0	0	42537.5	21507	765738937	54396.73	35662.08	0.0398	25973.26	77986651.36	0.307986
216	9	72	2	50759	0	0	0	0	45117.39	21507	765738937	54396.73	35662.08	0.0398	25973.26	77986651.36	0.333333
217	10	49	2	37892	0	0	0	0	38905.07	30123	634673943	39155.38	96411.25	0.0281	24787.56	64439207.01	0.162963
218	10	50	2	37892	0	0	0	0	40286.51	30123	634673943	39155.38	96411.25	0.0281	24787.56	64439207.01	0.172654
219	10	51	2	37892	0	0	109	0	42848.41	30123	634673943	39155.38	96411.25	0.0281	24787.56	64439207.01	0.192547
220	10	52	2	37892	4	3	182	0	43909.85	30123	634673943	39155.38	96411.25	0.0281	24787.56	64439207.01	0.201281
221	10	53	2	37892	0	0	172	0	43354.35	30123	634673943	39155.38	96411.25	0.0281	24787.56	64439207.01	0.197207
222	10	54	2	37892	0	0	0	0	42910.83	30123	634673943	39155.38	96411.25	0.0281	24787.56	64439207.01	0.191063
223	10	55	2	37892	0	0	34	0	40039.86	30123	634673943	39155.38	96411.25	0.0281	24787.56	64439207.01	0.171523
224	10	56	2	37892	0	0	154	0	38193.94	30123	634673943	39155.38	96411.25	0.0281	24787.56	64439207.01	0.16069
225	10	57	2	37892	0	0	0	0	40969.84	30123	634673943	39155.38	96411.25	0.0281	24787.56	64439207.01	0.177447
226	10	58	2	37892	0	0	0	297.13	41476.09	30123	634673943	39155.38	96411.25	0.0281	24787.56	64439207.01	0.180999
227	10	59	2	37892	0	0	0	0	41437.3	30123	634673943	39155.38	96411.25	0.0281	24787.56	64439207.01	0.180726
228	10	60	2	37892	0	0	0	0	42274.24	30123	634673943	39155.38	96411.25	0.0281	24787.56	64439207.01	0.186598
229	10	61	2	38233	0	0	0	0	40087.68	37394	644092518	45052.28	40171.33	0.0019	28990.21	65597576.73	0.11658
230	10	62	2	38233	0	0	0	0	39449.17	37394	644092518	45052.28	40171.33	0.0019	28990.21	65597576.73	0.112972
231	10	63	2	38233	0	0	0	0	42442.06	37394	644092518	45052.28	40171.33	0.0019	28990.21	65597576.73	0.129884
232	10	64	2	38233	0	0	0	37.4	40688.64	37394	644092518	45052.28	40171.33	0.0019	28990.21	65597576.73	0.119976
233	10	65	2	38233	0	0	0	0	41908.33	37394	644092518	45052.28	40171.33	0.0019	28990.21	65597576.73	0.126868
234	10	66	2	38233	0	0	0	0	42434.92	37394	644092518	45052.28	40171.33	0.0019	28990.21	65597576.73	0.129844
235	10	67	2	38233	0	0	0	0	43868.12	37394	644092518	45052.28	40171.33	0.0019	28990.21	65597576.73	0.137943
236	10	68	2	38233	0	0	198	219.92	41280.95	37394	644092518	45052.28	40171.33	0.0019	28990.21	65597576.73	0.126308
237	10	69	2	38233	0	0	63	0	42757.58	37394	644092518	45052.28	40171.33	0.0019	28990.21	65597576.73	0.132617
238	10	70	2	38233	0	0	0	0	43060.87	37394	644092518	45052.28	40171.33	0.0019	28990.21	65597576.73	0.133381
239	10	71	2	38233	0	0	0	205.85	41968.33	37394	644092518	45052.28	40171.33	0.0019	28990.21	65597576.73	0.127207
240	10	72	2	38233	44	16	0	164.24	43002.17	37394	644092518	45052.28	40171.33	0.0019	28990.21	65597576.73	0.13305
241	11	49	2	41814	46	3	0	0	30718.84	29663	426320073	52128.74	62828.67	0.034	29495.37	43284788.56	0.108881
242	11	50	2	41814	0	0	0	0	32032.54	29663	426320073	52128.74	62828.67	0.034	29495.37	43284788.56	0.118238
243	11	51	2	41814	0	0	0	0	35644.44	29663	426320073	52128.74	62828.67	0.034	29495.37	43284788.56	0.143968
244	11	52	2	41814	0	0	0	0	33834.09	29663	426320073	52128.74	62828.67	0.034	29495.37	43284788.56	0.131071
245	11	53	2	41814	46	7	0	229.32	31664.49	29663	426320073	52128.74	62828.67	0.034	29495.37	43284788.56	0.115618
246	11	54	2	41814	0	0	0	248.31	30691.67	29663	426320073	52128.74	62828.67	0.034	29495.37	43284788.56	0.108686
247	11	55	2	41814	0	0	0	0	30847.83	29663	426320073	52128.74	62828.67	0.034	29495.37	43284788.56	0.109798
248	11	56	2	41814	0	0	0	0	29917.42	29663	426320073	52128.74	62828.67	0.034	29495.37	43284788.56	0.10317
249	11	57	2	41814	0	0	0	0	29685.71	29663	426320073	52128.74	62828.67	0.034	29495.37	43284788.56	0.10152
250	11	58	2	41814	0	0	42	0	30930.43	29663	426320073	52128.74	62828.67	0.034	29495.37	43284788.56	0.111009
251	11	59	2	41814	0	0	0	82.81	31600.79	29663	426320073	52128.74	62828.67	0.034	29495.37	43284788.56	0.115162
252	11	60	2	41814	11	16	50	0	31028.79	29663	426320073	52128.74	62828.67	0.034	29495.37	43284788.56	0.111829
253	11	61	2	42089	0	0	204	143.06	31640.58	33559	444432309	39143.05	58505.83	-0.014	20981.8	45263190.77	0.093528
254	11	62	2	42089	0	0	0	0	31150	33559	444432309	39143.05	58505.83	-0.014	20981.8	45263190.77	0.086189
255	11	63	2	42089	0	0	0	0	32045.24	33559	444432309	39143.05	58505.83	-0.014	20981.8	45263190.77	0.091826
256	11	64	2	42089	28	2	0	0	29686.36	33559	444432309	39143.05	58505.83	-0.014	20981.8	45263190.77	0.076974
257	11	65	2	42089	0	0	0	0	30345.45	33559	444432309	39143.05	58505.83	-0.014	20981.8	45263190.77	0.081123
258	11	66	2	42089	0	0	97	103.76	30482.54	33559	444432309	39143.05	58505.83	-0.014	20981.8	45263190.77	0.084007
259	11	67	2	42089	0	0	116	23.52	30195.65	33559	444432309	39143.05	58505.83	-0.014	20981.8	45263190.77	0.082597
260	11	68	2	42089	0	0	0	0	30295.24	33559	444432309	39143.05	58505.83	-0.014	20981.8	45263190.77	0.080807
261	11	69	2	42089	0	0	0	0	34012.12	33559	444432309	39143.05	58505.83	-0.014	20981.8	45263190.77	0.104211
262	11	70	2	42089	45	3	0	0	34439.86	33559	444432309	39143.05	58505.83	-0.014	20981.8	45263190.77	0.106906
263	11	71	2	42089	0	0	0	0	34435	33559	444432309	39143.05	58505.83	-0.014	20981.8	45263190.77	0.106874
264	11	72	2	42089	0	0	0	0	35655.07	33559	444432309	39143.05	58505.83	-0.014	20981.8	45263190.77	0.114556
265	12	49	2	5695	0	0	0	271.55	20773.65	23396	58018198	4020.07	205035.33	0.0132	18890.82	5890657.23	0.077673
266	12	50	2	5695	0	0	63	0	20723.87	23396	58018198	4020.07	205035.33	0.0132	18890.82	5890657.23	0.078681
267	12	51	2	5695	0	0	0	0	21339.46	23396	58018198	4020.07	205035.33	0.0132	18890.82	5890657.23	0.082784
268	12	52	2	5695	0	0	0	0	21327.91	23396	58018198	4020.07	205035.33	0.0132	18890.82	5890657.23	0.082679
269	12	53	2	5695	0	0	0	0	21016.16	23396	58018198	4020.07	205035.33	0.0132	18890.82	5890657.23	0.079864
270	12	54	2	5695	0	0	0	0	20464.9	23396	58018198	4020.07	205035.33	0.0132	18890.82	5890657.23	0.074885
271	12	55	2	5695	0	0	137	0	21176.52	23396	58018198	4020.07	205035.33	0.0132	18890.82	5890657.23	0.084482
272	12	56	2	5695	0	0	0	0	21205.49	23396	58018198	4020.07	205035.33	0.0132	18890.82	5890657.23	0.081574
273	12	57	2	5695	0	0	170	0	21097.91	23396	58018198	4020.07	205035.33	0.0132	18890.82	5890657.23	0.084535
274	12	58	2	5695	0	0	0	283	20900.73	23396	58018198	4020.07	205035.33	0.0132	18890.82	5890657.23	0.078821
275	12	59	2	5695	24	15	0	0	20704.8	23396	58018198	4020.07	205035.33	0.0132	18890.82	5890657.23	0.077061
276	12	60	2	5695	0	0	24	0	21101.88	23396	58018198	4020.07	205035.33	0.0132	18890.82	5890657.23	0.081193
277	12	61	2	5766	0	0	192	0	21035.12	24418	58655270	6184.04	186341.58	0	28330.27	5973743.6	0.075045
278	12	62	2	5766	0	0	0	0	20913.9	24418	58655270	6184.04	186341.58	0	28330.27	5973743.6	0.071034
279	12	63	2	5766	0	0	167	0	21266.95	24418	58655270	6184.04	186341.58	0	28330.27	5973743.6	0.076666
280	12	64	2	5766	0	0	0	0	21081.28	24418	58655270	6184.04	186341.58	0	28330.27	5973743.6	0.072483
281	12	65	2	5766	0	0	182	181.38	20686.08	24418	58655270	6184.04	186341.58	0	28330.27	5973743.6	0.071871
282	12	66	2	5766	0	0	0	0	20771.67	24418	58655270	6184.04	186341.58	0	28330.27	5973743.6	0.069803
283	12	67	2	5766	0	0	183	0	21044.82	24418	58655270	6184.04	186341.58	0	28330.27	5973743.6	0.074991
284	12	68	2	5766	0	0	119	288.76	20793.28	24418	58655270	6184.04	186341.58	0	28330.27	5973743.6	0.071826
285	12	69	2	5766	0	0	0	0	20986.6	24418	58655270	6184.04	186341.58	0	28330.27	5973743.6	0.071663
286	12	70	2	5766	0	0	205	253.66	21115.82	24418	58655270	6184.04	186341.58	0	28330.27	5973743.6	0.075944
287	12	71	2	5766	0	0	0	0	21500.67	24418	58655270	6184.04	186341.58	0	28330.27	5973743.6	0.076112
288	12	72	2	5766	0	0	0	0	21163.63	24418	58655270	6184.04	186341.58	0	28330.27	5973743.6	0.073195
289	13	49	2	4273	0	0	0	0	20901.57	25962	94880597	4793.33	143371.67	0.0145	24577.09	9633340.89	0.06017
290	13	50	2	4273	0	0	121	0	20806.95	25962	94880597	4793.33	143371.67	0.0145	24577.09	9633340.89	0.061552
291	13	51	2	4273	0	0	165	0	21045.27	25962	94880597	4793.33	143371.67	0.0145	24577.09	9633340.89	0.064274
292	13	52	2	4273	0	0	0	0	21389.72	25962	94880597	4793.33	143371.67	0.0145	24577.09	9633340.89	0.064143
293	13	53	2	4273	0	0	0	0	20920.72	25962	94880597	4793.33	143371.67	0.0145	24577.09	9633340.89	0.060326
294	13	54	2	4273	0	0	0	0	20939.43	25962	94880597	4793.33	143371.67	0.0145	24577.09	9633340.89	0.060478
295	13	55	2	4273	0	0	0	0	20430.92	25962	94880597	4793.33	143371.67	0.0145	24577.09	9633340.89	0.05634
296	13	56	2	4273	0	0	65	295.54	21257.85	25962	94880597	4793.33	143371.67	0.0145	24577.09	9633340.89	0.064226
297	13	57	2	4273	33	5	0	135.67000000000002	20986.23	25962	94880597	4793.33	143371.67	0.0145	24577.09	9633340.89	0.060865
298	13	58	2	4273	0	0	113	0	21470.22	25962	94880597	4793.33	143371.67	0.0145	24577.09	9633340.89	0.066808
299	13	59	2	4273	0	0	0	0	21064.26	25962	94880597	4793.33	143371.67	0.0145	24577.09	9633340.89	0.061494
300	13	60	2	4273	0	0	0	0	21312.55	25962	94880597	4793.33	143371.67	0.0145	24577.09	9633340.89	0.063515
301	13	61	2	4323	0	0	135	0	21214.19	29307	100913597	3451.43	28119.92	0.0102	17418.32	10277541.29	0.046395
302	13	62	2	4323	0	0	0	0	21216.01	29307	100913597	3451.43	28119.92	0.0102	17418.32	10277541.29	0.04302
303	13	63	2	4323	0	0	0	0	20700.47	29307	100913597	3451.43	28119.92	0.0102	17418.32	10277541.29	0.039303
304	13	64	2	4323	0	0	0	0	21498.61	29307	100913597	3451.43	28119.92	0.0102	17418.32	10277541.29	0.045058
305	13	65	2	4323	35	2	0	0	21235.72	29307	100913597	3451.43	28119.92	0.0102	17418.32	10277541.29	0.043167
306	13	66	2	4323	43	19	0	0	21292.35	29307	100913597	3451.43	28119.92	0.0102	17418.32	10277541.29	0.043579
307	13	67	2	4323	0	0	0	0	20994.78	29307	100913597	3451.43	28119.92	0.0102	17418.32	10277541.29	0.041425
308	13	68	2	4323	0	0	0	0	20827.23	29307	100913597	3451.43	28119.92	0.0102	17418.32	10277541.29	0.040217
309	13	69	2	4323	25	2	0	0	21149.85	29307	100913597	3451.43	28119.92	0.0102	17418.32	10277541.29	0.042547
310	13	70	2	4323	0	0	0	0	21234.23	29307	100913597	3451.43	28119.92	0.0102	17418.32	10277541.29	0.043152
311	13	71	2	4323	0	0	0	0	21343.06	29307	100913597	3451.43	28119.92	0.0102	17418.32	10277541.29	0.043936
312	13	72	2	4323	0	0	0	0	20746.88	29307	100913597	3451.43	28119.92	0.0102	17418.32	10277541.29	0.039638
313	14	49	2	2809	62	23	0	0	20948.17	21140	33015669	2868.24	213309.5	-0.0166	31335.7	3352120.45	0.099475
314	14	50	2	2809	0	0	0	0	21053.14	21140	33015669	2868.24	213309.5	-0.0166	31335.7	3352120.45	0.10049
315	14	51	2	2809	0	0	0	0	20555.15	21140	33015669	2868.24	213309.5	-0.0166	31335.7	3352120.45	0.095512
316	14	52	2	2809	0	0	0	0	20757.38	21140	33015669	2868.24	213309.5	-0.0166	31335.7	3352120.45	0.097533
317	14	53	2	2809	0	0	0	0	20756.29	21140	33015669	2868.24	213309.5	-0.0166	31335.7	3352120.45	0.097523
318	14	54	2	2809	0	0	172	0	20909.51	21140	33015669	2868.24	213309.5	-0.0166	31335.7	3352120.45	0.101453
319	14	55	2	2809	44	14	0	214.18	20799.18	21140	33015669	2868.24	213309.5	-0.0166	31335.7	3352120.45	0.097975
320	14	56	2	2809	4	15	0	0	21208.05	21140	33015669	2868.24	213309.5	-0.0166	31335.7	3352120.45	0.102046
321	14	57	2	2809	0	0	97	0	20651.97	21140	33015669	2868.24	213309.5	-0.0166	31335.7	3352120.45	0.097833
322	14	58	2	2809	0	0	0	0	21277	21140	33015669	2868.24	213309.5	-0.0166	31335.7	3352120.45	0.102727
323	14	59	2	2809	0	0	0	0	21247.46	21140	33015669	2868.24	213309.5	-0.0166	31335.7	3352120.45	0.102432
324	14	60	2	2809	0	0	0	0	20951.19	21140	33015669	2868.24	213309.5	-0.0166	31335.7	3352120.45	0.099471
325	14	61	2	2845	0	0	0	0	20614.54	38806	32836793	2634	138541.33	0.0187	29439.71	3344261.88	0.002301
326	14	62	2	2845	0	0	0	0	21149.82	38806	32836793	2634	138541.33	0.0187	29439.71	3344261.88	0.005215
327	14	63	2	2845	0	0	0	0	20897.45	38806	32836793	2634	138541.33	0.0187	29439.71	3344261.88	0.003841
328	14	64	2	2845	0	0	0	0	21095.57	38806	32836793	2634	138541.33	0.0187	29439.71	3344261.88	0.00492
329	14	65	2	2845	0	0	0	0	20798.05	38806	32836793	2634	138541.33	0.0187	29439.71	3344261.88	0.0033
330	14	66	2	2845	0	0	0	0	21015.88	38806	32836793	2634	138541.33	0.0187	29439.71	3344261.88	0.004486
331	14	67	2	2845	0	0	84	0	21211.8	38806	32836793	2634	138541.33	0.0187	29439.71	3344261.88	0.0068
332	14	68	2	2845	0	0	0	0	21232.54	38806	32836793	2634	138541.33	0.0187	29439.71	3344261.88	0.005666
333	14	69	2	2845	0	0	0	0	21049	38806	32836793	2634	138541.33	0.0187	29439.71	3344261.88	0.004666
334	14	70	2	2845	0	0	0	0	20972.72	38806	32836793	2634	138541.33	0.0187	29439.71	3344261.88	0.004251
335	14	71	2	2845	0	0	0	0	20918.42	38806	32836793	2634	138541.33	0.0187	29439.71	3344261.88	0.003955
336	14	72	2	2845	0	0	0	0	21071.37	38806	32836793	2634	138541.33	0.0187	29439.71	3344261.88	0.004788
337	15	49	2	4045	0	0	0	0	20973.57	38929	60582142	3074.88	24328.17	-0.0051	32602.52	6150977.54	0.003895
338	15	50	2	4045	0	0	0	0	20971.24	38929	60582142	3074.88	24328.17	-0.0051	32602.52	6150977.54	0.003882
339	15	51	2	4045	0	0	0	0	20854.82	38929	60582142	3074.88	24328.17	-0.0051	32602.52	6150977.54	0.00325
340	15	52	2	4045	0	0	0	0	20854.14	38929	60582142	3074.88	24328.17	-0.0051	32602.52	6150977.54	0.003246
341	15	53	2	4045	0	0	0	0	20965.35	38929	60582142	3074.88	24328.17	-0.0051	32602.52	6150977.54	0.00385
342	15	54	2	4045	0	0	0	0	21167.92	38929	60582142	3074.88	24328.17	-0.0051	32602.52	6150977.54	0.00495
343	15	55	2	4045	0	0	0	0	21122.92	38929	60582142	3074.88	24328.17	-0.0051	32602.52	6150977.54	0.004705
344	15	56	2	4045	0	0	0	0	20676.95	38929	60582142	3074.88	24328.17	-0.0051	32602.52	6150977.54	0.002285
345	15	57	2	4045	0	0	160	0	20852.41	38929	60582142	3074.88	24328.17	-0.0051	32602.52	6150977.54	0.005382
346	15	58	2	4045	0	0	145	0	21034.16	38929	60582142	3074.88	24328.17	-0.0051	32602.52	6150977.54	0.006168
347	15	59	2	4045	0	0	0	192.52	21081.12	38929	60582142	3074.88	24328.17	-0.0051	32602.52	6150977.54	0.004479
348	15	60	2	4045	0	0	0	0	20862.24	38929	60582142	3074.88	24328.17	-0.0051	32602.52	6150977.54	0.00329
349	15	61	2	4267	0	0	105	0	21018.52	39115	61702281	5252.7	195838.25	-0.0104	52519.08	6284066.36	0.00447
350	15	62	2	4267	0	0	0	0	21018.38	39115	61702281	5252.7	195838.25	-0.0104	52519.08	6284066.36	0.003595
351	15	63	2	4267	0	0	0	0	21043.03	39115	61702281	5252.7	195838.25	-0.0104	52519.08	6284066.36	0.003729
352	15	64	2	4267	0	0	0	0	20963.92	39115	61702281	5252.7	195838.25	-0.0104	52519.08	6284066.36	0.003301
353	15	65	2	4267	10	12	0	179.43	21217.09	39115	61702281	5252.7	195838.25	-0.0104	52519.08	6284066.36	0.004674
354	15	66	2	4267	1	2	0	0	21331.89	39115	61702281	5252.7	195838.25	-0.0104	52519.08	6284066.36	0.00529
355	15	67	2	4267	0	0	0	0	21092.2	39115	61702281	5252.7	195838.25	-0.0104	52519.08	6284066.36	0.003994
356	15	68	2	4267	0	0	0	0	20794.9	39115	61702281	5252.7	195838.25	-0.0104	52519.08	6284066.36	0.002388
357	15	69	2	4267	0	0	0	0	21003.65	39115	61702281	5252.7	195838.25	-0.0104	52519.08	6284066.36	0.003516
358	15	70	2	4267	0	0	0	0	21021.25	39115	61702281	5252.7	195838.25	-0.0104	52519.08	6284066.36	0.003611
359	15	71	2	4267	0	0	0	0	20615.29	39115	61702281	5252.7	195838.25	-0.0104	52519.08	6284066.36	0.001418
360	15	72	2	4267	0	0	0	0	21409.6	39115	61702281	5252.7	195838.25	-0.0104	52519.08	6284066.36	0.005709
361	16	49	2	739	0	0	0	244.88	20965.47	39559	4968048	625.75	107934.42	0.0094	28782.59	504411.91	0.002038
362	16	50	2	739	9	16	0	55.92	20787.79	39559	4968048	625.75	107934.42	0.0094	28782.59	504411.91	0.001158
363	16	51	2	739	0	0	0	0	20848.87	39559	4968048	625.75	107934.42	0.0094	28782.59	504411.91	0.001416
364	16	52	2	739	0	0	0	0	20727.98	39559	4968048	625.75	107934.42	0.0094	28782.59	504411.91	0.00077
365	16	53	2	739	0	0	154	100.72	20801.96	39559	4968048	625.75	107934.42	0.0094	28782.59	504411.91	0.003504
366	16	54	2	739	0	0	113	0	20886.52	39559	4968048	625.75	107934.42	0.0094	28782.59	504411.91	0.003333
367	16	55	2	739	0	0	0	115.38999999999999	21198.85	39559	4968048	625.75	107934.42	0.0094	28782.59	504411.91	0.003285
368	16	56	2	739	0	0	0	0	20885.18	39559	4968048	625.75	107934.42	0.0094	28782.59	504411.91	0.00161
369	16	57	2	739	0	0	79	0	21232.47	39559	4968048	625.75	107934.42	0.0094	28782.59	504411.91	0.004664
370	16	58	2	739	0	0	0	0	20883.2	39559	4968048	625.75	107934.42	0.0094	28782.59	504411.91	0.001599
371	16	59	2	739	0	0	0	0	20795.63	39559	4968048	625.75	107934.42	0.0094	28782.59	504411.91	0.001131
372	16	60	2	739	0	0	129	0	20688.58	39559	4968048	625.75	107934.42	0.0094	28782.59	504411.91	0.002518
373	16	61	2	749	0	0	0	0	21205.96	24842	4777453	770.63	292693	0.027	35602.96	486559.52	0.070429
374	16	62	2	749	0	0	0	0	20965.05	24842	4777453	770.63	292693	0.027	35602.96	486559.52	0.06838
375	16	63	2	749	0	0	106	0	20897.13	24842	4777453	770.63	292693	0.027	35602.96	486559.52	0.069104
376	16	64	2	749	0	0	0	0	20921.84	24842	4777453	770.63	292693	0.027	35602.96	486559.52	0.068013
377	16	65	2	749	0	0	0	272.76	21296.6	24842	4777453	770.63	292693	0.027	35602.96	486559.52	0.0712
378	16	66	2	749	0	0	0	0	21063.5	24842	4777453	770.63	292693	0.027	35602.96	486559.52	0.069218
379	16	67	2	749	0	0	0	0	20674.97	24842	4777453	770.63	292693	0.027	35602.96	486559.52	0.065913
380	16	68	2	749	0	0	0	0	20974.66	24842	4777453	770.63	292693	0.027	35602.96	486559.52	0.068462
381	16	69	2	749	0	0	0	0	21221.15	24842	4777453	770.63	292693	0.027	35602.96	486559.52	0.070559
382	16	70	2	749	0	0	0	452.77	20733.37	24842	4777453	770.63	292693	0.027	35602.96	486559.52	0.066409
383	16	71	2	749	0	0	0	0	21107.91	24842	4777453	770.63	292693	0.027	35602.96	486559.52	0.069595
384	16	72	2	749	0	0	0	0	20872.25	24842	4777453	770.63	292693	0.027	35602.96	486559.52	0.067591
385	17	49	2	2183	0	0	0	0	21289.53	30851	18270546	2105.07	81219.33	-0.0063	21925.56	1855031.25	0.035868
386	17	50	2	2183	0	0	0	145.19	21196.13	30851	18270546	2105.07	81219.33	-0.0063	21925.56	1855031.25	0.035228
387	17	51	2	2183	0	0	0	0	21417.92	30851	18270546	2105.07	81219.33	-0.0063	21925.56	1855031.25	0.036748
388	17	52	2	2183	0	0	0	0	21212.9	30851	18270546	2105.07	81219.33	-0.0063	21925.56	1855031.25	0.035343
389	17	53	2	2183	0	0	0	0	21096.85	30851	18270546	2105.07	81219.33	-0.0063	21925.56	1855031.25	0.034548
390	17	54	2	2183	0	0	0	0	20855.66	30851	18270546	2105.07	81219.33	-0.0063	21925.56	1855031.25	0.032896
391	17	55	2	2183	0	0	0	294.46	20983.06	30851	18270546	2105.07	81219.33	-0.0063	21925.56	1855031.25	0.033769
392	17	56	2	2183	0	0	137	0	20744.11	30851	18270546	2105.07	81219.33	-0.0063	21925.56	1855031.25	0.034864
393	17	57	2	2183	16	18	0	0	21075.54	30851	18270546	2105.07	81219.33	-0.0063	21925.56	1855031.25	0.034428
394	17	58	2	2183	0	0	0	0	20755.1	30851	18270546	2105.07	81219.33	-0.0063	21925.56	1855031.25	0.032208
395	17	59	2	2183	3	6	261	0	20632.13	30851	18270546	2105.07	81219.33	-0.0063	21925.56	1855031.25	0.036575
396	17	60	2	2183	0	0	0	82.19	21172.7	30851	18270546	2105.07	81219.33	-0.0063	21925.56	1855031.25	0.035068
397	17	61	2	2213	0	0	172	0	20917.82	36758	19744563	1881.47	237668.67	0.0382	20194.97	2010884.26	0.014021
398	17	62	2	2213	0	0	0	0	20840.65	36758	19744563	1881.47	237668.67	0.0382	20194.97	2010884.26	0.009855
399	17	63	2	2213	0	0	0	103.21	21185.89	36758	19744563	1881.47	237668.67	0.0382	20194.97	2010884.26	0.011839
400	17	64	2	2213	0	0	0	0	20578.52	36758	19744563	1881.47	237668.67	0.0382	20194.97	2010884.26	0.008348
401	17	65	2	2213	32	19	0	0	20606.08	36758	19744563	1881.47	237668.67	0.0382	20194.97	2010884.26	0.008541
402	17	66	2	2213	0	0	125	0	21142.24	36758	19744563	1881.47	237668.67	0.0382	20194.97	2010884.26	0.014294
403	17	67	2	2213	0	0	0	0	20904.61	36758	19744563	1881.47	237668.67	0.0382	20194.97	2010884.26	0.010222
404	17	68	2	2213	0	0	198	0	21056.52	36758	19744563	1881.47	237668.67	0.0382	20194.97	2010884.26	0.015381
405	17	69	2	2213	0	0	0	0	21014.99	36758	19744563	1881.47	237668.67	0.0382	20194.97	2010884.26	0.010857
406	17	70	2	2213	0	0	0	0	20834.57	36758	19744563	1881.47	237668.67	0.0382	20194.97	2010884.26	0.00982
407	17	71	2	2213	0	0	150	0	20932.4	36758	19744563	1881.47	237668.67	0.0382	20194.97	2010884.26	0.013629
408	17	72	2	2213	0	0	148	0	21111.12	36758	19744563	1881.47	237668.67	0.0382	20194.97	2010884.26	0.014613
409	18	49	2	9419	0	0	0	0	21392.62	35358	88469108	7865.37	56955.17	-0.0111	26885.7	8982374.66	0.017897
410	18	50	2	9419	0	0	368	0	21165.94	35358	88469108	7865.37	56955.17	-0.0111	26885.7	8982374.66	0.022525
411	18	51	2	9419	0	0	143	0	20886.42	35358	88469108	7865.37	56955.17	-0.0111	26885.7	8982374.66	0.017197
412	18	52	2	9419	0	0	0	214.79	21355.57	35358	88469108	7865.37	56955.17	-0.0111	26885.7	8982374.66	0.017676
413	18	53	2	9419	7	11	160	191.2	20720.05	35358	88469108	7865.37	56955.17	-0.0111	26885.7	8982374.66	0.016482
414	18	54	2	9419	0	0	385	0	21166.13	35358	88469108	7865.37	56955.17	-0.0111	26885.7	8982374.66	0.022803
415	18	55	2	9419	43	10	0	178.18	21065.03	35358	88469108	7865.37	56955.17	-0.0111	26885.7	8982374.66	0.015947
416	18	56	2	9419	0	0	149	0	21072.34	35358	88469108	7865.37	56955.17	-0.0111	26885.7	8982374.66	0.018405
417	18	57	2	9419	0	0	0	149.16	20778.43	35358	88469108	7865.37	56955.17	-0.0111	26885.7	8982374.66	0.014226
418	18	58	2	9419	0	0	0	0	21206.54	35358	88469108	7865.37	56955.17	-0.0111	26885.7	8982374.66	0.016785
419	18	59	2	9419	0	0	0	0	20897.86	35358	88469108	7865.37	56955.17	-0.0111	26885.7	8982374.66	0.01494
420	18	60	2	9419	13	7	0	157.39	21086.09	35358	88469108	7865.37	56955.17	-0.0111	26885.7	8982374.66	0.016068
421	18	61	2	9522	33	15	159	0	20573.31	27501	94814874	7737.36	200030.5	0.0366	27423.14	9656417.15	0.050669
422	18	62	2	9522	0	0	0	270.23	21183.2	27501	94814874	7737.36	200030.5	0.0366	27423.14	9656417.15	0.052814
423	18	63	2	9522	0	0	170	29.68	20602.05	27501	94814874	7737.36	200030.5	0.0366	27423.14	9656417.15	0.051058
424	18	64	2	9522	0	0	0	0	21320.66	27501	94814874	7737.36	200030.5	0.0366	27423.14	9656417.15	0.05387
425	18	65	2	9522	31	7	0	0	21018.71	27501	94814874	7737.36	200030.5	0.0366	27423.14	9656417.15	0.051556
426	18	66	2	9522	0	0	0	0	20533.58	27501	94814874	7737.36	200030.5	0.0366	27423.14	9656417.15	0.047823
427	18	67	2	9522	0	0	84	0	20780	27501	94814874	7737.36	200030.5	0.0366	27423.14	9656417.15	0.051055
428	18	68	2	9522	0	0	0	265.48	21353.97	27501	94814874	7737.36	200030.5	0.0366	27423.14	9656417.15	0.054126
429	18	69	2	9522	8	8	12	155.15	21097.07	27501	94814874	7737.36	200030.5	0.0366	27423.14	9656417.15	0.052346
430	18	70	2	9522	0	0	0	0	20747.25	27501	94814874	7737.36	200030.5	0.0366	27423.14	9656417.15	0.049464
431	18	71	2	9522	49	9	24	0	20923.61	27501	94814874	7737.36	200030.5	0.0366	27423.14	9656417.15	0.05121
432	18	72	2	9522	33	13	0	0	20625.25	27501	94814874	7737.36	200030.5	0.0366	27423.14	9656417.15	0.048533
433	19	49	2	1945	0	0	0	0	20934.89	20860	801640	1879.13	135727.75	0.0366	2711.2	81391.47	0.102117
434	19	50	2	1945	0	0	228	0	21095.27	20860	801640	1879.13	135727.75	0.0366	2711.2	81391.47	0.140499
435	19	51	2	1945	22	9	0	0	20800.39	20860	801640	1879.13	135727.75	0.0366	2711.2	81391.47	0.101278
436	19	52	2	1945	9	14	141	0	21105.93	20860	801640	1879.13	135727.75	0.0366	2711.2	81391.47	0.12697
437	19	53	2	1945	0	0	0	0	20960.98	20860	801640	1879.13	135727.75	0.0366	2711.2	81391.47	0.102381
438	19	54	2	1945	0	0	0	0	21065.99	20860	801640	1879.13	135727.75	0.0366	2711.2	81391.47	0.103445
439	19	55	2	1945	1	18	0	196.38	20738.45	20860	801640	1879.13	135727.75	0.0366	2711.2	81391.47	0.100448
440	19	56	2	1945	0	0	0	0	21093	20860	801640	1879.13	135727.75	0.0366	2711.2	81391.47	0.103718
441	19	57	2	1945	0	0	96	0	21085.17	20860	801640	1879.13	135727.75	0.0366	2711.2	81391.47	0.119116
442	19	58	2	1945	0	0	0	0	21046.16	20860	801640	1879.13	135727.75	0.0366	2711.2	81391.47	0.103244
443	19	59	2	1945	46	10	0	0	21322.43	20860	801640	1879.13	135727.75	0.0366	2711.2	81391.47	0.106989
444	19	60	2	1945	0	0	0	0	20720.69	20860	801640	1879.13	135727.75	0.0366	2711.2	81391.47	0.099947
445	19	61	2	1970	0	0	0	0	20973.57	38741	689936	1957.46	116334.92	0.0158	2732.45	70266.49	0.004447
446	19	62	2	1970	0	0	0	0	20993.8	38741	689936	1957.46	116334.92	0.0158	2732.45	70266.49	0.004558
447	19	63	2	1970	0	0	100	0	20634.42	38741	689936	1957.46	116334.92	0.0158	2732.45	70266.49	0.018594
448	19	64	2	1970	0	0	0	0	21193.55	38741	689936	1957.46	116334.92	0.0158	2732.45	70266.49	0.005647
449	19	65	2	1970	0	0	172	0	20867.37	38741	689936	1957.46	116334.92	0.0158	2732.45	70266.49	0.031382
450	19	66	2	1970	0	0	0	0	21122.99	38741	689936	1957.46	116334.92	0.0158	2732.45	70266.49	0.005262
451	19	67	2	1970	0	0	119	0	21131.5	38741	689936	1957.46	116334.92	0.0158	2732.45	70266.49	0.024344
452	19	68	2	1970	0	0	142	0	20894.9	38741	689936	1957.46	116334.92	0.0158	2732.45	70266.49	0.026733
453	19	69	2	1970	0	0	0	172.23	21248.65	38741	689936	1957.46	116334.92	0.0158	2732.45	70266.49	0.005948
454	19	70	2	1970	0	0	133	0	20474.24	38741	689936	1957.46	116334.92	0.0158	2732.45	70266.49	0.022999
455	19	71	2	1970	0	0	0	0	21221.91	38741	689936	1957.46	116334.92	0.0158	2732.45	70266.49	0.005802
456	19	72	2	1970	0	0	0	0	20787.63	38741	689936	1957.46	116334.92	0.0158	2732.45	70266.49	0.003433
457	20	49	2	1355	0	0	0	0	21140.56	24560	112539	1226.82	88533.67	0.0372	11146.72	11426.24	0.071938
458	20	50	2	1355	0	0	0	261.17	20874.84	24560	112539	1226.82	88533.67	0.0372	11146.72	11426.24	0.069652
459	20	51	2	1355	0	0	0	0	21131.71	24560	112539	1226.82	88533.67	0.0372	11146.72	11426.24	0.071862
460	20	52	2	1355	0	0	142	0	20772.49	24560	112539	1226.82	88533.67	0.0372	11146.72	11426.24	0.074339
461	20	53	2	1355	0	0	128	497.71000000000004	20754.54	24560	112539	1226.82	88533.67	0.0372	11146.72	11426.24	0.073636
462	20	54	2	1355	0	0	0	279	21330.78	24560	112539	1226.82	88533.67	0.0372	11146.72	11426.24	0.073574
463	20	55	2	1355	0	0	0	0	21376.4	24560	112539	1226.82	88533.67	0.0372	11146.72	11426.24	0.073967
464	20	56	2	1355	0	0	0	0	20974.26	24560	112539	1226.82	88533.67	0.0372	11146.72	11426.24	0.070507
465	20	57	2	1355	0	0	0	201.09	21060.94	24560	112539	1226.82	88533.67	0.0372	11146.72	11426.24	0.071253
466	20	58	2	1355	0	0	0	252.98	20816.7	24560	112539	1226.82	88533.67	0.0372	11146.72	11426.24	0.069151
467	20	59	2	1355	26	19	0	0	20843.52	24560	112539	1226.82	88533.67	0.0372	11146.72	11426.24	0.074803
468	20	60	2	1355	0	0	0	251.49	20797.92	24560	112539	1226.82	88533.67	0.0372	11146.72	11426.24	0.06899
469	20	61	2	1373	0	0	0	0	20866.87	37814	108140	1322.28	156633.08	0.0195	11652.63	11013.5	0.006655
470	20	62	2	1373	0	0	164	173.27	20677.6	37814	108140	1322.28	156633.08	0.0195	11652.63	11013.5	0.011749
471	20	63	2	1373	0	0	0	0	20918.93	37814	108140	1322.28	156633.08	0.0195	11652.63	11013.5	0.006946
472	20	64	2	1373	0	0	200	0	21149.68	37814	108140	1322.28	156633.08	0.0195	11652.63	11013.5	0.015738
473	20	65	2	1373	0	0	0	0	21167.91	37814	108140	1322.28	156633.08	0.0195	11652.63	11013.5	0.008338
474	20	66	2	1373	0	0	0	0	20667.33	37814	108140	1322.28	156633.08	0.0195	11652.63	11013.5	0.00554
475	20	67	2	1373	1	4	0	0	21153.06	37814	108140	1322.28	156633.08	0.0195	11652.63	11013.5	0.008881
476	20	68	2	1373	0	0	40	0	21102.1	37814	108140	1322.28	156633.08	0.0195	11652.63	11013.5	0.00947
477	20	69	2	1373	0	0	0	0	20969.39	37814	108140	1322.28	156633.08	0.0195	11652.63	11013.5	0.007228
478	20	70	2	1373	0	0	0	270.1	20861.67	37814	108140	1322.28	156633.08	0.0195	11652.63	11013.5	0.006626
479	20	71	2	1373	0	0	0	64.97	20761.1	37814	108140	1322.28	156633.08	0.0195	11652.63	11013.5	0.006064
480	20	72	2	1373	0	0	0	0	20989.23	37814	108140	1322.28	156633.08	0.0195	11652.63	11013.5	0.007339
481	21	49	2	5646	0	0	0	0	26463.53	24927	40067329	4700.3	28304.08	0.0045	25610.48	4068084.03	0.114383
482	21	50	2	5646	0	0	0	0	27310.74	24927	40067329	4700.3	28304.08	0.0045	25610.48	4068084.03	0.121565
483	21	51	2	5646	6	10	0	0	26777.23	24927	40067329	4700.3	28304.08	0.0045	25610.48	4068084.03	0.117048
484	21	52	2	5646	0	0	0	0	27369.03	24927	40067329	4700.3	28304.08	0.0045	25610.48	4068084.03	0.122059
485	21	53	2	5646	41	1	0	292.31	27946.39	24927	40067329	4700.3	28304.08	0.0045	25610.48	4068084.03	0.126968
486	21	54	2	5646	0	0	0	0	26800.86	24927	40067329	4700.3	28304.08	0.0045	25610.48	4068084.03	0.117243
487	21	55	2	5646	0	0	0	0	25294.37	24927	40067329	4700.3	28304.08	0.0045	25610.48	4068084.03	0.104472
488	21	56	2	5646	0	0	142	0	25931.26	24927	40067329	4700.3	28304.08	0.0045	25610.48	4068084.03	0.112295
489	21	57	2	5646	0	0	0	0	26632	24927	40067329	4700.3	28304.08	0.0045	25610.48	4068084.03	0.115811
490	21	58	2	5646	14	16	63	99.75	26636.84	24927	40067329	4700.3	28304.08	0.0045	25610.48	4068084.03	0.116938
491	21	59	2	5646	0	0	0	0	27296.89	24927	40067329	4700.3	28304.08	0.0045	25610.48	4068084.03	0.121448
492	21	60	2	5646	0	0	0	0	27754.99	24927	40067329	4700.3	28304.08	0.0045	25610.48	4068084.03	0.125331
493	21	61	2	5731	0	0	0	0	28063.76	30763	37694139	4857.11	156833.5	-0.0115	25656.65	3838958.07	0.082817
494	21	62	2	5731	0	0	0	49.25	26866.86	30763	37694139	4857.11	156833.5	-0.0115	25656.65	3838958.07	0.074596
495	21	63	2	5731	0	0	168	161.91	26695.18	30763	37694139	4857.11	156833.5	-0.0115	25656.65	3838958.07	0.076278
496	21	64	2	5731	8	20	0	0	26582.07	30763	37694139	4857.11	156833.5	-0.0115	25656.65	3838958.07	0.072649
497	21	65	2	5731	0	0	15	0	26986.45	30763	37694139	4857.11	156833.5	-0.0115	25656.65	3838958.07	0.075673
498	21	66	2	5731	0	0	0	0	26004.36	30763	37694139	4857.11	156833.5	-0.0115	25656.65	3838958.07	0.068671
499	21	67	2	5731	51	19	0	0	26739.86	30763	37694139	4857.11	156833.5	-0.0115	25656.65	3838958.07	0.073748
500	21	68	2	5731	0	0	0	48.36	26435.21	30763	37694139	4857.11	156833.5	-0.0115	25656.65	3838958.07	0.071631
501	21	69	2	5731	0	0	0	289.08	28747.05	30763	37694139	4857.11	156833.5	-0.0115	25656.65	3838958.07	0.087511
502	21	70	2	5731	0	0	0	0	28585.24	30763	37694139	4857.11	156833.5	-0.0115	25656.65	3838958.07	0.086399
503	21	71	2	5731	0	0	0	0	27522.71	30763	37694139	4857.11	156833.5	-0.0115	25656.65	3838958.07	0.079101
504	21	72	2	5731	0	0	0	0	29100.52	30763	37694139	4857.11	156833.5	-0.0115	25656.65	3838958.07	0.089939
505	22	49	2	5656	0	0	97	382.69	31692.37	29340	16668081	5472.18	115263.58	0.0281	46250.33	1692330.29	0.119217
506	22	50	2	5656	0	0	0	0	32984.56	29340	16668081	5472.18	115263.58	0.0281	46250.33	1692330.29	0.127606
507	22	51	2	5656	0	0	0	253.55	32646.25	29340	16668081	5472.18	115263.58	0.0281	46250.33	1692330.29	0.12517
508	22	52	2	5656	0	0	0	0	32371.54	29340	16668081	5472.18	115263.58	0.0281	46250.33	1692330.29	0.123191
509	22	53	2	5656	0	0	29	0	32050.17	29340	16668081	5472.18	115263.58	0.0281	46250.33	1692330.29	0.121151
510	22	54	2	5656	0	0	0	0	31139.32	29340	16668081	5472.18	115263.58	0.0281	46250.33	1692330.29	0.114317
511	22	55	2	5656	0	0	0	0	31796.84	29340	16668081	5472.18	115263.58	0.0281	46250.33	1692330.29	0.119052
512	22	56	2	5656	0	0	0	0	31187.53	29340	16668081	5472.18	115263.58	0.0281	46250.33	1692330.29	0.114664
513	22	57	2	5656	0	0	0	0	30296.55	29340	16668081	5472.18	115263.58	0.0281	46250.33	1692330.29	0.108247
514	22	58	2	5656	0	0	0	0	30319.49	29340	16668081	5472.18	115263.58	0.0281	46250.33	1692330.29	0.108412
515	22	59	2	5656	39	8	0	269.35	30655.77	29340	16668081	5472.18	115263.58	0.0281	46250.33	1692330.29	0.110873
516	22	60	2	5656	0	0	0	0	29756.81	29340	16668081	5472.18	115263.58	0.0281	46250.33	1692330.29	0.10436
517	22	61	2	5742	0	0	0	0	31767.4	21745	16214419	6943.76	56534.08	0.007	56616.65	1651356.83	0.198752
518	22	62	2	5742	0	0	0	0	30846.77	21745	16214419	6943.76	56534.08	0.007	56616.65	1651356.83	0.189805
519	22	63	2	5742	25	9	22	0	30728.38	21745	16214419	6943.76	56534.08	0.007	56616.65	1651356.83	0.188853
520	22	64	2	5742	0	0	0	0	30508.94	21745	16214419	6943.76	56534.08	0.007	56616.65	1651356.83	0.186522
521	22	65	2	5742	0	0	0	0	30395.37	21745	16214419	6943.76	56534.08	0.007	56616.65	1651356.83	0.185419
522	22	66	2	5742	0	0	0	108	30362.3	21745	16214419	6943.76	56534.08	0.007	56616.65	1651356.83	0.185097
523	22	67	2	5742	19	19	0	73.63	30821.25	21745	16214419	6943.76	56534.08	0.007	56616.65	1651356.83	0.189589
524	22	68	2	5742	0	0	108	218.49	31496.08	21745	16214419	6943.76	56534.08	0.007	56616.65	1651356.83	0.196949
525	22	69	2	5742	0	0	0	223.78	31281.5	21745	16214419	6943.76	56534.08	0.007	56616.65	1651356.83	0.19403
526	22	70	2	5742	0	0	0	0	32096.03	21745	16214419	6943.76	56534.08	0.007	56616.65	1651356.83	0.201945
527	22	71	2	5742	0	0	0	38.17	31749.09	21745	16214419	6943.76	56534.08	0.007	56616.65	1651356.83	0.198574
528	22	72	2	5742	0	0	0	0	32840.53	21745	16214419	6943.76	56534.08	0.007	56616.65	1651356.83	0.20918
529	23	49	2	1060	0	0	196	0	21539.6	34731	4603886	724.74	203338.25	-0.0001	32513.77	467438.02	0.023734
530	23	50	2	1060	0	0	0	0	20712.71	34731	4603886	724.74	203338.25	-0.0001	32513.77	467438.02	0.016068
531	23	51	2	1060	0	0	0	0	20795.97	34731	4603886	724.74	203338.25	-0.0001	32513.77	467438.02	0.016575
532	23	52	2	1060	0	0	0	0	20915.91	34731	4603886	724.74	203338.25	-0.0001	32513.77	467438.02	0.017305
533	23	53	2	1060	0	0	22	0	21127.53	34731	4603886	724.74	203338.25	-0.0001	32513.77	467438.02	0.018888
534	23	54	2	1060	0	0	0	0	20789.75	34731	4603886	724.74	203338.25	-0.0001	32513.77	467438.02	0.016537
535	23	55	2	1060	0	0	0	0	21138.54	34731	4603886	724.74	203338.25	-0.0001	32513.77	467438.02	0.018659
536	23	56	2	1060	26	13	0	0	20229.56	34731	4603886	724.74	203338.25	-0.0001	32513.77	467438.02	0.013244
537	23	57	2	1060	0	0	14	0	21020.4	34731	4603886	724.74	203338.25	-0.0001	32513.77	467438.02	0.018129
538	23	58	2	1060	0	0	0	0	20794.85	34731	4603886	724.74	203338.25	-0.0001	32513.77	467438.02	0.016568
539	23	59	2	1060	0	0	0	0	20797.99	34731	4603886	724.74	203338.25	-0.0001	32513.77	467438.02	0.016587
540	23	60	2	1060	0	0	68	0	21061.07	34731	4603886	724.74	203338.25	-0.0001	32513.77	467438.02	0.019102
541	23	61	2	1073	0	0	0	0	20941.12	26457	5597813	832.93	147590.83	0.0223	37742	570109.02	0.057303
542	23	62	2	1073	0	0	0	283.4	20907.95	26457	5597813	832.93	147590.83	0.0223	37742	570109.02	0.057038
543	23	63	2	1073	0	0	0	0	21059.41	26457	5597813	832.93	147590.83	0.0223	37742	570109.02	0.058248
544	23	64	2	1073	0	0	0	0	21582.52	26457	5597813	832.93	147590.83	0.0223	37742	570109.02	0.062426
545	23	65	2	1073	0	0	169	0	20936.91	26457	5597813	832.93	147590.83	0.0223	37742	570109.02	0.059227
546	23	66	2	1073	0	0	131	0	21098.07	26457	5597813	832.93	147590.83	0.0223	37742	570109.02	0.060074
547	23	67	2	1073	0	0	0	0	20993.45	26457	5597813	832.93	147590.83	0.0223	37742	570109.02	0.057721
548	23	68	2	1073	33	16	0	0	20897.81	26457	5597813	832.93	147590.83	0.0223	37742	570109.02	0.057076
549	23	69	2	1073	0	0	0	209.18	20666.93	26457	5597813	832.93	147590.83	0.0223	37742	570109.02	0.055113
550	23	70	2	1073	0	0	109	0	21621.52	26457	5597813	832.93	147590.83	0.0223	37742	570109.02	0.064
551	23	71	2	1073	0	0	130	0	20955.16	26457	5597813	832.93	147590.83	0.0223	37742	570109.02	0.058921
552	23	72	2	1073	0	0	0	83.09	20994.52	26457	5597813	832.93	147590.83	0.0223	37742	570109.02	0.05773
553	24	49	2	578	0	0	0	0	20801.84	32021	432433	476.46	236987.25	-0.0027	27382.97	43905.48	0.027322
554	24	50	2	578	0	0	0	0	20898.04	32021	432433	476.46	236987.25	-0.0027	27382.97	43905.48	0.027957
555	24	51	2	578	0	0	0	0	21183.19	32021	432433	476.46	236987.25	-0.0027	27382.97	43905.48	0.029838
556	24	52	2	578	0	0	0	0	20884.56	32021	432433	476.46	236987.25	-0.0027	27382.97	43905.48	0.027868
557	24	53	2	578	0	0	0	0	21088.6	32021	432433	476.46	236987.25	-0.0027	27382.97	43905.48	0.029214
558	24	54	2	578	22	12	101	0	20802.28	32021	432433	476.46	236987.25	-0.0027	27382.97	43905.48	0.030003
559	24	55	2	578	0	0	0	64.99	20735.1	32021	432433	476.46	236987.25	-0.0027	27382.97	43905.48	0.026881
560	24	56	2	578	0	0	0	43.68	21058.19	32021	432433	476.46	236987.25	-0.0027	27382.97	43905.48	0.029014
561	24	57	2	578	9	10	0	0	21037.47	32021	432433	476.46	236987.25	-0.0027	27382.97	43905.48	0.029472
562	24	58	2	578	0	0	139	0	20859.57	32021	432433	476.46	236987.25	-0.0027	27382.97	43905.48	0.029922
563	24	59	2	578	0	0	0	0	20993.17	32021	432433	476.46	236987.25	-0.0027	27382.97	43905.48	0.028584
564	24	60	2	578	0	0	0	0	20949.98	32021	432433	476.46	236987.25	-0.0027	27382.97	43905.48	0.028299
565	24	61	2	587	0	0	0	0	20737.65	34736	767637	691.41	242292.67	0.0256	40244.87	78179.97	0.016202
566	24	62	2	587	0	0	0	0	21064.3	34736	767637	691.41	242292.67	0.0256	40244.87	78179.97	0.018189
567	24	63	2	587	0	0	0	0	21167.65	34736	767637	691.41	242292.67	0.0256	40244.87	78179.97	0.018818
568	24	64	2	587	0	0	0	0	20965.19	34736	767637	691.41	242292.67	0.0256	40244.87	78179.97	0.017586
569	24	65	2	587	0	0	0	0	21001.99	34736	767637	691.41	242292.67	0.0256	40244.87	78179.97	0.01781
570	24	66	2	587	0	0	246	0	20964.74	34736	767637	691.41	242292.67	0.0256	40244.87	78179.97	0.020255
571	24	67	2	587	0	0	0	55.53	20603.34	34736	767637	691.41	242292.67	0.0256	40244.87	78179.97	0.015385
572	24	68	2	587	0	0	59	0	20703.53	34736	767637	691.41	242292.67	0.0256	40244.87	78179.97	0.016635
573	24	69	2	587	0	0	0	0	21280.27	34736	767637	691.41	242292.67	0.0256	40244.87	78179.97	0.019503
574	24	70	2	587	14	19	0	0	20820.96	34736	767637	691.41	242292.67	0.0256	40244.87	78179.97	0.017292
575	24	71	2	587	0	0	193	0	21407.83	34736	767637	691.41	242292.67	0.0256	40244.87	78179.97	0.022375
576	24	72	2	587	0	0	0	222.75	20922.72	34736	767637	691.41	242292.67	0.0256	40244.87	78179.97	0.017328
577	25	51	2	627	7	18	0	0	21071.37	35201	1170031	529.38	147409.67	-0.0031	15599.37	118794.65	0.016828
578	25	52	2	627	0	0	0	134.52	21071.37	35201	1170031	529.38	147409.67	-0.0031	15599.37	118794.65	0.016539
579	25	55	2	627	0	0	0	22.12	21071.37	35201	1170031	529.38	147409.67	-0.0031	15599.37	118794.65	0.016539
580	25	59	2	627	0	0	0	40.04	21071.37	35201	1170031	529.38	147409.67	-0.0031	15599.37	118794.65	0.016539
581	25	61	2	636	0	0	132	0	21071.37	31351	1072767	433.28	93471.25	0.0399	13123.8	109255.92	0.036468
582	25	63	2	636	0	0	0	98.27	21071.37	31351	1072767	433.28	93471.25	0.0399	13123.8	109255.92	0.032072
583	25	67	2	636	30	6	0	0	21071.37	31351	1072767	433.28	93471.25	0.0399	13123.8	109255.92	0.032527
584	25	71	2	636	0	0	0	221.39	21071.37	31351	1072767	433.28	93471.25	0.0399	13123.8	109255.92	0.032072
585	25	72	2	636	29	8	86	0	21071.37	31351	1072767	433.28	93471.25	0.0399	13123.8	109255.92	0.035404
586	26	55	2	1467	0	0	0	76.21	21071.37	34856	20471	1768.96	31804.92	0.0181	54857.74	2078.47	0.017791
587	26	56	2	1467	39	11	0	0	21071.37	34856	20471	1768.96	31804.92	0.0181	54857.74	2078.47	0.0509
588	26	57	2	1467	0	0	67	0	21071.37	34856	20471	1768.96	31804.92	0.0181	54857.74	2078.47	0.018325
589	26	58	2	1467	25	17	0	0	21071.37	34856	20471	1768.96	31804.92	0.0181	54857.74	2078.47	0.045602
590	26	60	2	1467	0	0	0	0	21071.37	34856	20471	1768.96	31804.92	0.0181	54857.74	2078.47	0.017791
591	26	61	2	1484	0	0	59	0	21071.37	25471	23839	1442.83	90436.75	0.02	44287.14	2427.99	0.065441
592	26	64	2	1484	0	0	131	0	21071.37	25471	23839	1442.83	90436.75	0.02	44287.14	2427.99	0.066151
593	26	65	2	1484	0	0	0	50.28	21071.37	25471	23839	1442.83	90436.75	0.02	44287.14	2427.99	0.064858
594	26	69	2	1484	27	17	0	47.86	21071.37	25471	23839	1442.83	90436.75	0.02	44287.14	2427.99	0.089878
595	26	71	2	1484	0	0	107	0	21071.37	25471	23839	1442.83	90436.75	0.02	44287.14	2427.99	0.065914
596	27	49	2	542	0	0	72	0	21071.37	34078	479845	530.35	44166.67	-0.0199	6076.64	48719.23	0.025886
597	27	55	2	542	45	12	0	77	21071.37	34078	479845	530.35	44166.67	-0.0199	6076.64	48719.23	0.022317
598	27	59	2	542	0	0	148	0	21071.37	34078	479845	530.35	44166.67	-0.0199	6076.64	48719.23	0.031353
599	27	61	2	549	0	0	0	251.18	21071.37	23262	508594	611.08	129550.83	-0.0006	7040.77	51797.7	0.081459
600	27	63	2	549	0	0	96	0	21071.37	23262	508594	611.08	129550.83	-0.0006	7040.77	51797.7	0.087418
601	27	68	2	549	14	1	0	0	21071.37	23262	508594	611.08	129550.83	-0.0006	7040.77	51797.7	0.081858
602	27	69	2	549	32	11	0	181.68	21071.37	23262	508594	611.08	129550.83	-0.0006	7040.77	51797.7	0.082605
603	28	49	2	1472	30	16	0	0	21071.37	23292	1626966	1720.84	171875.08	0.019	1896.07	165187.84	0.081595
604	28	52	2	1472	0	0	155	0	21071.37	23292	1626966	1720.84	171875.08	0.019	1896.07	165187.84	0.116944
605	28	57	2	1472	18	18	0	85.23	21071.37	23292	1626966	1720.84	171875.08	0.019	1896.07	165187.84	0.081512
606	28	61	2	1492	45	20	0	0	21071.37	29336	1725811	1517.17	164931.92	0.0238	1657.7	175765.19	0.042338
607	28	63	2	1492	0	0	0	122.53	21071.37	29336	1725811	1517.17	164931.92	0.0238	1657.7	175765.19	0.041827
608	28	64	2	1492	0	0	0	133.3	21071.37	29336	1725811	1517.17	164931.92	0.0238	1657.7	175765.19	0.041827
609	28	66	2	1492	0	0	0	107.78	21071.37	29336	1725811	1517.17	164931.92	0.0238	1657.7	175765.19	0.041827
610	28	67	2	1492	0	0	191	132.02	21071.37	29336	1725811	1517.17	164931.92	0.0238	1657.7	175765.19	0.092189
611	28	70	2	1492	0	0	46	0	21071.37	29336	1725811	1517.17	164931.92	0.0238	1657.7	175765.19	0.053956
612	28	72	2	1492	0	0	52	205.63	21071.37	29336	1725811	1517.17	164931.92	0.0238	1657.7	175765.19	0.055538
613	29	49	2	6728	0	0	107	0	20591.62	23507	87507628	5012.43	278621.67	0.0167	3351.49	8884754.48	0.089106
614	29	50	2	6728	0	0	0	0	21115.86	23507	87507628	5012.43	278621.67	0.0167	3351.49	8884754.48	0.079864
615	29	51	2	6728	0	0	0	0	20848.07	23507	87507628	5012.43	278621.67	0.0167	3351.49	8884754.48	0.077456
616	29	52	2	6728	0	0	0	0	20879.07	23507	87507628	5012.43	278621.67	0.0167	3351.49	8884754.48	0.077735
617	29	53	2	6728	0	0	31	0	20961.08	23507	87507628	5012.43	278621.67	0.0167	3351.49	8884754.48	0.082515
618	29	54	2	6728	0	0	0	0	20868.47	23507	87507628	5012.43	278621.67	0.0167	3351.49	8884754.48	0.07764
619	29	55	2	6728	10	5	0	0	20555	23507	87507628	5012.43	278621.67	0.0167	3351.49	8884754.48	0.074824
620	29	56	2	6728	0	0	166	251.25	21145.74	23507	87507628	5012.43	278621.67	0.0167	3351.49	8884754.48	0.101782
621	29	57	2	6728	0	0	0	0	21223.6	23507	87507628	5012.43	278621.67	0.0167	3351.49	8884754.48	0.080832
622	29	58	2	6728	0	0	0	0	20742.95	23507	87507628	5012.43	278621.67	0.0167	3351.49	8884754.48	0.076511
623	29	59	2	6728	18	5	116	0	20772.75	23507	87507628	5012.43	278621.67	0.0167	3351.49	8884754.48	0.091911
624	29	60	2	6728	0	0	0	0	21130.7	23507	87507628	5012.43	278621.67	0.0167	3351.49	8884754.48	0.079997
625	29	61	2	6811	0	0	125	0	20816.75	33879	92744175	7900.99	168327.67	-0.0031	3755.66	9445526.79	0.034434
626	29	62	2	6811	0	0	0	0	21131.24	33879	92744175	7900.99	168327.67	-0.0031	3755.66	9445526.79	0.021848
627	29	63	2	6811	21	18	0	0	21465.33	33879	92744175	7900.99	168327.67	-0.0031	3755.66	9445526.79	0.023937
628	29	64	2	6811	0	0	0	0	20832.83	33879	92744175	7900.99	168327.67	-0.0031	3755.66	9445526.79	0.019987
629	29	65	2	6811	0	0	0	0	21173.53	33879	92744175	7900.99	168327.67	-0.0031	3755.66	9445526.79	0.022112
630	29	66	2	6811	0	0	0	0	20989.62	33879	92744175	7900.99	168327.67	-0.0031	3755.66	9445526.79	0.020965
631	29	67	2	6811	8	16	0	34.57	21029.1	33879	92744175	7900.99	168327.67	-0.0031	3755.66	9445526.79	0.021214
632	29	68	2	6811	0	0	0	0	21292.64	33879	92744175	7900.99	168327.67	-0.0031	3755.66	9445526.79	0.022855
633	29	69	2	6811	0	0	0	0	20885.47	33879	92744175	7900.99	168327.67	-0.0031	3755.66	9445526.79	0.020315
634	29	70	2	6811	0	0	0	0	21151.74	33879	92744175	7900.99	168327.67	-0.0031	3755.66	9445526.79	0.021976
635	29	71	2	6811	0	0	0	0	21103.95	33879	92744175	7900.99	168327.67	-0.0031	3755.66	9445526.79	0.021678
636	29	72	2	6811	0	0	0	0	20650.82	33879	92744175	7900.99	168327.67	-0.0031	3755.66	9445526.79	0.018852
637	30	49	2	1503	0	0	0	280.75	21134.7	34218	5326000	1152.45	16152	0.0192	10041.78	540755.17	0.020564
638	30	50	2	1503	0	0	0	0	20848.64	34218	5326000	1152.45	16152	0.0192	10041.78	540755.17	0.018797
639	30	51	2	1503	0	0	0	25.65	20651.32	34218	5326000	1152.45	16152	0.0192	10041.78	540755.17	0.017579
640	30	52	2	1503	0	0	0	267.31	20420.38	34218	5326000	1152.45	16152	0.0192	10041.78	540755.17	0.016152
641	30	53	2	1503	0	0	0	196.95	20958.22	34218	5326000	1152.45	16152	0.0192	10041.78	540755.17	0.019474
642	30	54	2	1503	0	0	0	0	20971.81	34218	5326000	1152.45	16152	0.0192	10041.78	540755.17	0.019558
643	30	55	2	1503	0	0	0	0	20790.65	34218	5326000	1152.45	16152	0.0192	10041.78	540755.17	0.018439
644	30	56	2	1503	0	0	0	0	20884.2	34218	5326000	1152.45	16152	0.0192	10041.78	540755.17	0.019017
645	30	57	2	1503	0	0	0	0	21031.39	34218	5326000	1152.45	16152	0.0192	10041.78	540755.17	0.019926
646	30	58	2	1503	42	1	0	0	21000.54	34218	5326000	1152.45	16152	0.0192	10041.78	540755.17	0.019845
647	30	59	2	1503	0	0	0	0	21158.23	34218	5326000	1152.45	16152	0.0192	10041.78	540755.17	0.020709
648	30	60	2	1503	0	0	16	0	21502.33	34218	5326000	1152.45	16152	0.0192	10041.78	540755.17	0.02353
649	30	61	2	1525	0	0	0	0	20733.52	29187	5335400	1258.37	212425.17	0.0386	11011.52	543383.6	0.040156
650	30	62	2	1525	0	0	0	0	20690.2	29187	5335400	1258.37	212425.17	0.0386	11011.52	543383.6	0.039843
651	30	63	2	1525	0	0	0	0	21129.84	29187	5335400	1258.37	212425.17	0.0386	11011.52	543383.6	0.043025
652	30	64	2	1525	0	0	0	0	21339.46	29187	5335400	1258.37	212425.17	0.0386	11011.52	543383.6	0.044543
653	30	65	2	1525	0	0	0	0	21470.4	29187	5335400	1258.37	212425.17	0.0386	11011.52	543383.6	0.045491
654	30	66	2	1525	0	0	0	0	21074.24	29187	5335400	1258.37	212425.17	0.0386	11011.52	543383.6	0.042623
655	30	67	2	1525	0	0	0	0	20834.42	29187	5335400	1258.37	212425.17	0.0386	11011.52	543383.6	0.040887
656	30	68	2	1525	0	0	0	0	21348.7	29187	5335400	1258.37	212425.17	0.0386	11011.52	543383.6	0.04461
657	30	69	2	1525	0	0	0	0	21249.86	29187	5335400	1258.37	212425.17	0.0386	11011.52	543383.6	0.043894
658	30	70	2	1525	0	0	0	280.66	21093.95	29187	5335400	1258.37	212425.17	0.0386	11011.52	543383.6	0.042766
659	30	71	2	1525	0	0	134	0	21024.29	29187	5335400	1258.37	212425.17	0.0386	11011.52	543383.6	0.04758
660	30	72	2	1525	0	0	0	23.92	20703.68	29187	5335400	1258.37	212425.17	0.0386	11011.52	543383.6	0.03994
661	31	49	2	9463	0	0	0	0	21047.17	32270	100452989	9873.48	208073.25	0.0337	27140.78	10199112.53	0.027869
662	31	50	2	9463	0	0	0	0	20081.7	32270	100452989	9873.48	208073.25	0.0337	27140.78	10199112.53	0.021547
663	31	51	2	9463	0	0	0	234.2	20786.92	32270	100452989	9873.48	208073.25	0.0337	27140.78	10199112.53	0.026165
664	31	52	2	9463	0	0	0	0	20693.9	32270	100452989	9873.48	208073.25	0.0337	27140.78	10199112.53	0.025556
665	31	53	2	9463	0	0	0	0	21024.69	32270	100452989	9873.48	208073.25	0.0337	27140.78	10199112.53	0.027722
666	31	54	2	9463	0	0	0	0	21159.69	32270	100452989	9873.48	208073.25	0.0337	27140.78	10199112.53	0.028606
667	31	55	2	9463	0	0	0	0	20796.54	32270	100452989	9873.48	208073.25	0.0337	27140.78	10199112.53	0.026228
668	31	56	2	9463	0	0	198	0	21195.61	32270	100452989	9873.48	208073.25	0.0337	27140.78	10199112.53	0.03203
669	31	57	2	9463	0	0	0	0	21059.3	32270	100452989	9873.48	208073.25	0.0337	27140.78	10199112.53	0.027949
670	31	58	2	9463	0	0	142	191.12	20866.51	32270	100452989	9873.48	208073.25	0.0337	27140.78	10199112.53	0.028973
671	31	59	2	9463	0	0	0	0	20875.12	32270	100452989	9873.48	208073.25	0.0337	27140.78	10199112.53	0.026742
672	31	60	2	9463	47	4	0	0	20836.58	32270	100452989	9873.48	208073.25	0.0337	27140.78	10199112.53	0.026497
673	31	61	2	9563	0	0	0	0	20486.82	37604	98605929	8311.93	188930.75	0.0322	22577.28	10042516.88	0.005171
674	31	62	2	9563	0	0	0	0	21143.01	37604	98605929	8311.93	188930.75	0.0322	22577.28	10042516.88	0.008858
675	31	63	2	9563	14	0	0	0	20860.52	37604	98605929	8311.93	188930.75	0.0322	22577.28	10042516.88	0.007273
676	31	64	2	9563	0	0	0	0	20837.81	37604	98605929	8311.93	188930.75	0.0322	22577.28	10042516.88	0.007143
677	31	65	2	9563	0	0	0	0	20700.35	37604	98605929	8311.93	188930.75	0.0322	22577.28	10042516.88	0.006371
678	31	66	2	9563	0	0	0	0	21078.07	37604	98605929	8311.93	188930.75	0.0322	22577.28	10042516.88	0.008493
679	31	67	2	9563	0	0	0	170.21	21065.77	37604	98605929	8311.93	188930.75	0.0322	22577.28	10042516.88	0.008424
680	31	68	2	9563	0	0	45	0	20942.68	37604	98605929	8311.93	188930.75	0.0322	22577.28	10042516.88	0.008604
681	31	69	2	9563	0	0	0	0	21211.04	37604	98605929	8311.93	188930.75	0.0322	22577.28	10042516.88	0.009241
682	31	70	2	9563	0	0	0	0	21065.67	37604	98605929	8311.93	188930.75	0.0322	22577.28	10042516.88	0.008424
683	31	71	2	9563	45	6	0	0	21139.62	37604	98605929	8311.93	188930.75	0.0322	22577.28	10042516.88	0.008846
684	31	72	2	9563	0	0	0	0	20560	37604	98605929	8311.93	188930.75	0.0322	22577.28	10042516.88	0.005582
685	32	49	2	3121	0	0	0	0	21302.09	29894	9616420	2567.68	79996.5	0.0202	9313.54	976366.7	0.040625
686	32	50	2	3121	0	0	0	0	20992.58	29894	9616420	2567.68	79996.5	0.0202	9313.54	976366.7	0.038437
687	32	51	2	3121	0	0	0	0	21317.23	29894	9616420	2567.68	79996.5	0.0202	9313.54	976366.7	0.040732
688	32	52	2	3121	0	0	0	0	21139.91	29894	9616420	2567.68	79996.5	0.0202	9313.54	976366.7	0.039479
689	32	53	2	3121	0	0	0	0	20498.44	29894	9616420	2567.68	79996.5	0.0202	9313.54	976366.7	0.034944
690	32	54	2	3121	0	0	187	0	21332.44	29894	9616420	2567.68	79996.5	0.0202	9313.54	976366.7	0.049616
691	32	55	2	3121	19	0	0	0	21013.98	29894	9616420	2567.68	79996.5	0.0202	9313.54	976366.7	0.038615
692	32	56	2	3121	0	0	0	193.29	21082.73	29894	9616420	2567.68	79996.5	0.0202	9313.54	976366.7	0.039075
693	32	57	2	3121	0	0	0	0	21087.33	29894	9616420	2567.68	79996.5	0.0202	9313.54	976366.7	0.039107
694	32	58	2	3121	0	0	0	200.22	20832.1	29894	9616420	2567.68	79996.5	0.0202	9313.54	976366.7	0.037303
695	32	59	2	3121	0	0	0	0	20962.24	29894	9616420	2567.68	79996.5	0.0202	9313.54	976366.7	0.038223
696	32	60	2	3121	0	0	105	0	20861.63	29894	9616420	2567.68	79996.5	0.0202	9313.54	976366.7	0.042439
697	32	61	2	3156	0	0	0	0	20794.56	23847	9183146	3753.13	90683.58	-0.0043	13142.1	935257.18	0.07431
698	32	62	2	3156	0	0	0	0	20976.53	23847	9183146	3753.13	90683.58	-0.0043	13142.1	935257.18	0.075923
699	32	63	2	3156	0	0	0	0	20797.61	23847	9183146	3753.13	90683.58	-0.0043	13142.1	935257.18	0.074337
700	32	64	2	3156	0	0	0	291.23	21175.11	23847	9183146	3753.13	90683.58	-0.0043	13142.1	935257.18	0.077682
701	32	65	2	3156	0	0	0	80.38	21030.33	23847	9183146	3753.13	90683.58	-0.0043	13142.1	935257.18	0.076399
702	32	66	2	3156	0	0	0	263.94	21064.62	23847	9183146	3753.13	90683.58	-0.0043	13142.1	935257.18	0.076703
703	32	67	2	3156	0	0	179	90.35	21041.98	23847	9183146	3753.13	90683.58	-0.0043	13142.1	935257.18	0.082456
704	32	68	2	3156	0	0	0	0	21262.21	23847	9183146	3753.13	90683.58	-0.0043	13142.1	935257.18	0.078454
705	32	69	2	3156	0	0	0	0	21270.94	23847	9183146	3753.13	90683.58	-0.0043	13142.1	935257.18	0.078531
706	32	70	2	3156	0	0	0	0	21031.44	23847	9183146	3753.13	90683.58	-0.0043	13142.1	935257.18	0.076409
707	32	71	2	3156	0	0	0	0	20955.08	23847	9183146	3753.13	90683.58	-0.0043	13142.1	935257.18	0.075733
708	32	72	2	3156	0	0	0	0	20870.99	23847	9183146	3753.13	90683.58	-0.0043	13142.1	935257.18	0.074987
709	33	49	2	2793	0	0	111	0	20912.24	30444	8654941	2956.03	79521	0.0134	16564.44	878746.52	0.038128
710	33	50	2	2793	0	0	0	0	21102.41	30444	8654941	2956.03	79521	0.0134	16564.44	878746.52	0.036519
711	33	51	2	2793	0	0	115	0	21135.57	30444	8654941	2956.03	79521	0.0134	16564.44	878746.52	0.039784
712	33	52	2	2793	0	0	0	0	21019.31	30444	8654941	2956.03	79521	0.0134	16564.44	878746.52	0.035942
713	33	53	2	2793	0	0	0	73.85	21247.74	30444	8654941	2956.03	79521	0.0134	16564.44	878746.52	0.037528
714	33	54	2	2793	0	0	0	0	21230.31	30444	8654941	2956.03	79521	0.0134	16564.44	878746.52	0.037407
715	33	55	2	2793	0	0	168	0	20988.66	30444	8654941	2956.03	79521	0.0134	16564.44	878746.52	0.040162
716	33	56	2	2793	29	10	0	143.12	21218.73	30444	8654941	2956.03	79521	0.0134	16564.44	878746.52	0.037387
717	33	57	2	2793	0	0	189	0	21196.09	30444	8654941	2956.03	79521	0.0134	16564.44	878746.52	0.042156
718	33	58	2	2793	97	17	0	0	20798.94	30444	8654941	2956.03	79521	0.0134	16564.44	878746.52	0.034591
719	33	59	2	2793	0	0	0	150.02	21245.96	30444	8654941	2956.03	79521	0.0134	16564.44	878746.52	0.037515
720	33	60	2	2793	0	0	210	0	20890.38	30444	8654941	2956.03	79521	0.0134	16564.44	878746.52	0.040589
721	33	61	2	2836	0	0	101	0	21274.05	33522	8671522	3404.04	286980.17	-0.002	18496.32	883150.79	0.026539
722	33	62	2	2836	0	0	91	0	20728.37	33522	8671522	3404.04	286980.17	-0.002	18496.32	883150.79	0.022863
723	33	63	2	2836	0	0	77	0	20820.43	33522	8671522	3404.04	286980.17	-0.002	18496.32	883150.79	0.023112
724	33	64	2	2836	0	0	0	106.03	21160.51	33522	8671522	3404.04	286980.17	-0.002	18496.32	883150.79	0.023436
725	33	65	2	2836	0	0	53	0	20912.45	33522	8671522	3404.04	286980.17	-0.002	18496.32	883150.79	0.023125
726	33	66	2	2836	30	4	0	128.71	20900.68	33522	8671522	3404.04	286980.17	-0.002	18496.32	883150.79	0.021851
727	33	67	2	2836	0	0	0	0	21291.65	33522	8671522	3404.04	286980.17	-0.002	18496.32	883150.79	0.024263
728	33	68	2	2836	0	0	0	0	21052.9	33522	8671522	3404.04	286980.17	-0.002	18496.32	883150.79	0.022758
729	33	69	2	2836	38	14	103	0	20730.79	33522	8671522	3404.04	286980.17	-0.002	18496.32	883150.79	0.023243
730	33	70	2	2836	0	0	0	0	20961.42	33522	8671522	3404.04	286980.17	-0.002	18496.32	883150.79	0.022181
731	33	71	2	2836	0	0	63	0	20685.26	33522	8671522	3404.04	286980.17	-0.002	18496.32	883150.79	0.021929
732	33	72	2	2836	23	12	123	9.21	21074.18	33522	8671522	3404.04	286980.17	-0.002	18496.32	883150.79	0.025853
733	34	49	2	2701	0	0	56	0	20851.73	24498	12180363	2686.04	226971.92	-0.0153	38105.41	1236686.91	0.070549
734	34	50	2	2701	0	0	0	0	20721.93	24498	12180363	2686.04	226971.92	-0.0153	38105.41	1236686.91	0.068787
735	34	51	2	2701	10	20	0	94.11	20734.19	24498	12180363	2686.04	226971.92	-0.0153	38105.41	1236686.91	0.068926
736	34	52	2	2701	0	0	0	0	20818.14	24498	12180363	2686.04	226971.92	-0.0153	38105.41	1236686.91	0.069617
737	34	53	2	2701	0	0	0	0	20944.86	24498	12180363	2686.04	226971.92	-0.0153	38105.41	1236686.91	0.07071
738	34	54	2	2701	0	0	20	16.39	21299.94	24498	12180363	2686.04	226971.92	-0.0153	38105.41	1236686.91	0.074002
739	34	55	2	2701	0	0	0	0	21021.45	24498	12180363	2686.04	226971.92	-0.0153	38105.41	1236686.91	0.071371
740	34	56	2	2701	0	0	0	0	21091.23	24498	12180363	2686.04	226971.92	-0.0153	38105.41	1236686.91	0.071973
741	34	57	2	2701	0	0	0	0	20868.2	24498	12180363	2686.04	226971.92	-0.0153	38105.41	1236686.91	0.070049
742	34	58	2	2701	0	0	0	0	20791.78	24498	12180363	2686.04	226971.92	-0.0153	38105.41	1236686.91	0.06939
743	34	59	2	2701	0	0	0	0	21159.21	24498	12180363	2686.04	226971.92	-0.0153	38105.41	1236686.91	0.072559
744	34	60	2	2701	0	0	0	245.53	20987.98	24498	12180363	2686.04	226971.92	-0.0153	38105.41	1236686.91	0.071082
745	34	61	2	2721	0	0	0	0	21024.93	20169	11879472	2896.02	213917.17	-0.0056	41190.23	1209864.39	0.110326
746	34	62	2	2721	0	0	0	0	20669.94	20169	11879472	2896.02	213917.17	-0.0056	41190.23	1209864.39	0.106606
747	34	63	2	2721	0	0	0	0	20991.97	20169	11879472	2896.02	213917.17	-0.0056	41190.23	1209864.39	0.10998
748	34	64	2	2721	0	0	91	137.38	20617.41	20169	11879472	2896.02	213917.17	-0.0056	41190.23	1209864.39	0.107022
749	34	65	2	2721	0	0	0	0	20835.16	20169	11879472	2896.02	213917.17	-0.0056	41190.23	1209864.39	0.108337
750	34	66	2	2721	4	6	122	0	21420.92	20169	11879472	2896.02	213917.17	-0.0056	41190.23	1209864.39	0.11578
751	34	67	2	2721	0	0	157	0	21116.03	20169	11879472	2896.02	213917.17	-0.0056	41190.23	1209864.39	0.112946
752	34	68	2	2721	0	0	0	0	20678.36	20169	11879472	2896.02	213917.17	-0.0056	41190.23	1209864.39	0.106695
753	34	69	2	2721	0	0	0	0	21063.17	20169	11879472	2896.02	213917.17	-0.0056	41190.23	1209864.39	0.110726
754	34	70	2	2721	0	0	0	139.52	21380.52	20169	11879472	2896.02	213917.17	-0.0056	41190.23	1209864.39	0.114051
755	34	71	2	2721	0	0	0	0	21165.58	20169	11879472	2896.02	213917.17	-0.0056	41190.23	1209864.39	0.111799
756	34	72	2	2721	0	0	194	0	21232.84	20169	11879472	2896.02	213917.17	-0.0056	41190.23	1209864.39	0.114562
757	35	49	2	5836	0	0	0	0	20864.42	27745	54491959	3939.43	237584.75	0.0325	10254.41	5532634.03	0.048955
758	35	50	2	5836	0	0	108	0	20598.48	27745	54491959	3939.43	237584.75	0.0325	10254.41	5532634.03	0.051533
759	35	51	2	5836	0	0	0	223.95	20938.68	27745	54491959	3939.43	237584.75	0.0325	10254.41	5532634.03	0.04952
760	35	52	2	5836	0	0	0	0	21298.17	27745	54491959	3939.43	237584.75	0.0325	10254.41	5532634.03	0.052258
761	35	53	2	5836	40	5	0	0	21170.42	27745	54491959	3939.43	237584.75	0.0325	10254.41	5532634.03	0.051296
762	35	54	2	5836	0	0	0	0	21161.38	27745	54491959	3939.43	237584.75	0.0325	10254.41	5532634.03	0.051216
763	35	55	2	5836	13	6	0	0	20719.06	27745	54491959	3939.43	237584.75	0.0325	10254.41	5532634.03	0.047852
764	35	56	2	5836	0	0	0	195.05	20958.38	27745	54491959	3939.43	237584.75	0.0325	10254.41	5532634.03	0.04967
765	35	57	2	5836	35	10	136	0	21099.05	27745	54491959	3939.43	237584.75	0.0325	10254.41	5532634.03	0.05655
766	35	58	2	5836	0	0	0	0	21130.46	27745	54491959	3939.43	237584.75	0.0325	10254.41	5532634.03	0.050981
767	35	59	2	5836	0	0	0	0	20522.19	27745	54491959	3939.43	237584.75	0.0325	10254.41	5532634.03	0.046348
768	35	60	2	5836	0	0	0	0	21244.58	27745	54491959	3939.43	237584.75	0.0325	10254.41	5532634.03	0.05185
769	35	61	2	5914	0	0	22	0	21008.09	35947	55997358	4928.58	22607	-0.0072	12173	5703048.7	0.014332
770	35	62	2	5914	0	0	0	0	21299.11	35947	55997358	4928.58	22607	-0.0072	12173	5703048.7	0.015253
771	35	63	2	5914	0	0	0	0	20745.58	35947	55997358	4928.58	22607	-0.0072	12173	5703048.7	0.011999
772	35	64	2	5914	0	0	0	29.58	20965.73	35947	55997358	4928.58	22607	-0.0072	12173	5703048.7	0.013293
773	35	65	2	5914	0	0	188	0	20801.32	35947	55997358	4928.58	22607	-0.0072	12173	5703048.7	0.019077
774	35	66	2	5914	0	0	0	206.36	21017.95	35947	55997358	4928.58	22607	-0.0072	12173	5703048.7	0.0136
775	35	67	2	5914	0	0	0	0	21163.69	35947	55997358	4928.58	22607	-0.0072	12173	5703048.7	0.014456
776	35	68	2	5914	0	0	21	0	20745.45	35947	55997358	4928.58	22607	-0.0072	12173	5703048.7	0.012752
777	35	69	2	5914	0	0	0	0	20991.26	35947	55997358	4928.58	22607	-0.0072	12173	5703048.7	0.013443
778	35	70	2	5914	0	0	0	0	20627.86	35947	55997358	4928.58	22607	-0.0072	12173	5703048.7	0.011307
779	35	71	2	5914	0	0	0	0	20731.54	35947	55997358	4928.58	22607	-0.0072	12173	5703048.7	0.011916
780	35	72	2	5914	0	0	0	0	20670.33	35947	55997358	4928.58	22607	-0.0072	12173	5703048.7	0.011556
781	36	49	2	8837	0	0	0	0	20970.96	20951	112189664	7298.14	214016.17	0.0034	7162.97	11390751.23	0.101559
782	36	50	2	8837	0	0	0	0	20849.23	20951	112189664	7298.14	214016.17	0.0034	7162.97	11390751.23	0.100332
783	36	51	2	8837	0	0	305	0	20720.13	20951	112189664	7298.14	214016.17	0.0034	7162.97	11390751.23	0.117641
784	36	52	2	8837	0	0	0	28.79	20870.97	20951	112189664	7298.14	214016.17	0.0034	7162.97	11390751.23	0.100551
785	36	53	2	8837	0	0	0	0	20880.95	20951	112189664	7298.14	214016.17	0.0034	7162.97	11390751.23	0.100652
786	36	54	2	8837	46	1	0	72.87	20809.39	20951	112189664	7298.14	214016.17	0.0034	7162.97	11390751.23	0.099935
787	36	55	2	8837	0	0	0	0	21215.62	20951	112189664	7298.14	214016.17	0.0034	7162.97	11390751.23	0.104027
788	36	56	2	8837	0	0	32	0	20942.25	20951	112189664	7298.14	214016.17	0.0034	7162.97	11390751.23	0.103222
789	36	57	2	8837	0	0	28	0	21002.74	20951	112189664	7298.14	214016.17	0.0034	7162.97	11390751.23	0.103589
790	36	58	2	8837	0	0	0	0	21176.89	20951	112189664	7298.14	214016.17	0.0034	7162.97	11390751.23	0.103636
791	36	59	2	8837	0	0	0	0	21303.4	20951	112189664	7298.14	214016.17	0.0034	7162.97	11390751.23	0.104912
792	36	60	2	8837	0	0	0	0	20562.94	20951	112189664	7298.14	214016.17	0.0034	7162.97	11390751.23	0.097444
793	36	61	2	8928	0	0	0	140.5	21323.58	22750	113038192	9032.67	92747.5	0.0279	8989.07	11512370.18	0.088109
794	36	62	2	8928	0	0	0	0	20597.39	22750	113038192	9032.67	92747.5	0.0279	8989.07	11512370.18	0.081364
795	36	63	2	8928	0	0	0	0	20601.54	22750	113038192	9032.67	92747.5	0.0279	8989.07	11512370.18	0.081402
796	36	64	2	8928	0	0	0	0	21210.12	22750	113038192	9032.67	92747.5	0.0279	8989.07	11512370.18	0.087055
797	36	65	2	8928	0	0	128	0	20830.14	22750	113038192	9032.67	92747.5	0.0279	8989.07	11512370.18	0.08975
798	36	66	2	8928	36	1	0	0	20948.28	22750	113038192	9032.67	92747.5	0.0279	8989.07	11512370.18	0.084628
799	36	67	2	8928	7	19	0	0	21549.63	22750	113038192	9032.67	92747.5	0.0279	8989.07	11512370.18	0.090212
800	36	68	2	8928	0	0	0	0	20854.92	22750	113038192	9032.67	92747.5	0.0279	8989.07	11512370.18	0.083756
801	36	69	2	8928	0	0	0	0	21281.37	22750	113038192	9032.67	92747.5	0.0279	8989.07	11512370.18	0.087717
802	36	70	2	8928	0	0	0	0	21038.06	22750	113038192	9032.67	92747.5	0.0279	8989.07	11512370.18	0.085457
803	36	71	2	8928	0	0	0	0	21105.67	22750	113038192	9032.67	92747.5	0.0279	8989.07	11512370.18	0.086085
804	36	72	2	8928	0	0	102	327.91	21255.88	22750	113038192	9032.67	92747.5	0.0279	8989.07	11512370.18	0.09244
805	37	49	2	15588	0	0	0	0	20928.14	27846	165399652	19355.72	254820.58	-0.0103	47388.97	16793225.16	0.048862
806	37	50	2	15588	4	1	0	166.49	21002.03	27846	165399652	19355.72	254820.58	-0.0103	47388.97	16793225.16	0.049423
807	37	51	2	15588	0	0	0	0	20748.18	27846	165399652	19355.72	254820.58	-0.0103	47388.97	16793225.16	0.047496
808	37	52	2	15588	0	0	0	0	20455.79	27846	165399652	19355.72	254820.58	-0.0103	47388.97	16793225.16	0.045277
809	37	53	2	15588	0	0	0	0	20678.81	27846	165399652	19355.72	254820.58	-0.0103	47388.97	16793225.16	0.04697
810	37	54	2	15588	0	0	0	152.33	21053.37	27846	165399652	19355.72	254820.58	-0.0103	47388.97	16793225.16	0.049812
811	37	55	2	15588	0	0	0	53.14	21067.45	27846	165399652	19355.72	254820.58	-0.0103	47388.97	16793225.16	0.049919
812	37	56	2	15588	0	0	0	0	20936.4	27846	165399652	19355.72	254820.58	-0.0103	47388.97	16793225.16	0.048925
813	37	57	2	15588	0	0	152	0	21307.71	27846	165399652	19355.72	254820.58	-0.0103	47388.97	16793225.16	0.053144
814	37	58	2	15588	0	0	0	0	21299.99	27846	165399652	19355.72	254820.58	-0.0103	47388.97	16793225.16	0.051684
815	37	59	2	15588	0	0	0	0	21067.64	27846	165399652	19355.72	254820.58	-0.0103	47388.97	16793225.16	0.049921
816	37	60	2	15588	0	0	63	0	20877.25	27846	165399652	19355.72	254820.58	-0.0103	47388.97	16793225.16	0.049057
817	37	61	2	15785	0	0	0	181.9	21107.85	28685	166502528	19245.52	272847.5	0.0368	48744.62	16957443.35	0.045541
818	37	62	2	15785	45	12	0	0	20690.21	28685	166502528	19245.52	272847.5	0.0368	48744.62	16957443.35	0.042469
819	37	63	2	15785	0	0	0	0	20973.83	28685	166502528	19245.52	272847.5	0.0368	48744.62	16957443.35	0.044553
820	37	64	2	15785	0	0	0	0	21138.16	28685	166502528	19245.52	272847.5	0.0368	48744.62	16957443.35	0.045764
821	37	65	2	15785	0	0	0	0	20807.07	28685	166502528	19245.52	272847.5	0.0368	48744.62	16957443.35	0.043325
822	37	66	2	15785	0	0	0	0	21095.04	28685	166502528	19245.52	272847.5	0.0368	48744.62	16957443.35	0.045446
823	37	67	2	15785	0	0	0	0	20593.51	28685	166502528	19245.52	272847.5	0.0368	48744.62	16957443.35	0.041752
824	37	68	2	15785	20	16	30	0	21035.93	28685	166502528	19245.52	272847.5	0.0368	48744.62	16957443.35	0.045283
825	37	69	2	15785	0	0	123	0	20883.32	28685	166502528	19245.52	272847.5	0.0368	48744.62	16957443.35	0.04499
826	37	70	2	15785	0	0	57	0	20985.25	28685	166502528	19245.52	272847.5	0.0368	48744.62	16957443.35	0.045149
827	37	71	2	15785	0	0	0	146.61	20764.61	28685	166502528	19245.52	272847.5	0.0368	48744.62	16957443.35	0.043012
828	37	72	2	15785	0	0	0	0	21148.47	28685	166502528	19245.52	272847.5	0.0368	48744.62	16957443.35	0.04584
829	1	49	1	5554	0	0	161	0	105386.78	125005	461487	759.16	4022.08	0.03	6110.85	1086695	0.079711
830	1	50	1	5554	33	5	0	0	105406.81	125005	461487	759.16	4022.08	0.03	6110.85	1086695	0.069345
831	1	51	1	5554	14	0	0	0	105366.29	125005	461487	759.16	4022.08	0.03	6110.85	1086695	0.068572
832	1	52	1	5554	0	0	123	0	104154.64	125005	461487	759.16	4022.08	0.03	6110.85	1086695	0.07491
833	1	53	1	5554	0	0	105	0	104409.12	125005	461487	759.16	4022.08	0.03	6110.85	1086695	0.074053
834	1	54	1	5554	0	0	0	0	105938.66	125005	461487	759.16	4022.08	0.03	6110.85	1086695	0.069128
835	1	55	1	5554	0	0	0	0	105574.83	125005	461487	759.16	4022.08	0.03	6110.85	1086695	0.068513
836	1	56	1	5554	0	0	0	0	105164.41	125005	461487	759.16	4022.08	0.03	6110.85	1086695	0.067819
837	1	57	1	5554	0	0	0	0	104346.53	125005	461487	759.16	4022.08	0.03	6110.85	1086695	0.066437
838	1	58	1	5554	0	0	0	0	106522.23	125005	461487	759.16	4022.08	0.03	6110.85	1086695	0.070115
839	1	59	1	5554	0	0	0	0	104963.9	125005	461487	759.16	4022.08	0.03	6110.85	1086695	0.06748
840	1	60	1	5554	0	0	0	0	104997.33	125005	461487	759.16	4022.08	0.03	6110.85	1086695	0.067537
841	1	61	1	5626	0	0	0	0	105463.73	116290	466908	1472.14	13415.25	0.0394	11806.82	3713761.67	0.081686
842	1	62	1	5626	33	10	0	66.34	104257.92	116290	466908	1472.14	13415.25	0.0394	11806.82	3713761.67	0.080743
843	1	63	1	5626	0	0	180	0	105622.19	116290	466908	1472.14	13415.25	0.0394	11806.82	3713761.67	0.088637
844	1	64	1	5626	0	0	0	0	104981.78	116290	466908	1472.14	13415.25	0.0394	11806.82	3713761.67	0.08081
845	1	65	1	5626	0	0	148	0	105673.62	116290	466908	1472.14	13415.25	0.0394	11806.82	3713761.67	0.087546
846	1	66	1	5626	29	17	0	0	106591.23	116290	466908	1472.14	13415.25	0.0394	11806.82	3713761.67	0.08507
847	1	67	1	5626	0	0	0	0	104618.51	116290	466908	1472.14	13415.25	0.0394	11806.82	3713761.67	0.08015
848	1	68	1	5626	0	0	0	0	104876.29	116290	466908	1472.14	13415.25	0.0394	11806.82	3713761.67	0.080618
849	1	69	1	5626	0	0	0	0	104606.81	116290	466908	1472.14	13415.25	0.0394	11806.82	3713761.67	0.080129
850	1	70	1	5626	0	0	200	0	106172.7	116290	466908	1472.14	13415.25	0.0394	11806.82	3713761.67	0.090378
851	1	71	1	5626	0	0	0	0	104224.25	116290	466908	1472.14	13415.25	0.0394	11806.82	3713761.67	0.079433
852	1	72	1	5626	0	0	0	149.51	105717.72	116290	466908	1472.14	13415.25	0.0394	11806.82	3713761.67	0.082147
853	2	49	1	4433	0	0	0	0	104581.14	102707	396717	1023.35	24243	-0.0153	3401.93	6737415.83	0.105214
854	2	50	1	4433	0	0	0	0	105319.84	102707	396717	1023.35	24243	-0.0153	3401.93	6737415.83	0.106734
855	2	51	1	4433	0	0	0	0	105461.82	102707	396717	1023.35	24243	-0.0153	3401.93	6737415.83	0.107026
856	2	52	1	4433	0	0	79	0	105344.68	102707	396717	1023.35	24243	-0.0153	3401.93	6737415.83	0.116935
857	2	53	1	4433	0	0	0	0	105189.8	102707	396717	1023.35	24243	-0.0153	3401.93	6737415.83	0.106466
858	2	54	1	4433	0	0	0	130.45	104000.84	102707	396717	1023.35	24243	-0.0153	3401.93	6737415.83	0.10402
859	2	55	1	4433	49	4	0	0	104721.55	102707	396717	1023.35	24243	-0.0153	3401.93	6737415.83	0.107314
860	2	56	1	4433	0	0	198	0	105012.28	102707	396717	1023.35	24243	-0.0153	3401.93	6737415.83	0.131541
861	2	57	1	4433	0	0	0	0	105678.24	102707	396717	1023.35	24243	-0.0153	3401.93	6737415.83	0.107471
862	2	58	1	4433	0	0	0	0	106018.41	102707	396717	1023.35	24243	-0.0153	3401.93	6737415.83	0.108171
863	2	59	1	4433	0	0	103	0	104660.44	102707	396717	1023.35	24243	-0.0153	3401.93	6737415.83	0.118611
864	2	60	1	4433	0	0	59	166.04	104003.8	102707	396717	1023.35	24243	-0.0153	3401.93	6737415.83	0.111607
865	2	61	1	4461	0	0	0	0	104662.47	122382	399371	1122.76	3139.08	0.0187	3837.03	682279.17	0.070763
866	2	62	1	4461	0	0	0	0	105675.95	122382	399371	1122.76	3139.08	0.0187	3837.03	682279.17	0.072513
867	2	63	1	4461	19	0	0	0	104296.8	122382	399371	1122.76	3139.08	0.0187	3837.03	682279.17	0.070776
868	2	64	1	4461	0	0	0	0	103052.65	122382	399371	1122.76	3139.08	0.0187	3837.03	682279.17	0.067983
869	2	65	1	4461	0	0	0	0	105427.44	122382	399371	1122.76	3139.08	0.0187	3837.03	682279.17	0.072084
870	2	66	1	4461	0	0	0	0	104190.89	122382	399371	1122.76	3139.08	0.0187	3837.03	682279.17	0.069949
871	2	67	1	4461	0	0	0	77.2	104151.16	122382	399371	1122.76	3139.08	0.0187	3837.03	682279.17	0.06988
872	2	68	1	4461	0	0	0	0	106150.69	122382	399371	1122.76	3139.08	0.0187	3837.03	682279.17	0.073332
873	2	69	1	4461	18	13	0	0	104083.73	122382	399371	1122.76	3139.08	0.0187	3837.03	682279.17	0.070816
874	2	70	1	4461	0	0	79	0	105745.28	122382	399371	1122.76	3139.08	0.0187	3837.03	682279.17	0.081632
875	2	71	1	4461	0	0	0	0	104735.53	122382	399371	1122.76	3139.08	0.0187	3837.03	682279.17	0.070889
876	2	72	1	4461	0	0	0	0	103842.83	122382	399371	1122.76	3139.08	0.0187	3837.03	682279.17	0.069348
877	3	49	1	12431	0	0	0	0	142550	119730	21925	2652.03	12438.17	-0.0114	5993.1	3696387.5	0.141633
878	3	50	1	12431	0	0	0	230.97	141684.13	119730	21925	2652.03	12438.17	-0.0114	5993.1	3696387.5	0.140104
879	3	51	1	12431	0	0	0	0	142662.7	119730	21925	2652.03	12438.17	-0.0114	5993.1	3696387.5	0.141832
880	3	52	1	12431	0	0	0	0	143015.15	119730	21925	2652.03	12438.17	-0.0114	5993.1	3696387.5	0.142454
881	3	53	1	12431	0	0	0	0	142350.72	119730	21925	2652.03	12438.17	-0.0114	5993.1	3696387.5	0.141281
882	3	54	1	12431	50	0	0	0	140963.33	119730	21925	2652.03	12438.17	-0.0114	5993.1	3696387.5	0.169746
883	3	55	1	12431	0	0	0	153.75	138985.51	119730	21925	2652.03	12438.17	-0.0114	5993.1	3696387.5	0.135342
884	3	56	1	12431	0	0	0	0	138657.58	119730	21925	2652.03	12438.17	-0.0114	5993.1	3696387.5	0.134763
885	3	57	1	12431	30	8	25	0	139511.11	119730	21925	2652.03	12438.17	-0.0114	5993.1	3696387.5	0.161587
886	3	58	1	12431	23	15	0	0	140032.61	119730	21925	2652.03	12438.17	-0.0114	5993.1	3696387.5	0.160684
887	3	59	1	12431	0	0	142	0	138352.38	119730	21925	2652.03	12438.17	-0.0114	5993.1	3696387.5	0.144581
888	3	60	1	12431	0	0	0	0	138196.97	119730	21925	2652.03	12438.17	-0.0114	5993.1	3696387.5	0.13395
889	3	61	1	12537	49	20	0	0	138510.14	117788	18076	1734.34	17045.17	-0.0005	3929	4694981.67	0.190278
890	3	62	1	12537	0	0	64	0	138082.5	117788	18076	1734.34	17045.17	-0.0005	3929	4694981.67	0.144886
891	3	63	1	12537	0	0	166	151.41	140269.84	117788	18076	1734.34	17045.17	-0.0005	3929	4694981.67	0.160157
892	3	64	1	12537	0	0	0	0	140713.64	117788	18076	1734.34	17045.17	-0.0005	3929	4694981.67	0.142486
893	3	65	1	12537	20	15	0	0	138887.12	117788	18076	1734.34	17045.17	-0.0005	3929	4694981.67	0.165457
894	3	66	1	12537	0	0	0	0	139057.14	117788	18076	1734.34	17045.17	-0.0005	3929	4694981.67	0.139514
895	3	67	1	12537	20	19	0	0	138700	117788	18076	1734.34	17045.17	-0.0005	3929	4694981.67	0.168121
896	3	68	1	12537	0	0	0	0	138085.71	117788	18076	1734.34	17045.17	-0.0005	3929	4694981.67	0.137772
897	3	69	1	12537	26	5	142	270.19	138300	117788	18076	1734.34	17045.17	-0.0005	3929	4694981.67	0.177201
898	3	70	1	12537	0	0	0	0	138300	117788	18076	1734.34	17045.17	-0.0005	3929	4694981.67	0.138156
899	3	71	1	12537	0	0	123	432.82	138675	117788	18076	1734.34	17045.17	-0.0005	3929	4694981.67	0.152512
900	3	72	1	12537	0	0	0	0	140011.59	117788	18076	1734.34	17045.17	-0.0005	3929	4694981.67	0.141227
901	4	49	1	2112	0	0	159	0	106317.09	125005	111626	390.76	15398.17	-0.0034	3413.02	4361728.33	0.09013
902	4	50	1	2112	0	0	0	86.72	104033.03	125005	111626	390.76	15398.17	-0.0034	3413.02	4361728.33	0.065907
903	4	51	1	2112	0	0	100	0	103291.64	125005	111626	390.76	15398.17	-0.0034	3413.02	4361728.33	0.07746
904	4	52	1	2112	0	0	193	0	102677.94	125005	111626	390.76	15398.17	-0.0034	3413.02	4361728.33	0.088333
905	4	53	1	2112	0	0	353	0	105814.73	125005	111626	390.76	15398.17	-0.0034	3413.02	4361728.33	0.114126
906	4	54	1	2112	0	0	0	0	104475.38	125005	111626	390.76	15398.17	-0.0034	3413.02	4361728.33	0.066655
907	4	55	1	2112	38	14	0	0	106728.58	125005	111626	390.76	15398.17	-0.0034	3413.02	4361728.33	0.076778
908	4	56	1	2112	0	0	0	0	105132.34	125005	111626	390.76	15398.17	-0.0034	3413.02	4361728.33	0.067765
909	4	57	1	2112	0	0	0	0	105213.7	125005	111626	390.76	15398.17	-0.0034	3413.02	4361728.33	0.067903
910	4	58	1	2112	0	0	0	0	106951.79	125005	111626	390.76	15398.17	-0.0034	3413.02	4361728.33	0.070841
911	4	59	1	2112	0	0	121	48.13	106493.24	125005	111626	390.76	15398.17	-0.0034	3413.02	4361728.33	0.085562
912	4	60	1	2112	16	4	0	0	104578.74	125005	111626	390.76	15398.17	-0.0034	3413.02	4361728.33	0.069258
913	4	61	1	2138	28	10	35	0	104237.06	112328	112118	368.81	18511.83	0.0132	3235.42	3892275	0.09546
914	4	62	1	2138	0	0	0	0	103437.81	112328	112118	368.81	18511.83	0.0132	3235.42	3892275	0.084634
915	4	63	1	2138	0	0	0	0	106399.68	112328	112118	368.81	18511.83	0.0132	3235.42	3892275	0.090206
916	4	64	1	2138	0	0	0	0	103625.25	112328	112118	368.81	18511.83	0.0132	3235.42	3892275	0.084987
917	4	65	1	2138	0	0	0	0	103946.95	112328	112118	368.81	18511.83	0.0132	3235.42	3892275	0.085592
918	4	66	1	2138	0	0	0	0	105006.22	112328	112118	368.81	18511.83	0.0132	3235.42	3892275	0.087584
919	4	67	1	2138	0	0	0	45.48	103200.13	112328	112118	368.81	18511.83	0.0132	3235.42	3892275	0.084187
920	4	68	1	2138	0	0	159	0	104100.5	112328	112118	368.81	18511.83	0.0132	3235.42	3892275	0.107361
921	4	69	1	2138	0	0	0	0	104594.21	112328	112118	368.81	18511.83	0.0132	3235.42	3892275	0.086809
922	4	70	1	2138	0	0	0	0	105583.43	112328	112118	368.81	18511.83	0.0132	3235.42	3892275	0.08867
923	4	71	1	2138	0	0	0	0	104324.02	112328	112118	368.81	18511.83	0.0132	3235.42	3892275	0.086301
924	4	72	1	2138	0	0	0	83.95	104573.14	112328	112118	368.81	18511.83	0.0132	3235.42	3892275	0.08677
925	5	49	1	3759	0	0	0	0	106201.62	119143	285797	902.28	19143.83	0.0331	2861.87	5626474.17	0.078405
926	5	50	1	3759	0	0	135	0	105051.53	119143	285797	902.28	19143.83	0.0331	2861.87	5626474.17	0.096984
927	5	51	1	3759	0	0	348	0	105659.66	119143	285797	902.28	19143.83	0.0331	2861.87	5626474.17	0.130594
928	5	52	1	3759	0	0	0	0	103258.76	119143	285797	902.28	19143.83	0.0331	2861.87	5626474.17	0.073186
929	5	53	1	3759	0	0	0	0	104597.73	119143	285797	902.28	19143.83	0.0331	2861.87	5626474.17	0.075561
930	5	54	1	3759	0	0	0	0	106405.98	119143	285797	902.28	19143.83	0.0331	2861.87	5626474.17	0.078768
931	5	55	1	3759	0	0	0	0	104216.6	119143	285797	902.28	19143.83	0.0331	2861.87	5626474.17	0.074885
932	5	56	1	3759	0	0	52	0	105110.84	119143	285797	902.28	19143.83	0.0331	2861.87	5626474.17	0.084413
933	5	57	1	3759	0	0	0	13.16	103978.53	119143	285797	902.28	19143.83	0.0331	2861.87	5626474.17	0.074463
934	5	58	1	3759	0	0	157	88.4	103232.61	119143	285797	902.28	19143.83	0.0331	2861.87	5626474.17	0.097118
935	5	59	1	3759	0	0	0	208.85	104256.04	119143	285797	902.28	19143.83	0.0331	2861.87	5626474.17	0.074955
936	5	60	1	3759	0	0	0	0	105300.78	119143	285797	902.28	19143.83	0.0331	2861.87	5626474.17	0.076808
937	5	61	1	3781	0	0	0	0	103169.6	103900	286083	992.64	10295.75	0.0211	3093.81	3055991.67	0.099873
938	5	62	1	3781	0	0	15	0	106023.31	103900	286083	992.64	10295.75	0.0211	3093.81	3055991.67	0.107796
939	5	63	1	3781	0	0	110	0	105641	103900	286083	992.64	10295.75	0.0211	3093.81	3055991.67	0.12044
940	5	64	1	3781	0	0	139	0	105657.56	103900	286083	992.64	10295.75	0.0211	3093.81	3055991.67	0.12457
941	5	65	1	3781	0	0	0	98.02	104003.43	103900	286083	992.64	10295.75	0.0211	3093.81	3055991.67	0.101568
942	5	66	1	3781	0	0	0	0	105311.5	103900	286083	992.64	10295.75	0.0211	3093.81	3055991.67	0.104229
943	5	67	1	3781	0	0	0	0	105625.6	103900	286083	992.64	10295.75	0.0211	3093.81	3055991.67	0.104867
944	5	68	1	3781	0	0	0	0	104816.65	103900	286083	992.64	10295.75	0.0211	3093.81	3055991.67	0.103222
945	5	69	1	3781	0	0	0	0	105189.21	103900	286083	992.64	10295.75	0.0211	3093.81	3055991.67	0.10398
946	5	70	1	3781	0	0	0	0	104825.23	103900	286083	992.64	10295.75	0.0211	3093.81	3055991.67	0.10324
947	5	71	1	3781	0	0	0	0	105349.43	103900	286083	992.64	10295.75	0.0211	3093.81	3055991.67	0.104306
948	5	72	1	3781	0	0	283	145.34	106480.52	103900	286083	992.64	10295.75	0.0211	3093.81	3055991.67	0.146589
949	6	49	1	10684	0	0	0	0	163110.14	109127	2684	2493.14	8721.25	-0.0192	8948.38	1843202.5	0.205889
950	6	50	1	10684	0	0	60	0	161797.62	109127	2684	2493.14	8721.25	-0.0192	8948.38	1843202.5	0.206278
951	6	51	1	10684	0	0	142	0	163982.54	109127	2684	2493.14	8721.25	-0.0192	8948.38	1843202.5	0.214514
952	6	52	1	10684	0	0	101	0	162831.82	109127	2684	2493.14	8721.25	-0.0192	8948.38	1843202.5	0.210283
953	6	53	1	10684	0	0	0	0	163158.7	109127	2684	2493.14	8721.25	-0.0192	8948.38	1843202.5	0.205983
954	6	54	1	10684	0	0	0	0	160683.33	109127	2684	2493.14	8721.25	-0.0192	8948.38	1843202.5	0.20119
955	6	55	1	10684	0	0	0	0	159341.3	109127	2684	2493.14	8721.25	-0.0192	8948.38	1843202.5	0.198591
956	6	56	1	10684	1	13	0	0	163437.12	109127	2684	2493.14	8721.25	-0.0192	8948.38	1843202.5	0.277229
957	6	57	1	10684	46	20	0	0	162569.05	109127	2684	2493.14	8721.25	-0.0192	8948.38	1843202.5	0.538174
958	6	58	1	10684	0	0	0	0	162662.32	109127	2684	2493.14	8721.25	-0.0192	8948.38	1843202.5	0.205022
959	6	59	1	10684	0	0	0	0	158889.68	109127	2684	2493.14	8721.25	-0.0192	8948.38	1843202.5	0.197717
960	6	60	1	10684	0	0	0	0	155324.24	109127	2684	2493.14	8721.25	-0.0192	8948.38	1843202.5	0.190813
961	6	61	1	10678	0	0	196	0	154466.67	94575	2764	2660.6	11527.42	0.0089	9829.37	2525207.5	0.24389
962	6	62	1	10678	41	14	0	0	147783.33	94575	2764	2660.6	11527.42	0.0089	9829.37	2525207.5	0.489979
963	6	63	1	10678	0	0	0	0	151157.94	94575	2764	2660.6	11527.42	0.0089	9829.37	2525207.5	0.227781
964	6	64	1	10678	12	15	116	99.04	146405.3	94575	2764	2660.6	11527.42	0.0089	9829.37	2525207.5	0.354738
965	6	65	1	10678	22	17	0	0	150772.73	94575	2764	2660.6	11527.42	0.0089	9829.37	2525207.5	0.418189
966	6	66	1	10678	0	0	0	0	151900	94575	2764	2660.6	11527.42	0.0089	9829.37	2525207.5	0.229439
967	6	67	1	10678	0	0	23	40.63	151968.12	94575	2764	2660.6	11527.42	0.0089	9829.37	2525207.5	0.230614
968	6	68	1	10678	0	0	0	0	150938.89	94575	2764	2660.6	11527.42	0.0089	9829.37	2525207.5	0.227292
969	6	69	1	10678	0	0	196	0	151197.73	94575	2764	2660.6	11527.42	0.0089	9829.37	2525207.5	0.236586
970	6	70	1	10678	0	0	137	0	153825.36	94575	2764	2660.6	11527.42	0.0089	9829.37	2525207.5	0.239833
971	6	71	1	10678	15	9	136	268.55	155698.33	94575	2764	2660.6	11527.42	0.0089	9829.37	2525207.5	0.361678
972	6	72	1	10678	0	0	0	0	155984.78	94575	2764	2660.6	11527.42	0.0089	9829.37	2525207.5	0.238566
973	7	49	1	1227	0	0	0	0	106039.72	105074	158436	213.84	13449.25	0.0318	1706.99	3475329.17	0.1033
974	7	50	1	1227	0	0	0	203.79	104638.22	105074	158436	213.84	13449.25	0.0318	1706.99	3475329.17	0.100482
975	7	51	1	1227	0	0	0	0	106764.28	105074	158436	213.84	13449.25	0.0318	1706.99	3475329.17	0.104757
976	7	52	1	1227	0	0	0	0	105263.79	105074	158436	213.84	13449.25	0.0318	1706.99	3475329.17	0.10174
977	7	53	1	1227	0	0	103	0	105808.85	105074	158436	213.84	13449.25	0.0318	1706.99	3475329.17	0.12921
978	7	54	1	1227	0	0	0	0	105286.95	105074	158436	213.84	13449.25	0.0318	1706.99	3475329.17	0.101786
979	7	55	1	1227	0	0	0	0	104957.62	105074	158436	213.84	13449.25	0.0318	1706.99	3475329.17	0.101124
980	7	56	1	1227	0	0	0	0	105257.56	105074	158436	213.84	13449.25	0.0318	1706.99	3475329.17	0.101727
981	7	57	1	1227	0	0	0	0	105057.5	105074	158436	213.84	13449.25	0.0318	1706.99	3475329.17	0.101325
982	7	58	1	1227	0	0	0	0	104454.62	105074	158436	213.84	13449.25	0.0318	1706.99	3475329.17	0.100112
983	7	59	1	1227	0	0	0	252.89	105291.77	105074	158436	213.84	13449.25	0.0318	1706.99	3475329.17	0.101796
984	7	60	1	1227	0	0	0	0	105689.61	105074	158436	213.84	13449.25	0.0318	1706.99	3475329.17	0.102596
985	7	61	1	1242	0	0	0	0	105715.94	113080	162935	256.72	14676	0.013	1988.61	4353647.5	0.087597
986	7	62	1	1242	0	0	0	58.98	104105.47	113080	162935	256.72	14676	0.013	1988.61	4353647.5	0.084588
987	7	63	1	1242	38	5	70	0	105272.96	113080	162935	256.72	14676	0.013	1988.61	4353647.5	0.105733
988	7	64	1	1242	0	0	0	111.79	105644.34	113080	162935	256.72	14676	0.013	1988.61	4353647.5	0.087463
989	7	65	1	1242	0	0	0	0	106326.94	113080	162935	256.72	14676	0.013	1988.61	4353647.5	0.088739
990	7	66	1	1242	0	0	0	0	105493.37	113080	162935	256.72	14676	0.013	1988.61	4353647.5	0.087181
991	7	67	1	1242	41	11	0	0	106222.47	113080	162935	256.72	14676	0.013	1988.61	4353647.5	0.09287
992	7	68	1	1242	0	0	0	0	104204.16	113080	162935	256.72	14676	0.013	1988.61	4353647.5	0.084772
993	7	69	1	1242	0	0	0	0	104088.67	113080	162935	256.72	14676	0.013	1988.61	4353647.5	0.084556
994	7	70	1	1242	0	0	0	0	104261.84	113080	162935	256.72	14676	0.013	1988.61	4353647.5	0.08488
995	7	71	1	1242	0	0	61	95.34	103942.93	113080	162935	256.72	14676	0.013	1988.61	4353647.5	0.097692
996	7	72	1	1242	0	0	38	0	105958.62	113080	162935	256.72	14676	0.013	1988.61	4353647.5	0.096403
997	8	49	1	3724	0	0	0	0	104575.29	127727	112906	943.49	4729.83	0.0204	3426.69	1411351.67	0.063056
998	8	50	1	3724	0	0	0	0	105996.93	127727	112906	943.49	4729.83	0.0204	3426.69	1411351.67	0.065408
999	8	51	1	3724	0	0	0	0	105786.43	127727	112906	943.49	4729.83	0.0204	3426.69	1411351.67	0.06506
1000	8	52	1	3724	0	0	0	0	105183.87	127727	112906	943.49	4729.83	0.0204	3426.69	1411351.67	0.064063
1001	8	53	1	3724	0	0	0	24.87	104613.16	127727	112906	943.49	4729.83	0.0204	3426.69	1411351.67	0.063119
1002	8	54	1	3724	18	1	152	0	104934.72	127727	112906	943.49	4729.83	0.0204	3426.69	1411351.67	0.085321
1003	8	55	1	3724	13	20	136	0	105010.93	127727	112906	943.49	4729.83	0.0204	3426.69	1411351.67	0.085087
1004	8	56	1	3724	0	0	0	0	104433.56	127727	112906	943.49	4729.83	0.0204	3426.69	1411351.67	0.062822
1005	8	57	1	3724	0	0	0	0	106687.94	127727	112906	943.49	4729.83	0.0204	3426.69	1411351.67	0.066551
1006	8	58	1	3724	0	0	0	234.33	105501.34	127727	112906	943.49	4729.83	0.0204	3426.69	1411351.67	0.064588
1007	8	59	1	3724	0	0	0	268.28	104123.93	127727	112906	943.49	4729.83	0.0204	3426.69	1411351.67	0.06231
1008	8	60	1	3724	0	0	0	0	104830.95	127727	112906	943.49	4729.83	0.0204	3426.69	1411351.67	0.063479
1009	8	61	1	3768	0	0	173	232.45	105430.57	123944	114060	609.24	4862	0.004	2151.62	1402913.33	0.104939
1010	8	62	1	3768	0	0	0	0	105600.7	123944	114060	609.24	4862	0.004	2151.62	1402913.33	0.070085
1011	8	63	1	3768	32	21	0	0	105161.97	123944	114060	609.24	4862	0.004	2151.62	1402913.33	0.075636
1012	8	64	1	3768	0	0	0	0	106090.25	123944	114060	609.24	4862	0.004	2151.62	1402913.33	0.07092
1013	8	65	1	3768	43	20	0	0	104773.2	123944	114060	609.24	4862	0.004	2151.62	1402913.33	0.076161
1014	8	66	1	3768	0	0	0	0	106621.35	123944	114060	609.24	4862	0.004	2151.62	1402913.33	0.071825
1015	8	67	1	3768	0	0	0	0	104843.32	123944	114060	609.24	4862	0.004	2151.62	1402913.33	0.068794
1016	8	68	1	3768	0	0	0	124.95	107179.12	123944	114060	609.24	4862	0.004	2151.62	1402913.33	0.072776
1017	8	69	1	3768	0	0	0	144.83	105774.98	123944	114060	609.24	4862	0.004	2151.62	1402913.33	0.070382
1018	8	70	1	3768	0	0	0	0	104212.65	123944	114060	609.24	4862	0.004	2151.62	1402913.33	0.067719
1019	8	71	1	3768	0	0	0	0	104555.5	123944	114060	609.24	4862	0.004	2151.62	1402913.33	0.068303
1020	8	72	1	3768	0	0	0	0	105805.91	123944	114060	609.24	4862	0.004	2151.62	1402913.33	0.070435
1021	9	49	1	50345	0	0	0	0	157215.94	94484	309752	13593.2	7806.92	-0.0152	6197.67	2122480	0.241655
1022	9	50	1	50345	0	0	38	56.85	158368.25	94484	309752	13593.2	7806.92	-0.0152	6197.67	2122480	0.246912
1023	9	51	1	50345	0	0	0	0	157733.33	94484	309752	13593.2	7806.92	-0.0152	6197.67	2122480	0.242812
1024	9	52	1	50345	0	0	0	0	157901.52	94484	309752	13593.2	7806.92	-0.0152	6197.67	2122480	0.243188
1025	9	53	1	50345	0	0	0	0	157300.72	94484	309752	13593.2	7806.92	-0.0152	6197.67	2122480	0.241845
1026	9	54	1	50345	0	0	0	0	155066.67	94484	309752	13593.2	7806.92	-0.0152	6197.67	2122480	0.236848
1027	9	55	1	50345	0	0	0	67.13	154598.55	94484	309752	13593.2	7806.92	-0.0152	6197.67	2122480	0.235802
1028	9	56	1	50345	0	0	0	0	153915.15	94484	309752	13593.2	7806.92	-0.0152	6197.67	2122480	0.234273
1029	9	57	1	50345	0	0	0	0	156516.67	94484	309752	13593.2	7806.92	-0.0152	6197.67	2122480	0.240091
1030	9	58	1	50345	0	0	0	0	155588.41	94484	309752	13593.2	7806.92	-0.0152	6197.67	2122480	0.238015
1031	9	59	1	50345	0	0	0	0	156264.29	94484	309752	13593.2	7806.92	-0.0152	6197.67	2122480	0.239527
1032	9	60	1	50345	0	0	15	0	156483.33	94484	309752	13593.2	7806.92	-0.0152	6197.67	2122480	0.241075
1033	9	61	1	50759	0	0	0	0	155907.25	91897	325465	10109.5	17740.17	0.0398	4827.07	4672312.5	0.248544
1034	9	62	1	50759	27	9	192	0	153899.17	91897	325465	10109.5	17740.17	0.0398	4827.07	4672312.5	0.262812
1035	9	63	1	50759	0	0	0	0	158268.25	91897	325465	10109.5	17740.17	0.0398	4827.07	4672312.5	0.253973
1036	9	64	1	50759	0	0	225	0	159112.12	91897	325465	10109.5	17740.17	0.0398	4827.07	4672312.5	0.276287
1037	9	65	1	50759	0	0	0	0	158226.52	91897	325465	10109.5	17740.17	0.0398	4827.07	4672312.5	0.253877
1038	9	66	1	50759	28	0	49	0	158546.83	91897	325465	10109.5	17740.17	0.0398	4827.07	4672312.5	0.260217
1039	9	67	1	50759	0	0	174	0	157375.36	91897	325465	10109.5	17740.17	0.0398	4827.07	4672312.5	0.267676
1040	9	68	1	50759	0	0	0	0	156400	91897	325465	10109.5	17740.17	0.0398	4827.07	4672312.5	0.249677
1041	9	69	1	50759	0	0	0	0	155990.91	91897	325465	10109.5	17740.17	0.0398	4827.07	4672312.5	0.248736
1042	9	70	1	50759	0	0	0	0	156066.67	91897	325465	10109.5	17740.17	0.0398	4827.07	4672312.5	0.248911
1043	9	71	1	50759	46	11	0	0	156066.67	91897	325465	10109.5	17740.17	0.0398	4827.07	4672312.5	0.251285
1044	9	72	1	50759	0	0	0	0	157074.64	91897	325465	10109.5	17740.17	0.0398	4827.07	4672312.5	0.251228
1045	10	49	1	37892	0	0	0	55.74	143497.83	92583	1284673	10041.46	6098.17	0.0281	6690.21	1659267.5	0.217565
1046	10	50	1	37892	39	16	0	99.25	140091.27	92583	1284673	10041.46	6098.17	0.0281	6690.21	1659267.5	0.21037
1047	10	51	1	37892	0	0	0	0	140095.24	92583	1284673	10041.46	6098.17	0.0281	6690.21	1659267.5	0.209799
1048	10	52	1	37892	0	0	0	0	148875	92583	1284673	10041.46	6098.17	0.0281	6690.21	1659267.5	0.229838
1049	10	53	1	37892	0	0	0	0	145405.07	92583	1284673	10041.46	6098.17	0.0281	6690.21	1659267.5	0.221918
1050	10	54	1	37892	0	0	0	0	145055	92583	1284673	10041.46	6098.17	0.0281	6690.21	1659267.5	0.221119
1051	10	55	1	37892	0	0	0	0	141896.38	92583	1284673	10041.46	6098.17	0.0281	6690.21	1659267.5	0.21391
1052	10	56	1	37892	0	0	49	0	142065.91	92583	1284673	10041.46	6098.17	0.0281	6690.21	1659267.5	0.217498
1053	10	57	1	37892	45	36	106	0	143387.3	92583	1284673	10041.46	6098.17	0.0281	6690.21	1659267.5	0.225093
1054	10	58	1	37892	25	0	0	0	142436.96	92583	1284673	10041.46	6098.17	0.0281	6690.21	1659267.5	0.215407
1055	10	59	1	37892	0	0	55	0	145426.19	92583	1284673	10041.46	6098.17	0.0281	6690.21	1659267.5	0.225559
1056	10	60	1	37892	0	0	0	0	142843.18	92583	1284673	10041.46	6098.17	0.0281	6690.21	1659267.5	0.216071
1057	10	61	1	38233	0	0	0	0	144842.03	113976	1294570	9781.51	4424	0.0019	6294.2	1068618.33	0.158583
1058	10	62	1	38233	0	0	0	186.97	143545.83	113976	1294570	9781.51	4424	0.0019	6294.2	1068618.33	0.15618
1059	10	63	1	38233	0	0	96	0	146036.51	113976	1294570	9781.51	4424	0.0019	6294.2	1068618.33	0.167464
1060	10	64	1	38233	0	0	0	0	146340.15	113976	1294570	9781.51	4424	0.0019	6294.2	1068618.33	0.161361
1061	10	65	1	38233	0	0	0	0	144686.36	113976	1294570	9781.51	4424	0.0019	6294.2	1068618.33	0.158294
1062	10	66	1	38233	0	0	0	0	145072.22	113976	1294570	9781.51	4424	0.0019	6294.2	1068618.33	0.15901
1063	10	67	1	38233	0	0	0	0	138450	113976	1294570	9781.51	4424	0.0019	6294.2	1068618.33	0.146732
1064	10	68	1	38233	0	0	170	0	143869.84	113976	1294570	9781.51	4424	0.0019	6294.2	1068618.33	0.168586
1065	10	69	1	38233	0	0	174	0	141765.91	113976	1294570	9781.51	4424	0.0019	6294.2	1068618.33	0.164963
1066	10	70	1	38233	0	0	0	0	143168.12	113976	1294570	9781.51	4424	0.0019	6294.2	1068618.33	0.15548
1067	10	71	1	38233	0	0	59	0	142571.67	113976	1294570	9781.51	4424	0.0019	6294.2	1068618.33	0.158471
1068	10	72	1	38233	0	0	0	0	142102.9	113976	1294570	9781.51	4424	0.0019	6294.2	1068618.33	0.153505
1069	11	49	1	41814	0	0	0	0	136550	124770	3617392	7491.76	6256.33	0.034	4238.97	1647340.83	0.121309
1070	11	50	1	41814	0	0	0	0	136575.4	124770	3617392	7491.76	6256.33	0.034	4238.97	1647340.83	0.121352
1071	11	51	1	41814	0	0	0	0	136619.05	124770	3617392	7491.76	6256.33	0.034	4238.97	1647340.83	0.121425
1072	11	52	1	41814	0	0	0	0	138536.36	124770	3617392	7491.76	6256.33	0.034	4238.97	1647340.83	0.124673
1073	11	53	1	41814	0	0	0	0	136011.59	124770	3617392	7491.76	6256.33	0.034	4238.97	1647340.83	0.120397
1074	11	54	1	41814	0	0	170	0	133675	124770	3617392	7491.76	6256.33	0.034	4238.97	1647340.83	0.133969
1075	11	55	1	41814	41	10	0	78.87	132919.57	124770	3617392	7491.76	6256.33	0.034	4238.97	1647340.83	0.115351
1076	11	56	1	41814	0	0	48	0	130019.7	124770	3617392	7491.76	6256.33	0.034	4238.97	1647340.83	0.115198
1077	11	57	1	41814	0	0	0	260.4	133929.37	124770	3617392	7491.76	6256.33	0.034	4238.97	1647340.83	0.11687
1078	11	58	1	41814	0	0	0	0	137394.2	124770	3617392	7491.76	6256.33	0.034	4238.97	1647340.83	0.122738
1079	11	59	1	41814	0	0	160	0	137945.24	124770	3617392	7491.76	6256.33	0.034	4238.97	1647340.83	0.14017
1080	11	60	1	41814	0	0	176	0	138700	124770	3617392	7491.76	6256.33	0.034	4238.97	1647340.83	0.143098
1081	11	61	1	42089	0	0	0	0	136153.62	104974	3671400	6769.36	20655.25	-0.014	3628.57	5719361.67	0.164122
1082	11	62	1	42089	9	18	0	0	129715	104974	3671400	6769.36	20655.25	-0.014	3628.57	5719361.67	0.151261
1083	11	63	1	42089	0	0	57	0	138793.65	104974	3671400	6769.36	20655.25	-0.014	3628.57	5719361.67	0.176302
1084	11	64	1	42089	0	0	0	0	139268.94	104974	3671400	6769.36	20655.25	-0.014	3628.57	5719361.67	0.170393
1085	11	65	1	42089	0	0	0	227.91	137434.85	104974	3671400	6769.36	20655.25	-0.014	3628.57	5719361.67	0.166701
1086	11	66	1	42089	0	0	192	0	137220.63	104974	3671400	6769.36	20655.25	-0.014	3628.57	5719361.67	0.189398
1087	11	67	1	42089	0	0	166	0	136424.64	104974	3671400	6769.36	20655.25	-0.014	3628.57	5719361.67	0.184663
1088	11	68	1	42089	0	0	0	106.48	135649.21	104974	3671400	6769.36	20655.25	-0.014	3628.57	5719361.67	0.163106
1089	11	69	1	42089	0	0	0	0	135725	104974	3671400	6769.36	20655.25	-0.014	3628.57	5719361.67	0.163259
1090	11	70	1	42089	0	0	0	0	138072.46	104974	3671400	6769.36	20655.25	-0.014	3628.57	5719361.67	0.167984
1091	11	71	1	42089	0	0	0	0	136974.17	104974	3671400	6769.36	20655.25	-0.014	3628.57	5719361.67	0.165773
1092	11	72	1	42089	9	13	0	0	140170.29	104974	3671400	6769.36	20655.25	-0.014	3628.57	5719361.67	0.172288
1093	12	49	1	5695	0	0	0	0	105982.5	105802	100042	1048.92	7390.67	0.0132	4929.01	1754028.33	0.101719
1094	12	50	1	5695	0	0	0	0	105349.13	105802	100042	1048.92	7390.67	0.0132	4929.01	1754028.33	0.100454
1095	12	51	1	5695	0	0	0	0	104852.03	105802	100042	1048.92	7390.67	0.0132	4929.01	1754028.33	0.099461
1096	12	52	1	5695	0	0	0	0	102596.6	105802	100042	1048.92	7390.67	0.0132	4929.01	1754028.33	0.094956
1097	12	53	1	5695	0	0	49	0	105751.27	105802	100042	1048.92	7390.67	0.0132	4929.01	1754028.33	0.105602
1098	12	54	1	5695	0	0	0	0	105795.2	105802	100042	1048.92	7390.67	0.0132	4929.01	1754028.33	0.101344
1099	12	55	1	5695	0	0	0	0	105250.52	105802	100042	1048.92	7390.67	0.0132	4929.01	1754028.33	0.100257
1100	12	56	1	5695	0	0	0	0	104803.45	105802	100042	1048.92	7390.67	0.0132	4929.01	1754028.33	0.099364
1101	12	57	1	5695	0	0	0	0	106359.38	105802	100042	1048.92	7390.67	0.0132	4929.01	1754028.33	0.102471
1102	12	58	1	5695	0	0	0	212.24	104238.03	105802	100042	1048.92	7390.67	0.0132	4929.01	1754028.33	0.098234
1103	12	59	1	5695	0	0	0	149.2	105283.21	105802	100042	1048.92	7390.67	0.0132	4929.01	1754028.33	0.100322
1104	12	60	1	5695	0	0	0	0	106116.39	105802	100042	1048.92	7390.67	0.0132	4929.01	1754028.33	0.101986
1105	12	61	1	5766	0	0	0	0	105833.27	101945	102616	1167.62	1561.92	0	5349.07	339730.83	0.109418
1106	12	62	1	5766	0	0	163	0	104507.29	101945	102616	1167.62	1561.92	0	5349.07	339730.83	0.119988
1107	12	63	1	5766	0	0	0	0	104667.82	101945	102616	1167.62	1561.92	0	5349.07	339730.83	0.107002
1108	12	64	1	5766	0	0	129	0	105785.16	101945	102616	1167.62	1561.92	0	5349.07	339730.83	0.119859
1109	12	65	1	5766	0	0	0	0	104046.14	101945	102616	1167.62	1561.92	0	5349.07	339730.83	0.105713
1110	12	66	1	5766	0	0	173	0	103521.6	101945	102616	1167.62	1561.92	0	5349.07	339730.83	0.118762
1111	12	67	1	5766	0	0	134	0	106573.11	101945	102616	1167.62	1561.92	0	5349.07	339730.83	0.121901
1112	12	68	1	5766	0	0	0	0	106422.37	101945	102616	1167.62	1561.92	0	5349.07	339730.83	0.110639
1113	12	69	1	5766	0	0	303	0	104648.51	101945	102616	1167.62	1561.92	0	5349.07	339730.83	0.131721
1114	12	70	1	5766	0	0	113	0	104507.56	101945	102616	1167.62	1561.92	0	5349.07	339730.83	0.115903
1115	12	71	1	5766	0	0	20	192.55	105214.5	101945	102616	1167.62	1561.92	0	5349.07	339730.83	0.109769
1116	12	72	1	5766	0	0	0	0	105218.12	101945	102616	1167.62	1561.92	0	5349.07	339730.83	0.108142
1117	13	49	1	4273	0	0	0	0	106626.13	128521	112376	1160.94	3739.25	0.0145	5952.55	1002160	0.065359
1118	13	50	1	4273	0	0	0	0	103628.81	128521	112376	1160.94	3739.25	0.0145	5952.55	1002160	0.060431
1119	13	51	1	4273	0	0	0	0	104344.62	128521	112376	1160.94	3739.25	0.0145	5952.55	1002160	0.061608
1120	13	52	1	4273	0	0	0	0	104762.82	128521	112376	1160.94	3739.25	0.0145	5952.55	1002160	0.062296
1121	13	53	1	4273	0	0	89	57.79	104709.02	128521	112376	1160.94	3739.25	0.0145	5952.55	1002160	0.068743
1122	13	54	1	4273	11	2	0	0	105515.06	128521	112376	1160.94	3739.25	0.0145	5952.55	1002160	0.065101
1123	13	55	1	4273	0	0	0	0	105698.82	128521	112376	1160.94	3739.25	0.0145	5952.55	1002160	0.063835
1124	13	56	1	4273	0	0	161	0	104798.28	128521	112376	1160.94	3739.25	0.0145	5952.55	1002160	0.074176
1125	13	57	1	4273	0	0	0	0	106862.89	128521	112376	1160.94	3739.25	0.0145	5952.55	1002160	0.065749
1126	13	58	1	4273	0	0	0	0	107167.65	128521	112376	1160.94	3739.25	0.0145	5952.55	1002160	0.06625
1127	13	59	1	4273	0	0	0	0	104582.34	128521	112376	1160.94	3739.25	0.0145	5952.55	1002160	0.061999
1128	13	60	1	4273	0	0	0	0	104132.43	128521	112376	1160.94	3739.25	0.0145	5952.55	1002160	0.061259
1129	13	61	1	4323	0	0	0	0	105508.74	124006	116491	1214.13	25175.25	0.0102	6127.32	5800690.83	0.069838
1130	13	62	1	4323	0	0	0	0	106456.84	124006	116491	1214.13	25175.25	0.0102	6127.32	5800690.83	0.071454
1131	13	63	1	4323	0	0	0	56.56	102997.85	124006	116491	1214.13	25175.25	0.0102	6127.32	5800690.83	0.06556
1132	13	64	1	4323	0	0	0	0	105613.35	124006	116491	1214.13	25175.25	0.0102	6127.32	5800690.83	0.070017
1133	13	65	1	4323	0	0	149	0	104454.56	124006	116491	1214.13	25175.25	0.0102	6127.32	5800690.83	0.078671
1134	13	66	1	4323	45	5	0	0	105414.79	124006	116491	1214.13	25175.25	0.0102	6127.32	5800690.83	0.075496
1135	13	67	1	4323	44	2	0	280.83	104745.12	124006	116491	1214.13	25175.25	0.0102	6127.32	5800690.83	0.07389
1136	13	68	1	4323	11	18	0	0	103998.03	124006	116491	1214.13	25175.25	0.0102	6127.32	5800690.83	0.070639
1137	13	69	1	4323	0	0	0	0	104053.22	124006	116491	1214.13	25175.25	0.0102	6127.32	5800690.83	0.067358
1138	13	70	1	4323	0	0	0	0	105642.26	124006	116491	1214.13	25175.25	0.0102	6127.32	5800690.83	0.070066
1139	13	71	1	4323	41	14	136	0	105547.59	124006	116491	1214.13	25175.25	0.0102	6127.32	5800690.83	0.086006
1140	13	72	1	4323	0	0	172	296.36	106390.03	124006	116491	1214.13	25175.25	0.0102	6127.32	5800690.83	0.08361
1141	14	49	1	2809	0	0	108	0	107033.15	118716	73142	419.11	15350.08	-0.0166	4578.85	4112917.5	0.090873
1142	14	50	1	2809	0	0	0	0	103368.24	118716	73142	419.11	15350.08	-0.0166	4578.85	4112917.5	0.07404
1143	14	51	1	2809	0	0	0	0	103757.99	118716	73142	419.11	15350.08	-0.0166	4578.85	4112917.5	0.074733
1144	14	52	1	2809	0	0	0	0	104026.27	118716	73142	419.11	15350.08	-0.0166	4578.85	4112917.5	0.075211
1145	14	53	1	2809	0	0	0	190.49	105632.8	118716	73142	419.11	15350.08	-0.0166	4578.85	4112917.5	0.078071
1146	14	54	1	2809	0	0	0	0	104823.68	118716	73142	419.11	15350.08	-0.0166	4578.85	4112917.5	0.07663
1147	14	55	1	2809	0	0	0	0	105909.49	118716	73142	419.11	15350.08	-0.0166	4578.85	4112917.5	0.078563
1148	14	56	1	2809	0	0	0	0	104401.81	118716	73142	419.11	15350.08	-0.0166	4578.85	4112917.5	0.075879
1149	14	57	1	2809	0	0	0	0	105846.53	118716	73142	419.11	15350.08	-0.0166	4578.85	4112917.5	0.078451
1150	14	58	1	2809	2	6	0	263.41	103499.85	118716	73142	419.11	15350.08	-0.0166	4578.85	4112917.5	0.075757
1151	14	59	1	2809	0	0	0	0	104724.08	118716	73142	419.11	15350.08	-0.0166	4578.85	4112917.5	0.076453
1152	14	60	1	2809	0	0	0	126.92	103691.77	118716	73142	419.11	15350.08	-0.0166	4578.85	4112917.5	0.074616
1153	14	61	1	2845	0	0	0	0	106073.57	95038	74311	531.07	11406.58	0.0187	5935.64	2456337.5	0.125895
1154	14	62	1	2845	0	0	0	0	104571.22	95038	74311	531.07	11406.58	0.0187	5935.64	2456337.5	0.122554
1155	14	63	1	2845	0	0	0	0	104953.28	95038	74311	531.07	11406.58	0.0187	5935.64	2456337.5	0.123404
1156	14	64	1	2845	0	0	0	0	105308.78	95038	74311	531.07	11406.58	0.0187	5935.64	2456337.5	0.124194
1157	14	65	1	2845	0	0	0	0	104952.35	95038	74311	531.07	11406.58	0.0187	5935.64	2456337.5	0.123402
1158	14	66	1	2845	0	0	0	0	103975.54	95038	74311	531.07	11406.58	0.0187	5935.64	2456337.5	0.12123
1159	14	67	1	2845	0	0	0	0	104321.2	95038	74311	531.07	11406.58	0.0187	5935.64	2456337.5	0.121998
1160	14	68	1	2845	0	0	0	0	107215.32	95038	74311	531.07	11406.58	0.0187	5935.64	2456337.5	0.128433
1161	14	69	1	2845	0	0	0	0	104552	95038	74311	531.07	11406.58	0.0187	5935.64	2456337.5	0.122512
1162	14	70	1	2845	0	0	0	229.39999999999998	104070.08	95038	74311	531.07	11406.58	0.0187	5935.64	2456337.5	0.12144
1163	14	71	1	2845	60	9	0	0	104873.88	95038	74311	531.07	11406.58	0.0187	5935.64	2456337.5	0.135814
1164	14	72	1	2845	45	2	0	0	105981.59	95038	74311	531.07	11406.58	0.0187	5935.64	2456337.5	0.134264
1165	15	49	1	4045	0	0	0	75.49	105707.78	111458	71949	1089.02	2466	-0.0051	11546.73	644951.67	0.090456
1166	15	50	1	4045	0	0	68	0	106908.29	111458	71949	1089.02	2466	-0.0051	11546.73	644951.67	0.095306
1167	15	51	1	4045	0	0	0	0	105195.23	111458	71949	1089.02	2466	-0.0051	11546.73	644951.67	0.089485
1168	15	52	1	4045	0	0	101	153.46	105145.02	111458	71949	1089.02	2466	-0.0051	11546.73	644951.67	0.093213
1169	15	53	1	4045	0	0	165	0	105244.05	111458	71949	1089.02	2466	-0.0051	11546.73	644951.67	0.095823
1170	15	54	1	4045	0	0	0	0	105336.43	111458	71949	1089.02	2466	-0.0051	11546.73	644951.67	0.089752
1171	15	55	1	4045	0	0	0	0	106497.11	111458	71949	1089.02	2466	-0.0051	11546.73	644951.67	0.091953
1172	15	56	1	4045	0	0	0	0	104450.28	111458	71949	1089.02	2466	-0.0051	11546.73	644951.67	0.088072
1173	15	57	1	4045	0	0	0	0	104855.38	111458	71949	1089.02	2466	-0.0051	11546.73	644951.67	0.08884
1174	15	58	1	4045	0	0	0	0	104287.5	111458	71949	1089.02	2466	-0.0051	11546.73	644951.67	0.087764
1175	15	59	1	4045	0	0	0	0	105834.14	111458	71949	1089.02	2466	-0.0051	11546.73	644951.67	0.090696
1176	15	60	1	4045	0	0	93	0	106267.83	111458	71949	1089.02	2466	-0.0051	11546.73	644951.67	0.095039
1177	15	61	1	4267	0	0	0	0	104961.11	104099	74879	892.64	12818.42	-0.0104	8925.04	2593391.67	0.103108
1178	15	62	1	4267	0	0	0	0	105835.32	104099	74879	892.64	12818.42	-0.0104	8925.04	2593391.67	0.104883
1179	15	63	1	4267	0	0	11	0	106419.02	104099	74879	892.64	12818.42	-0.0104	8925.04	2593391.67	0.106606
1180	15	64	1	4267	0	0	0	213.85	105487.38	104099	74879	892.64	12818.42	-0.0104	8925.04	2593391.67	0.104176
1181	15	65	1	4267	0	0	0	0	103280.27	104099	74879	892.64	12818.42	-0.0104	8925.04	2593391.67	0.099696
1182	15	66	1	4267	4	15	0	0	105325.6	104099	74879	892.64	12818.42	-0.0104	8925.04	2593391.67	0.107287
1183	15	67	1	4267	0	0	58	0	105003.21	104099	74879	892.64	12818.42	-0.0104	8925.04	2593391.67	0.106034
1184	15	68	1	4267	36	4	166	0	105654.21	104099	74879	892.64	12818.42	-0.0104	8925.04	2593391.67	0.119886
1185	15	69	1	4267	0	0	0	0	105009.49	104099	74879	892.64	12818.42	-0.0104	8925.04	2593391.67	0.103206
1186	15	70	1	4267	0	0	0	0	104055.59	104099	74879	892.64	12818.42	-0.0104	8925.04	2593391.67	0.10127
1187	15	71	1	4267	0	0	0	0	105370.46	104099	74879	892.64	12818.42	-0.0104	8925.04	2593391.67	0.103939
1188	15	72	1	4267	29	11	336	26.4	104810.66	104099	74879	892.64	12818.42	-0.0104	8925.04	2593391.67	0.126499
1189	16	49	1	739	0	0	0	0	104554.09	91746	18701	143.64	13793.75	0.0094	6607.24	3215653.33	0.130858
1190	16	50	1	739	0	0	114	0	106877.75	91746	18701	143.64	13793.75	0.0094	6607.24	3215653.33	0.143751
1191	16	51	1	739	0	0	78	0	104628.07	91746	18701	143.64	13793.75	0.0094	6607.24	3215653.33	0.136188
1192	16	52	1	739	0	0	0	0	106504.99	91746	18701	143.64	13793.75	0.0094	6607.24	3215653.33	0.135351
1193	16	53	1	739	0	0	0	0	106330.45	91746	18701	143.64	13793.75	0.0094	6607.24	3215653.33	0.134949
1194	16	54	1	739	0	0	144	0	104950.53	91746	18701	143.64	13793.75	0.0094	6607.24	3215653.33	0.141297
1195	16	55	1	739	0	0	0	0	104780.34	91746	18701	143.64	13793.75	0.0094	6607.24	3215653.33	0.131379
1196	16	56	1	739	0	0	87	0	105621.99	91746	18701	143.64	13793.75	0.0094	6607.24	3215653.33	0.139073
1197	16	57	1	739	12	6	62	286.91	104342.18	91746	18701	143.64	13793.75	0.0094	6607.24	3215653.33	0.147518
1198	16	58	1	739	0	0	118	257.17	104540.3	91746	18701	143.64	13793.75	0.0094	6607.24	3215653.33	0.138632
1199	16	59	1	739	0	0	0	0	104726.25	91746	18701	143.64	13793.75	0.0094	6607.24	3215653.33	0.131254
1200	16	60	1	739	0	0	316	0	106021.27	91746	18701	143.64	13793.75	0.0094	6607.24	3215653.33	0.155141
1201	16	61	1	749	0	0	0	0	107036.22	114916	19459	172.36	19918.58	0.027	7963.06	5146012.5	0.086869
1202	16	62	1	749	0	0	0	215.18	104840.31	114916	19459	172.36	19918.58	0.027	7963.06	5146012.5	0.082831
1203	16	63	1	749	22	10	0	0	104580.61	114916	19459	172.36	19918.58	0.027	7963.06	5146012.5	0.104645
1204	16	64	1	749	0	0	56	279.34	105665.86	114916	19459	172.36	19918.58	0.027	7963.06	5146012.5	0.087423
1205	16	65	1	749	1	18	0	0	103684.07	114916	19459	172.36	19918.58	0.027	7963.06	5146012.5	0.09394
1206	16	66	1	749	76	31	150	0	104356.45	114916	19459	172.36	19918.58	0.027	7963.06	5146012.5	0.164713
1207	16	67	1	749	0	0	0	0	106431.8	114916	19459	172.36	19918.58	0.027	7963.06	5146012.5	0.085757
1208	16	68	1	749	0	0	0	154.92	105351.38	114916	19459	172.36	19918.58	0.027	7963.06	5146012.5	0.08377
1209	16	69	1	749	0	0	191	0	105283.73	114916	19459	172.36	19918.58	0.027	7963.06	5146012.5	0.09413
1210	16	70	1	749	4	8	0	0	104220.77	114916	19459	172.36	19918.58	0.027	7963.06	5146012.5	0.090051
1211	16	71	1	749	0	0	0	0	106732.52	114916	19459	172.36	19918.58	0.027	7963.06	5146012.5	0.08631
1212	16	72	1	749	0	0	0	0	103587.69	114916	19459	172.36	19918.58	0.027	7963.06	5146012.5	0.080527
1213	17	49	1	2183	0	0	150	0	103501.75	125141	16076	400.27	970	-0.0063	4169.08	200734.17	0.080545
1214	17	50	1	2183	0	0	0	0	106067.01	125141	16076	400.27	970	-0.0063	4169.08	200734.17	0.06915
1215	17	51	1	2183	0	0	0	0	105964.39	125141	16076	400.27	970	-0.0063	4169.08	200734.17	0.068977
1216	17	52	1	2183	0	0	0	0	104250.05	125141	16076	400.27	970	-0.0063	4169.08	200734.17	0.066082
1217	17	53	1	2183	0	0	141	0	104786.42	125141	16076	400.27	970	-0.0063	4169.08	200734.17	0.081771
1218	17	54	1	2183	37	0	0	0	106017.37	125141	16076	400.27	970	-0.0063	4169.08	200734.17	0.100265
1219	17	55	1	2183	0	0	0	0	104484.9	125141	16076	400.27	970	-0.0063	4169.08	200734.17	0.066479
1220	17	56	1	2183	13	8	0	52.15	105640.33	125141	16076	400.27	970	-0.0063	4169.08	200734.17	0.086137
1221	17	57	1	2183	0	0	0	0	104492.68	125141	16076	400.27	970	-0.0063	4169.08	200734.17	0.066492
1222	17	58	1	2183	0	0	0	0	104351.67	125141	16076	400.27	970	-0.0063	4169.08	200734.17	0.066254
1223	17	59	1	2183	0	0	0	60.3	104086.53	125141	16076	400.27	970	-0.0063	4169.08	200734.17	0.065806
1224	17	60	1	2183	0	0	0	0	104544.54	125141	16076	400.27	970	-0.0063	4169.08	200734.17	0.066579
1225	17	61	1	2213	0	0	0	0	105541.01	129728	16408	546	5947.42	0.0382	5860.5	1253955	0.061961
1226	17	62	1	2213	37	19	0	0	103653.34	129728	16408	546	5947.42	0.0382	5860.5	1253955	0.105151
1227	17	63	1	2213	0	0	71	0	103437.14	129728	16408	546	5947.42	0.0382	5860.5	1253955	0.063829
1228	17	64	1	2213	10	18	0	0	104383.07	129728	16408	546	5947.42	0.0382	5860.5	1253955	0.083207
1229	17	65	1	2213	0	0	0	0	104135.05	129728	16408	546	5947.42	0.0382	5860.5	1253955	0.059671
1230	17	66	1	2213	0	0	0	0	104878.37	129728	16408	546	5947.42	0.0382	5860.5	1253955	0.060881
1231	17	67	1	2213	0	0	97	0	104757.45	129728	16408	546	5947.42	0.0382	5860.5	1253955	0.067919
1232	17	68	1	2213	0	0	0	0	104897.41	129728	16408	546	5947.42	0.0382	5860.5	1253955	0.060912
1233	17	69	1	2213	0	0	0	142.25	105415.09	129728	16408	546	5947.42	0.0382	5860.5	1253955	0.061756
1234	17	70	1	2213	0	0	0	0	106893.42	129728	16408	546	5947.42	0.0382	5860.5	1253955	0.064164
1235	17	71	1	2213	0	0	0	0	103727.72	129728	16408	546	5947.42	0.0382	5860.5	1253955	0.059007
1236	17	72	1	2213	29	2	0	0	105278.42	129728	16408	546	5947.42	0.0382	5860.5	1253955	0.087144
1237	18	49	1	9419	0	0	0	546.38	105575.19	98149	878393	2072.31	5242	-0.0111	7083.66	1209650	0.117346
1238	18	50	1	9419	0	0	0	0	105092.98	98149	878393	2072.31	5242	-0.0111	7083.66	1209650	0.116308
1239	18	51	1	9419	0	0	83	0	104875.46	98149	878393	2072.31	5242	-0.0111	7083.66	1209650	0.120961
1240	18	52	1	9419	0	0	0	0	106388.76	98149	878393	2072.31	5242	-0.0111	7083.66	1209650	0.119098
1241	18	53	1	9419	45	12	0	0	105354.49	98149	878393	2072.31	5242	-0.0111	7083.66	1209650	0.117751
1242	18	54	1	9419	17	2	0	0	105753.41	98149	878393	2072.31	5242	-0.0111	7083.66	1209650	0.118023
1243	18	55	1	9419	0	0	0	0	105990.06	98149	878393	2072.31	5242	-0.0111	7083.66	1209650	0.118239
1244	18	56	1	9419	0	0	369	0	104846.85	98149	878393	2072.31	5242	-0.0111	7083.66	1209650	0.138547
1245	18	57	1	9419	0	0	195	0	105269.57	98149	878393	2072.31	5242	-0.0111	7083.66	1209650	0.128721
1246	18	58	1	9419	0	0	0	0	105419.19	98149	878393	2072.31	5242	-0.0111	7083.66	1209650	0.11701
1247	18	59	1	9419	0	0	0	236.68	101783.14	98149	878393	2072.31	5242	-0.0111	7083.66	1209650	0.109182
1248	18	60	1	9419	0	0	0	0	104556.07	98149	878393	2072.31	5242	-0.0111	7083.66	1209650	0.115152
1249	18	61	1	9522	0	0	0	0	106310.64	95985	905322	1698.25	12442.33	0.0366	6019.03	2538062.5	0.12409
1250	18	62	1	9522	0	0	0	0	105606.72	95985	905322	1698.25	12442.33	0.0366	6019.03	2538062.5	0.12254
1251	18	63	1	9522	0	0	0	0	105714.56	95985	905322	1698.25	12442.33	0.0366	6019.03	2538062.5	0.122777
1252	18	64	1	9522	0	0	0	0	104791.96	95985	905322	1698.25	12442.33	0.0366	6019.03	2538062.5	0.120746
1253	18	65	1	9522	0	0	0	281.01	105171.59	95985	905322	1698.25	12442.33	0.0366	6019.03	2538062.5	0.121582
1254	18	66	1	9522	0	0	41	141.72	105518.7	95985	905322	1698.25	12442.33	0.0366	6019.03	2538062.5	0.125324
1255	18	67	1	9522	0	0	0	297.19	104523.16	95985	905322	1698.25	12442.33	0.0366	6019.03	2538062.5	0.120155
1256	18	68	1	9522	0	0	0	0	103617.33	95985	905322	1698.25	12442.33	0.0366	6019.03	2538062.5	0.11816
1257	18	69	1	9522	0	0	0	0	103451.79	95985	905322	1698.25	12442.33	0.0366	6019.03	2538062.5	0.117796
1258	18	70	1	9522	0	0	112	0	104154	95985	905322	1698.25	12442.33	0.0366	6019.03	2538062.5	0.127475
1259	18	71	1	9522	0	0	0	0	103368.76	95985	905322	1698.25	12442.33	0.0366	6019.03	2538062.5	0.117613
1260	18	72	1	9522	0	0	0	172.07	105198.47	95985	905322	1698.25	12442.33	0.0366	6019.03	2538062.5	0.121641
1261	19	49	1	1945	0	0	0	0	102940.99	96769	71137	423.17	12734	0.0366	610.55	2657964.17	0.114835
1262	19	50	1	1945	0	0	114	0	104851.26	96769	71137	423.17	12734	0.0366	610.55	2657964.17	0.20062
1263	19	51	1	1945	7	2	0	0	104341.73	96769	71137	423.17	12734	0.0366	610.55	2657964.17	0.119609
1264	19	52	1	1945	0	0	87	196.2	106280.33	96769	71137	423.17	12734	0.0366	610.55	2657964.17	0.184411
1265	19	53	1	1945	0	0	0	287.16	107013.19	96769	71137	423.17	12734	0.0366	610.55	2657964.17	0.123728
1266	19	54	1	1945	0	0	186	0	105177.35	96769	71137	423.17	12734	0.0366	610.55	2657964.17	0.252877
1267	19	55	1	1945	0	0	50	36.94	106147.28	96769	71137	423.17	12734	0.0366	610.55	2657964.17	0.157632
1268	19	56	1	1945	0	0	217	97.8	104700.51	96769	71137	423.17	12734	0.0366	610.55	2657964.17	0.274029
1269	19	57	1	1945	0	0	77	225.41	104795.41	96769	71137	423.17	12734	0.0366	610.55	2657964.17	0.17401
1270	19	58	1	1945	0	0	0	0	105536.64	96769	71137	423.17	12734	0.0366	610.55	2657964.17	0.120503
1271	19	59	1	1945	0	0	0	0	105365	96769	71137	423.17	12734	0.0366	610.55	2657964.17	0.120129
1272	19	60	1	1945	0	0	0	0	105129.47	96769	71137	423.17	12734	0.0366	610.55	2657964.17	0.119614
1273	19	61	1	1970	0	0	0	0	106320.83	105908	98536	484.44	23138.83	0.0158	676.24	5585275	0.102182
1274	19	62	1	1970	0	0	0	0	103201.77	105908	98536	484.44	23138.83	0.0158	676.24	5585275	0.095959
1275	19	63	1	1970	0	0	113	0	104189.67	105908	98536	484.44	23138.83	0.0158	676.24	5585275	0.170969
1276	19	64	1	1970	0	0	0	258.54	104064.94	105908	98536	484.44	23138.83	0.0158	676.24	5585275	0.097681
1277	19	65	1	1970	0	0	0	0	106458.21	105908	98536	484.44	23138.83	0.0158	676.24	5585275	0.102456
1278	19	66	1	1970	0	0	0	0	106027.7	105908	98536	484.44	23138.83	0.0158	676.24	5585275	0.101597
1279	19	67	1	1970	0	0	0	0	104769.52	105908	98536	484.44	23138.83	0.0158	676.24	5585275	0.099087
1280	19	68	1	1970	0	0	115	0	105367.66	105908	98536	484.44	23138.83	0.0158	676.24	5585275	0.174612
1281	19	69	1	1970	0	0	0	0	103832.95	105908	98536	484.44	23138.83	0.0158	676.24	5585275	0.097218
1282	19	70	1	1970	0	0	0	0	104990.13	105908	98536	484.44	23138.83	0.0158	676.24	5585275	0.099527
1283	19	71	1	1970	27	2	0	273.62	104923.48	105908	98536	484.44	23138.83	0.0158	676.24	5585275	0.103383
1284	19	72	1	1970	0	0	137	0	105253.15	105908	98536	484.44	23138.83	0.0158	676.24	5585275	0.188603
1285	20	49	1	1355	30	8	0	12.33	104719.93	122722	44366	349.07	11163.17	0.0372	3171.58	3006056.67	0.081972
1286	20	50	1	1355	0	0	0	0	104120	122722	44366	349.07	11163.17	0.0372	3171.58	3006056.67	0.069328
1287	20	51	1	1355	0	0	30	36.11	104970.57	122722	44366	349.07	11163.17	0.0372	3171.58	3006056.67	0.074927
1288	20	52	1	1355	0	0	0	0	106467.3	122722	44366	349.07	11163.17	0.0372	3171.58	3006056.67	0.07337
1289	20	53	1	1355	0	0	0	0	103912.2	122722	44366	349.07	11163.17	0.0372	3171.58	3006056.67	0.06897
1290	20	54	1	1355	0	0	33	0	105338.47	122722	44366	349.07	11163.17	0.0372	3171.58	3006056.67	0.075974
1291	20	55	1	1355	35	5	0	234.38	105300.7	122722	44366	349.07	11163.17	0.0372	3171.58	3006056.67	0.083583
1292	20	56	1	1355	0	0	0	0	105393.7	122722	44366	349.07	11163.17	0.0372	3171.58	3006056.67	0.071521
1293	20	57	1	1355	0	0	0	0	103361.33	122722	44366	349.07	11163.17	0.0372	3171.58	3006056.67	0.068022
1294	20	58	1	1355	0	0	0	0	104656.36	122722	44366	349.07	11163.17	0.0372	3171.58	3006056.67	0.070252
1295	20	59	1	1355	0	0	0	0	105291.19	122722	44366	349.07	11163.17	0.0372	3171.58	3006056.67	0.071345
1296	20	60	1	1355	0	0	0	0	105542.71	122722	44366	349.07	11163.17	0.0372	3171.58	3006056.67	0.071778
1297	20	61	1	1373	3	14	0	0	105626.57	117413	46590	263.31	20427.58	0.0195	2320.44	3093219.67	0.085092
1298	20	62	1	1373	0	0	0	0	105080.05	117413	46590	263.31	20427.58	0.0195	2320.44	3093219.67	0.079162
1299	20	63	1	1373	0	0	0	0	105220.76	117413	46590	263.31	20427.58	0.0195	2320.44	3093219.67	0.079416
1300	20	64	1	1373	0	0	55	0	104645.95	117413	46590	263.31	20427.58	0.0195	2320.44	3093219.67	0.088741
1301	20	65	1	1373	0	0	0	177.72	104925.55	117413	46590	263.31	20427.58	0.0195	2320.44	3093219.67	0.078884
1302	20	66	1	1373	0	0	0	0	104491.36	117413	46590	263.31	20427.58	0.0195	2320.44	3093219.67	0.078103
1303	20	67	1	1373	0	0	75	0	103967.96	117413	46590	263.31	20427.58	0.0195	2320.44	3093219.67	0.091288
1304	20	68	1	1373	0	0	0	0	104033	117413	46590	263.31	20427.58	0.0195	2320.44	3093219.67	0.077278
1305	20	69	1	1373	0	0	145	171.82	103528.39	117413	46590	263.31	20427.58	0.0195	2320.44	3093219.67	0.103683
1306	20	70	1	1373	0	0	0	241.53	105115.49	117413	46590	263.31	20427.58	0.0195	2320.44	3093219.67	0.079226
1307	20	71	1	1373	10	7	0	0	105778.99	117413	46590	263.31	20427.58	0.0195	2320.44	3093219.67	0.085366
1308	20	72	1	1373	0	0	54	129.91	105753.55	117413	46590	263.31	20427.58	0.0195	2320.44	3093219.67	0.090546
1309	21	49	1	5646	0	0	0	0	119137.04	129498	1308204	1345.63	9944.17	0.0045	7331.93	2054377.5	0.084451
1310	21	50	1	5646	0	0	0	0	118793.01	129498	1308204	1345.63	9944.17	0.0045	7331.93	2054377.5	0.08389
1311	21	51	1	5646	43	0	0	0	118079.48	129498	1308204	1345.63	9944.17	0.0045	7331.93	2054377.5	0.083171
1312	21	52	1	5646	0	0	0	0	119113.66	129498	1308204	1345.63	9944.17	0.0045	7331.93	2054377.5	0.084413
1313	21	53	1	5646	0	0	0	0	118625.59	129498	1308204	1345.63	9944.17	0.0045	7331.93	2054377.5	0.083617
1314	21	54	1	5646	40	2	13	0	118559.12	129498	1308204	1345.63	9944.17	0.0045	7331.93	2054377.5	0.084719
1315	21	55	1	5646	0	0	103	0	117938.14	129498	1308204	1345.63	9944.17	0.0045	7331.93	2054377.5	0.088635
1316	21	56	1	5646	0	0	267	0	118186	129498	1308204	1345.63	9944.17	0.0045	7331.93	2054377.5	0.098817
1317	21	57	1	5646	0	0	0	0	119686.88	129498	1308204	1345.63	9944.17	0.0045	7331.93	2054377.5	0.085349
1318	21	58	1	5646	0	0	0	0	118576.91	129498	1308204	1345.63	9944.17	0.0045	7331.93	2054377.5	0.083537
1319	21	59	1	5646	0	0	0	0	118599.11	129498	1308204	1345.63	9944.17	0.0045	7331.93	2054377.5	0.083574
1320	21	60	1	5646	9	2	175	0	119107.62	129498	1308204	1345.63	9944.17	0.0045	7331.93	2054377.5	0.09495
1321	21	61	1	5731	0	0	0	184.87	119386.79	114686	1340130	1614.26	11125.75	-0.0115	8526.99	2661232.5	0.110019
1322	21	62	1	5731	0	0	0	0	118654.9	114686	1340130	1614.26	11125.75	-0.0115	8526.99	2661232.5	0.108671
1323	21	63	1	5731	0	0	0	0	114218.44	114686	1340130	1614.26	11125.75	-0.0115	8526.99	2661232.5	0.100497
1324	21	64	1	5731	0	0	0	228.93	116726.61	114686	1340130	1614.26	11125.75	-0.0115	8526.99	2661232.5	0.105118
1325	21	65	1	5731	27	5	172	17.9	115186.66	114686	1340130	1614.26	11125.75	-0.0115	8526.99	2661232.5	0.111421
1326	21	66	1	5731	0	0	0	0	114932.45	114686	1340130	1614.26	11125.75	-0.0115	8526.99	2661232.5	0.101812
1327	21	67	1	5731	0	0	0	0	110787.56	114686	1340130	1614.26	11125.75	-0.0115	8526.99	2661232.5	0.094175
1328	21	68	1	5731	0	0	18	0	110019.87	114686	1340130	1614.26	11125.75	-0.0115	8526.99	2661232.5	0.093683
1329	21	69	1	5731	0	0	0	165.78	112425.26	114686	1340130	1614.26	11125.75	-0.0115	8526.99	2661232.5	0.097193
1330	21	70	1	5731	0	0	64	0	114723.58	114686	1340130	1614.26	11125.75	-0.0115	8526.99	2661232.5	0.104708
1331	21	71	1	5731	0	0	0	0	118654.18	114686	1340130	1614.26	11125.75	-0.0115	8526.99	2661232.5	0.108669
1332	21	72	1	5731	0	0	0	283.83	121724.52	114686	1340130	1614.26	11125.75	-0.0115	8526.99	2661232.5	0.114327
1333	22	49	1	5656	27	12	0	0	112887.7	98170	609414	1376.29	2859.67	0.0281	11632.3	678087.5	0.133905
1334	22	50	1	5656	6	20	0	0	112751.73	98170	609414	1376.29	2859.67	0.0281	11632.3	678087.5	0.133323
1335	22	51	1	5656	0	0	125	0	111672.04	98170	609414	1376.29	2859.67	0.0281	11632.3	678087.5	0.135118
1336	22	52	1	5656	0	0	0	0	109249.39	98170	609414	1376.29	2859.67	0.0281	11632.3	678087.5	0.125206
1337	22	53	1	5656	0	0	0	0	110942.24	98170	609414	1376.29	2859.67	0.0281	11632.3	678087.5	0.12885
1338	22	54	1	5656	0	0	0	0	106175.74	98170	609414	1376.29	2859.67	0.0281	11632.3	678087.5	0.11859
1339	22	55	1	5656	2	15	0	176.88	103685.46	98170	609414	1376.29	2859.67	0.0281	11632.3	678087.5	0.113608
1340	22	56	1	5656	0	0	0	0	104243.93	98170	609414	1376.29	2859.67	0.0281	11632.3	678087.5	0.114432
1341	22	57	1	5656	0	0	0	0	110283.04	98170	609414	1376.29	2859.67	0.0281	11632.3	678087.5	0.127431
1342	22	58	1	5656	43	20	0	0	107235.56	98170	609414	1376.29	2859.67	0.0281	11632.3	678087.5	0.122273
1343	22	59	1	5656	0	0	0	0	107475.23	98170	609414	1376.29	2859.67	0.0281	11632.3	678087.5	0.121387
1344	22	60	1	5656	0	0	0	0	107771.61	98170	609414	1376.29	2859.67	0.0281	11632.3	678087.5	0.122025
1345	22	61	1	5742	9	1	0	248.46	108152.96	117190	622276	1564.86	15104.33	0.007	12759.23	4396123.33	0.085281
1346	22	62	1	5742	0	0	193	0	107785.27	117190	622276	1564.86	15104.33	0.007	12759.23	4396123.33	0.091012
1347	22	63	1	5742	0	0	35	218.12	107753.67	117190	622276	1564.86	15104.33	0.007	12759.23	4396123.33	0.085542
1348	22	64	1	5742	0	0	0	0	107148.34	117190	622276	1564.86	15104.33	0.007	12759.23	4396123.33	0.083252
1349	22	65	1	5742	0	0	0	461.85	107627.54	117190	622276	1564.86	15104.33	0.007	12759.23	4396123.33	0.084116
1350	22	66	1	5742	0	0	0	143.8	110147.71	117190	622276	1564.86	15104.33	0.007	12759.23	4396123.33	0.08866
1351	22	67	1	5742	0	0	0	0	107713.86	117190	622276	1564.86	15104.33	0.007	12759.23	4396123.33	0.084271
1352	22	68	1	5742	0	0	157	0	108030.3	117190	622276	1564.86	15104.33	0.007	12759.23	4396123.33	0.09022
1353	22	69	1	5742	0	0	0	0	107382.1	117190	622276	1564.86	15104.33	0.007	12759.23	4396123.33	0.083673
1354	22	70	1	5742	0	0	29	0	106493.05	117190	622276	1564.86	15104.33	0.007	12759.23	4396123.33	0.083063
1355	22	71	1	5742	0	0	0	0	104543.45	117190	622276	1564.86	15104.33	0.007	12759.23	4396123.33	0.078555
1356	22	72	1	5742	0	0	0	0	104384.03	117190	622276	1564.86	15104.33	0.007	12759.23	4396123.33	0.078267
1357	23	49	1	1060	0	0	0	0	104531.84	102931	37874	208.58	9138.33	-0.0001	9357.62	1996225	0.104644
1358	23	50	1	1060	0	0	0	271.57	104749.63	102931	37874	208.58	9138.33	-0.0001	9357.62	1996225	0.105092
1359	23	51	1	1060	0	0	229	0	106558.72	102931	37874	208.58	9138.33	-0.0001	9357.62	1996225	0.119502
1360	23	52	1	1060	0	0	0	245.46	104229.54	102931	37874	208.58	9138.33	-0.0001	9357.62	1996225	0.104024
1361	23	53	1	1060	0	0	16	0	105006.34	102931	37874	208.58	9138.33	-0.0001	9357.62	1996225	0.106366
1362	23	54	1	1060	57	18	193	0	105049.11	102931	37874	208.58	9138.33	-0.0001	9357.62	1996225	0.141565
1363	23	55	1	1060	8	2	0	136.01	104659.72	102931	37874	208.58	9138.33	-0.0001	9357.62	1996225	0.108486
1364	23	56	1	1060	0	0	195	0	105206.16	102931	37874	208.58	9138.33	-0.0001	9357.62	1996225	0.115137
1365	23	57	1	1060	0	0	0	0	105102.58	102931	37874	208.58	9138.33	-0.0001	9357.62	1996225	0.105816
1366	23	58	1	1060	0	0	22	0	105741.76	102931	37874	208.58	9138.33	-0.0001	9357.62	1996225	0.108156
1367	23	59	1	1060	0	0	0	0	104952.02	102931	37874	208.58	9138.33	-0.0001	9357.62	1996225	0.105507
1368	23	60	1	1060	0	0	0	0	105497.88	102931	37874	208.58	9138.33	-0.0001	9357.62	1996225	0.106628
1369	23	61	1	1073	0	0	0	0	105411.53	111363	38500	289.87	6146.92	0.0223	13134.7	1267840.83	0.090065
1370	23	62	1	1073	0	0	0	0	105518.7	111363	38500	289.87	6146.92	0.0223	13134.7	1267840.83	0.090269
1371	23	63	1	1073	0	0	0	0	104350.36	111363	38500	289.87	6146.92	0.0223	13134.7	1267840.83	0.088052
1372	23	64	1	1073	4	5	0	0	104029.2	111363	38500	289.87	6146.92	0.0223	13134.7	1267840.83	0.090611
1373	23	65	1	1073	0	0	0	0	105680.86	111363	38500	289.87	6146.92	0.0223	13134.7	1267840.83	0.090576
1374	23	66	1	1073	0	0	173	0	104780.87	111363	38500	289.87	6146.92	0.0223	13134.7	1267840.83	0.094626
1375	23	67	1	1073	0	0	0	0	104171.38	111363	38500	289.87	6146.92	0.0223	13134.7	1267840.83	0.087712
1376	23	68	1	1073	0	0	75	0	103734.73	111363	38500	289.87	6146.92	0.0223	13134.7	1267840.83	0.089379
1377	23	69	1	1073	0	0	0	0	106243.4	111363	38500	289.87	6146.92	0.0223	13134.7	1267840.83	0.091644
1378	23	70	1	1073	0	0	0	0	104201.5	111363	38500	289.87	6146.92	0.0223	13134.7	1267840.83	0.087769
1379	23	71	1	1073	0	0	42	0	104242.3	111363	38500	289.87	6146.92	0.0223	13134.7	1267840.83	0.089244
1380	23	72	1	1073	0	0	0	0	105963.99	111363	38500	289.87	6146.92	0.0223	13134.7	1267840.83	0.091114
1381	24	49	1	578	0	0	0	123.02	104813.05	125593	18551	127.8	19907.58	-0.0027	7344.62	4967565.83	0.066396
1382	24	50	1	578	0	0	0	0	104733.47	125593	18551	127.8	19907.58	-0.0027	7344.62	4967565.83	0.066262
1383	24	51	1	578	0	0	0	236.58	105339.39	125593	18551	127.8	19907.58	-0.0027	7344.62	4967565.83	0.067281
1384	24	52	1	578	41	4	0	0	105055.88	125593	18551	127.8	19907.58	-0.0027	7344.62	4967565.83	0.099687
1385	24	53	1	578	7	16	0	0	105141.92	125593	18551	127.8	19907.58	-0.0027	7344.62	4967565.83	0.083756
1386	24	54	1	578	0	0	0	0	104551.89	125593	18551	127.8	19907.58	-0.0027	7344.62	4967565.83	0.065957
1387	24	55	1	578	0	0	0	0	105653.55	125593	18551	127.8	19907.58	-0.0027	7344.62	4967565.83	0.06781
1388	24	56	1	578	0	0	0	0	104727.26	125593	18551	127.8	19907.58	-0.0027	7344.62	4967565.83	0.066252
1389	24	57	1	578	0	0	0	0	102042.33	125593	18551	127.8	19907.58	-0.0027	7344.62	4967565.83	0.061734
1390	24	58	1	578	0	0	0	10.41	106709.98	125593	18551	127.8	19907.58	-0.0027	7344.62	4967565.83	0.069587
1391	24	59	1	578	24	19	0	0	106160.63	125593	18551	127.8	19907.58	-0.0027	7344.62	4967565.83	0.100084
1392	24	60	1	578	0	0	0	0	105424.79	125593	18551	127.8	19907.58	-0.0027	7344.62	4967565.83	0.067425
1393	24	61	1	587	0	0	0	0	105400.93	92112	18865	97.93	9365.67	0.0256	5700.41	2562435.83	0.131843
1394	24	62	1	587	40	10	181	0	105682.45	92112	18865	97.93	9365.67	0.0256	5700.41	2562435.83	0.182296
1395	24	63	1	587	0	0	0	0	106262.23	92112	18865	97.93	9365.67	0.0256	5700.41	2562435.83	0.133819
1396	24	64	1	587	46	17	0	192.99	103945.31	92112	18865	97.93	9365.67	0.0256	5700.41	2562435.83	0.173773
1397	24	65	1	587	0	0	0	0	105144.1	92112	18865	97.93	9365.67	0.0256	5700.41	2562435.83	0.131254
1398	24	66	1	587	0	0	133	0	105728.73	92112	18865	97.93	9365.67	0.0256	5700.41	2562435.83	0.142794
1399	24	67	1	587	13	7	0	0	104357.85	92112	18865	97.93	9365.67	0.0256	5700.41	2562435.83	0.143822
1400	24	68	1	587	0	0	49	262.78	105508	92112	18865	97.93	9365.67	0.0256	5700.41	2562435.83	0.135846
1401	24	69	1	587	0	0	0	0	104977.81	92112	18865	97.93	9365.67	0.0256	5700.41	2562435.83	0.130873
1402	24	70	1	587	0	0	0	0	104908.5	92112	18865	97.93	9365.67	0.0256	5700.41	2562435.83	0.130714
1403	24	71	1	587	0	0	0	0	105913.36	92112	18865	97.93	9365.67	0.0256	5700.41	2562435.83	0.133019
1404	24	72	1	587	0	0	180	0	103627.99	92112	18865	97.93	9365.67	0.0256	5700.41	2562435.83	0.141578
1405	25	49	1	627	0	0	148	0	105352.02	105897	29494	137.44	18804.25	-0.0031	4049.98	3775835.83	0.116243
1406	25	50	1	627	0	0	14	241.76	105352.02	105897	29494	137.44	18804.25	-0.0031	4049.98	3775835.83	0.101781
1407	25	51	1	627	0	0	0	96.18	105352.02	105897	29494	137.44	18804.25	-0.0031	4049.98	3775835.83	0.100271
1408	25	52	1	627	26	16	0	0	105352.02	105897	29494	137.44	18804.25	-0.0031	4049.98	3775835.83	0.119574
1409	25	55	1	627	0	0	67	0	105352.02	105897	29494	137.44	18804.25	-0.0031	4049.98	3775835.83	0.107502
1410	25	58	1	627	0	0	113	0	105352.02	105897	29494	137.44	18804.25	-0.0031	4049.98	3775835.83	0.112466
1411	25	62	1	636	50	17	0	0	105352.02	125490	23054	178.19	21524.92	0.0399	5397.3	6018310	0.106844
1412	25	68	1	636	24	8	0	0	105352.02	125490	23054	178.19	21524.92	0.0399	5397.3	6018310	0.086264
1413	25	70	1	636	0	0	73	0	105352.02	125490	23054	178.19	21524.92	0.0399	5397.3	6018310	0.07336
1414	25	72	1	636	0	0	11	84.29	105352.02	125490	23054	178.19	21524.92	0.0399	5397.3	6018310	0.068339
1415	26	50	1	1467	0	0	119	0	105352.02	97601	4543	243.28	18388	0.0181	7544.36	5430763.33	0.125034
1416	26	53	1	1467	0	0	0	73.66	105352.02	97601	4543	243.28	18388	0.0181	7544.36	5430763.33	0.118139
1417	26	56	1	1467	8	10	0	0	105352.02	97601	4543	243.28	18388	0.0181	7544.36	5430763.33	0.171848
1418	26	66	1	1484	0	0	0	33.99	105352.02	106990	5062	421.96	12893.67	0.02	12951.9	3483223.33	0.098123
1419	26	69	1	1484	26	10	0	0	105352.02	106990	5062	421.96	12893.67	0.02	12951.9	3483223.33	0.194528
1420	27	51	1	542	0	0	96	0	105352.02	104275	17810	73.64	21461.58	-0.0199	843.69	5717674.17	0.153276
1421	27	53	1	542	14	5	0	0	105352.02	104275	17810	73.64	21461.58	-0.0199	843.69	5717674.17	0.118002
1422	27	55	1	542	0	0	132	138.88	105352.02	104275	17810	73.64	21461.58	-0.0199	843.69	5717674.17	0.171926
1423	27	57	1	542	0	0	121	0	105352.02	104275	17810	73.64	21461.58	-0.0199	843.69	5717674.17	0.166227
1424	27	58	1	542	38	20	0	0	105352.02	104275	17810	73.64	21461.58	-0.0199	843.69	5717674.17	0.147686
1425	27	59	1	542	0	0	0	171.03	105352.02	104275	17810	73.64	21461.58	-0.0199	843.69	5717674.17	0.103541
1426	27	60	1	542	2	11	0	0	105352.02	104275	17810	73.64	21461.58	-0.0199	843.69	5717674.17	0.113435
1427	27	61	1	549	0	0	0	57.68	105352.02	93010	18629	150.71	7460.67	-0.0006	1736.44	2128097.5	0.129398
1428	27	62	1	549	0	0	0	116.81	105352.02	93010	18629	150.71	7460.67	-0.0006	1736.44	2128097.5	0.129398
1429	27	65	1	549	42	11	0	0	105352.02	93010	18629	150.71	7460.67	-0.0006	1736.44	2128097.5	0.167964
1430	27	67	1	549	20	17	192	0	105352.02	93010	18629	150.71	7460.67	-0.0006	1736.44	2128097.5	0.204651
1431	27	68	1	549	32	11	0	0	105352.02	93010	18629	150.71	7460.67	-0.0006	1736.44	2128097.5	0.160687
1432	27	72	1	549	0	0	0	67.62	105352.02	93010	18629	150.71	7460.67	-0.0006	1736.44	2128097.5	0.129398
1433	28	49	1	1472	0	0	296	0	105352.02	95681	21529	352.27	12372.5	0.019	388.14	2661787.5	0.45605
1434	28	53	1	1472	0	0	0	94.15	105352.02	95681	21529	352.27	12372.5	0.019	388.14	2661787.5	0.122716
1435	28	59	1	1472	0	0	0	140.81	105352.02	95681	21529	352.27	12372.5	0.019	388.14	2661787.5	0.122716
1436	28	60	1	1472	27	5	0	54.05	105352.02	95681	21529	352.27	12372.5	0.019	388.14	2661787.5	0.142865
1437	28	62	1	1492	2	14	0	0	105352.02	129819	21959	324.58	8004.5	0.0238	354.64	1822599.17	0.07141
1438	28	66	1	1492	0	0	0	271.48	105352.02	129819	21959	324.58	8004.5	0.0238	354.64	1822599.17	0.061533
1439	28	67	1	1492	0	0	69	0	105352.02	129819	21959	324.58	8004.5	0.0238	354.64	1822599.17	0.146575
1440	28	68	1	1492	12	4	65	0	105352.02	129819	21959	324.58	8004.5	0.0238	354.64	1822599.17	0.151522
1441	28	69	1	1492	14	2	0	0	105352.02	129819	21959	324.58	8004.5	0.0238	354.64	1822599.17	0.07141
1442	28	70	1	1492	0	0	65	0	105352.02	129819	21959	324.58	8004.5	0.0238	354.64	1822599.17	0.141645
1443	28	71	1	1492	3	7	0	191.07	105352.02	129819	21959	324.58	8004.5	0.0238	354.64	1822599.17	0.067706
1444	29	49	1	6728	0	0	0	0	106298.93	97564	202295	1895.08	14523.08	0.0167	1267.12	3339406.67	0.120277
1445	29	50	1	6728	0	0	0	0	104513.42	97564	202295	1895.08	14523.08	0.0167	1267.12	3339406.67	0.116409
1446	29	51	1	6728	37	4	160	0	105634.98	97564	202295	1895.08	14523.08	0.0167	1267.12	3339406.67	0.176778
1447	29	52	1	6728	10	19	38	263	105413.13	97564	202295	1895.08	14523.08	0.0167	1267.12	3339406.67	0.133409
1448	29	53	1	6728	0	0	91	62	106387.47	97564	202295	1895.08	14523.08	0.0167	1267.12	3339406.67	0.151859
1449	29	54	1	6728	0	0	0	0	105089.56	97564	202295	1895.08	14523.08	0.0167	1267.12	3339406.67	0.117657
1450	29	55	1	6728	0	0	0	0	105493.65	97564	202295	1895.08	14523.08	0.0167	1267.12	3339406.67	0.118532
1451	29	56	1	6728	0	0	0	0	105506.14	97564	202295	1895.08	14523.08	0.0167	1267.12	3339406.67	0.11856
1452	29	57	1	6728	0	0	36	179.71	105766.11	97564	202295	1895.08	14523.08	0.0167	1267.12	3339406.67	0.131541
1453	29	58	1	6728	0	0	50	0	105093.5	97564	202295	1895.08	14523.08	0.0167	1267.12	3339406.67	0.134913
1454	29	59	1	6728	0	0	0	143.38	104999.07	97564	202295	1895.08	14523.08	0.0167	1267.12	3339406.67	0.117461
1455	29	60	1	6728	0	0	0	0	105583.31	97564	202295	1895.08	14523.08	0.0167	1267.12	3339406.67	0.118727
1456	29	61	1	6811	23	9	0	24.78	104403.13	96048	206205	1878.76	4627.25	-0.0031	1216.71	1047601.67	0.121843
1457	29	62	1	6811	0	0	0	0	107095.05	96048	206205	1878.76	4627.25	-0.0031	1216.71	1047601.67	0.125662
1458	29	63	1	6811	0	0	108	0	104784.57	96048	206205	1878.76	4627.25	-0.0031	1216.71	1047601.67	0.159377
1459	29	64	1	6811	0	0	0	0	105464.03	96048	206205	1878.76	4627.25	-0.0031	1216.71	1047601.67	0.122074
1460	29	65	1	6811	32	17	0	0	105630.16	96048	206205	1878.76	4627.25	-0.0031	1216.71	1047601.67	0.12566
1461	29	66	1	6811	0	0	189	0	105773.67	96048	206205	1878.76	4627.25	-0.0031	1216.71	1047601.67	0.190652
1462	29	67	1	6811	0	0	65	0	105344.78	96048	206205	1878.76	4627.25	-0.0031	1216.71	1047601.67	0.145162
1463	29	68	1	6811	0	0	48	0	104711.38	96048	206205	1878.76	4627.25	-0.0031	1216.71	1047601.67	0.137661
1464	29	69	1	6811	0	0	0	0	104017.18	96048	206205	1878.76	4627.25	-0.0031	1216.71	1047601.67	0.118891
1465	29	70	1	6811	0	0	0	0	107054.02	96048	206205	1878.76	4627.25	-0.0031	1216.71	1047601.67	0.125572
1466	29	71	1	6811	0	0	0	0	104808.3	96048	206205	1878.76	4627.25	-0.0031	1216.71	1047601.67	0.120631
1467	29	72	1	6811	0	0	0	139.12	104763.91	96048	206205	1878.76	4627.25	-0.0031	1216.71	1047601.67	0.120533
1468	30	49	1	1503	0	0	0	0	105055.82	122758	81827	190.41	16406.92	0.0192	1659.08	4188195.83	0.070886
1469	30	50	1	1503	0	0	162	0	104212.06	122758	81827	190.41	16406.92	0.0192	1659.08	4188195.83	0.112114
1470	30	51	1	1503	0	0	191	0	106120.18	122758	81827	190.41	16406.92	0.0192	1659.08	4188195.83	0.123039
1471	30	52	1	1503	0	0	0	0	104095.68	122758	81827	190.41	16406.92	0.0192	1659.08	4188195.83	0.069234
1472	30	53	1	1503	39	1	225	0	105941.68	122758	81827	190.41	16406.92	0.0192	1659.08	4188195.83	0.138315
1473	30	54	1	1503	0	0	0	0	105077.31	122758	81827	190.41	16406.92	0.0192	1659.08	4188195.83	0.070923
1474	30	55	1	1503	0	0	0	24.53	104453.33	122758	81827	190.41	16406.92	0.0192	1659.08	4188195.83	0.069849
1475	30	56	1	1503	0	0	0	0	104163.11	122758	81827	190.41	16406.92	0.0192	1659.08	4188195.83	0.06935
1476	30	57	1	1503	0	0	0	0	104682.44	122758	81827	190.41	16406.92	0.0192	1659.08	4188195.83	0.070244
1477	30	58	1	1503	0	0	108	0	104999.1	122758	81827	190.41	16406.92	0.0192	1659.08	4188195.83	0.099242
1478	30	59	1	1503	0	0	0	0	105681.51	122758	81827	190.41	16406.92	0.0192	1659.08	4188195.83	0.071963
1479	30	60	1	1503	0	0	0	0	104696.96	122758	81827	190.41	16406.92	0.0192	1659.08	4188195.83	0.070269
1480	30	61	1	1525	0	0	0	0	105567.2	94872	80389	334.29	3378.5	0.0386	2925.28	980195	0.12518
1481	30	62	1	1525	0	0	0	0	105344.85	94872	80389	334.29	3378.5	0.0386	2925.28	980195	0.124684
1482	30	63	1	1525	0	0	148	0	103688.34	94872	80389	334.29	3378.5	0.0386	2925.28	980195	0.143109
1483	30	64	1	1525	0	0	0	0	105966.87	94872	80389	334.29	3378.5	0.0386	2925.28	980195	0.12607
1484	30	65	1	1525	0	0	0	0	104364.11	94872	80389	334.29	3378.5	0.0386	2925.28	980195	0.1225
1485	30	66	1	1525	0	0	0	0	105442.62	94872	80389	334.29	3378.5	0.0386	2925.28	980195	0.124902
1486	30	67	1	1525	0	0	54	0	104593.78	94872	80389	334.29	3378.5	0.0386	2925.28	980195	0.13108
1487	30	68	1	1525	0	0	0	0	103494.16	94872	80389	334.29	3378.5	0.0386	2925.28	980195	0.120562
1488	30	69	1	1525	0	0	0	245.18	104376.3	94872	80389	334.29	3378.5	0.0386	2925.28	980195	0.122527
1489	30	70	1	1525	0	0	0	0	106594.41	94872	80389	334.29	3378.5	0.0386	2925.28	980195	0.127467
1490	30	71	1	1525	0	0	0	0	104650.31	94872	80389	334.29	3378.5	0.0386	2925.28	980195	0.123137
1491	30	72	1	1525	0	0	0	0	105863.51	94872	80389	334.29	3378.5	0.0386	2925.28	980195	0.125839
1492	31	49	1	9463	28	1	0	0	105354.96	117548	821180	2728.61	17048.5	0.0337	7500.57	4720681.67	0.079918
1493	31	50	1	9463	0	0	0	0	105174.11	117548	821180	2728.61	17048.5	0.0337	7500.57	4720681.67	0.079114
1494	31	51	1	9463	0	0	0	0	105739.45	117548	821180	2728.61	17048.5	0.0337	7500.57	4720681.67	0.08013
1495	31	52	1	9463	0	0	0	287.77	104430.75	117548	821180	2728.61	17048.5	0.0337	7500.57	4720681.67	0.077778
1496	31	53	1	9463	0	0	0	0	105515.37	117548	821180	2728.61	17048.5	0.0337	7500.57	4720681.67	0.079728
1497	31	54	1	9463	0	0	70	28.75	104834.12	117548	821180	2728.61	17048.5	0.0337	7500.57	4720681.67	0.082582
1498	31	55	1	9463	0	0	0	187.04	105933.34	117548	821180	2728.61	17048.5	0.0337	7500.57	4720681.67	0.080479
1499	31	56	1	9463	31	17	0	0	104072.93	117548	821180	2728.61	17048.5	0.0337	7500.57	4720681.67	0.077927
1500	31	57	1	9463	36	19	0	0	105602.72	117548	821180	2728.61	17048.5	0.0337	7500.57	4720681.67	0.080793
1501	31	58	1	9463	0	0	52	0	105490.51	117548	821180	2728.61	17048.5	0.0337	7500.57	4720681.67	0.082713
1502	31	59	1	9463	24	3	0	0	105479.78	117548	821180	2728.61	17048.5	0.0337	7500.57	4720681.67	0.080109
1503	31	60	1	9463	0	0	0	0	103452.32	117548	821180	2728.61	17048.5	0.0337	7500.57	4720681.67	0.076019
1504	31	61	1	9563	0	0	0	0	105468.02	101696	838484	2239.36	20738.75	0.0322	6082.66	5520225	0.109196
1505	31	62	1	9563	0	0	0	0	107185.87	101696	838484	2239.36	20738.75	0.0322	6082.66	5520225	0.112765
1506	31	63	1	9563	0	0	0	0	105971.68	101696	838484	2239.36	20738.75	0.0322	6082.66	5520225	0.110242
1507	31	64	1	9563	0	0	0	0	105462.6	101696	838484	2239.36	20738.75	0.0322	6082.66	5520225	0.109184
1508	31	65	1	9563	0	0	0	0	105306.84	101696	838484	2239.36	20738.75	0.0322	6082.66	5520225	0.108861
1509	31	66	1	9563	0	0	0	0	106323.63	101696	838484	2239.36	20738.75	0.0322	6082.66	5520225	0.110974
1510	31	67	1	9563	0	0	0	0	105997.53	101696	838484	2239.36	20738.75	0.0322	6082.66	5520225	0.110296
1511	31	68	1	9563	0	0	0	104.68	104885.41	101696	838484	2239.36	20738.75	0.0322	6082.66	5520225	0.107985
1512	31	69	1	9563	0	0	0	54	105416.08	101696	838484	2239.36	20738.75	0.0322	6082.66	5520225	0.109088
1513	31	70	1	9563	0	0	0	0	105352.02	101696	838484	2239.36	20738.75	0.0322	6082.66	5520225	0.108955
1514	31	71	1	9563	0	0	0	108.81	105126.78	101696	838484	2239.36	20738.75	0.0322	6082.66	5520225	0.108487
1515	31	72	1	9563	0	0	0	0	104077.55	101696	838484	2239.36	20738.75	0.0322	6082.66	5520225	0.106307
1516	32	49	1	3121	0	0	0	0	106109.45	111602	213738	621.76	4838.33	0.0202	2255.25	970971.67	0.090958
1517	32	50	1	3121	0	0	0	0	105149.52	111602	213738	621.76	4838.33	0.0202	2255.25	970971.67	0.089141
1518	32	51	1	3121	0	0	0	0	103864.99	111602	213738	621.76	4838.33	0.0202	2255.25	970971.67	0.086709
1519	32	52	1	3121	0	0	0	12.9	103952.8	111602	213738	621.76	4838.33	0.0202	2255.25	970971.67	0.086875
1520	32	53	1	3121	0	0	105	113.21	104626.07	111602	213738	621.76	4838.33	0.0202	2255.25	970971.67	0.1085
1521	32	54	1	3121	0	0	0	0	104392.18	111602	213738	621.76	4838.33	0.0202	2255.25	970971.67	0.087707
1522	32	55	1	3121	0	0	0	0	106064.84	111602	213738	621.76	4838.33	0.0202	2255.25	970971.67	0.090874
1523	32	56	1	3121	0	0	0	0	104315.84	111602	213738	621.76	4838.33	0.0202	2255.25	970971.67	0.087562
1524	32	57	1	3121	0	0	109	0	106754.53	111602	213738	621.76	4838.33	0.0202	2255.25	970971.67	0.113305
1525	32	58	1	3121	0	0	0	0	103652.52	111602	213738	621.76	4838.33	0.0202	2255.25	970971.67	0.086306
1526	32	59	1	3121	0	0	0	0	103665.94	111602	213738	621.76	4838.33	0.0202	2255.25	970971.67	0.086332
1527	32	60	1	3121	0	0	364	273.81	106566.85	111602	213738	621.76	4838.33	0.0202	2255.25	970971.67	0.162372
1528	32	61	1	3156	0	0	23	0	103651	110380	224091	660.15	6925.17	-0.0043	2311.61	1597501.67	0.092825
1529	32	62	1	3156	0	0	91	0	105203.42	110380	224091	660.15	6925.17	-0.0043	2311.61	1597501.67	0.108655
1530	32	63	1	3156	0	0	145	0	104049.45	110380	224091	660.15	6925.17	-0.0043	2311.61	1597501.67	0.116656
1531	32	64	1	3156	0	0	0	199.96	103626.87	110380	224091	660.15	6925.17	-0.0043	2311.61	1597501.67	0.08843
1532	32	65	1	3156	0	0	0	0	103635.87	110380	224091	660.15	6925.17	-0.0043	2311.61	1597501.67	0.088447
1533	32	66	1	3156	0	0	0	0	106591.08	110380	224091	660.15	6925.17	-0.0043	2311.61	1597501.67	0.094105
1534	32	67	1	3156	18	1	0	0	105574.96	110380	224091	660.15	6925.17	-0.0043	2311.61	1597501.67	0.093309
1535	32	68	1	3156	0	0	0	0	105992.99	110380	224091	660.15	6925.17	-0.0043	2311.61	1597501.67	0.09296
1536	32	69	1	3156	0	0	0	0	104517.74	110380	224091	660.15	6925.17	-0.0043	2311.61	1597501.67	0.090135
1537	32	70	1	3156	0	0	0	0	107604.39	110380	224091	660.15	6925.17	-0.0043	2311.61	1597501.67	0.096044
1538	32	71	1	3156	7	7	0	0	105111.74	110380	224091	660.15	6925.17	-0.0043	2311.61	1597501.67	0.092119
1539	32	72	1	3156	0	0	0	248.14	104336.22	110380	224091	660.15	6925.17	-0.0043	2311.61	1597501.67	0.089788
1540	33	49	1	2793	0	0	0	34.32	102923.21	124371	260273	786.72	15684.5	0.0134	4408.49	3914256.67	0.064918
1541	33	50	1	2793	0	0	0	0	104828.7	124371	260273	786.72	15684.5	0.0134	4408.49	3914256.67	0.068155
1542	33	51	1	2793	0	0	0	0	103781.37	124371	260273	786.72	15684.5	0.0134	4408.49	3914256.67	0.066376
1543	33	52	1	2793	0	0	0	0	104242.18	124371	260273	786.72	15684.5	0.0134	4408.49	3914256.67	0.067159
1544	33	53	1	2793	0	0	153	0	106526.01	124371	260273	786.72	15684.5	0.0134	4408.49	3914256.67	0.086209
1545	33	54	1	2793	0	0	0	0	105089.89	124371	260273	786.72	15684.5	0.0134	4408.49	3914256.67	0.068599
1546	33	55	1	2793	0	0	0	0	106922.45	124371	260273	786.72	15684.5	0.0134	4408.49	3914256.67	0.071713
1547	33	56	1	2793	0	0	0	0	104476.1	124371	260273	786.72	15684.5	0.0134	4408.49	3914256.67	0.067556
1548	33	57	1	2793	28	12	0	0	104595.7	124371	260273	786.72	15684.5	0.0134	4408.49	3914256.67	0.069843
1549	33	58	1	2793	0	0	0	0	104967.8	124371	260273	786.72	15684.5	0.0134	4408.49	3914256.67	0.068392
1550	33	59	1	2793	0	0	0	0	105859.23	124371	260273	786.72	15684.5	0.0134	4408.49	3914256.67	0.069906
1551	33	60	1	2793	0	0	0	0	106059.33	124371	260273	786.72	15684.5	0.0134	4408.49	3914256.67	0.070246
1552	33	61	1	2836	0	0	0	0	105512.56	126856	275696	735.18	4806.42	-0.002	3994.69	1105830	0.065805
1553	33	62	1	2836	0	0	133	130.84	103955.88	126856	275696	735.18	4806.42	-0.002	3994.69	1105830	0.077765
1554	33	63	1	2836	0	0	0	0	104910.7	126856	275696	735.18	4806.42	-0.002	3994.69	1105830	0.064803
1555	33	64	1	2836	0	0	136	56.36	104153.79	126856	275696	735.18	4806.42	-0.002	3994.69	1105830	0.078423
1556	33	65	1	2836	0	0	0	0	105646.26	126856	275696	735.18	4806.42	-0.002	3994.69	1105830	0.066028
1557	33	66	1	2836	0	0	0	0	104756.93	126856	275696	735.18	4806.42	-0.002	3994.69	1105830	0.064547
1558	33	67	1	2836	0	0	0	0	103908.62	126856	275696	735.18	4806.42	-0.002	3994.69	1105830	0.063134
1559	33	68	1	2836	0	0	123	0	105783.58	126856	275696	735.18	4806.42	-0.002	3994.69	1105830	0.079715
1560	33	69	1	2836	0	0	0	250.82	108166.2	126856	275696	735.18	4806.42	-0.002	3994.69	1105830	0.070226
1561	33	70	1	2836	0	0	0	208.25	104864.87	126856	275696	735.18	4806.42	-0.002	3994.69	1105830	0.064726
1562	33	71	1	2836	0	0	0	0	104151.59	126856	275696	735.18	4806.42	-0.002	3994.69	1105830	0.063538
1563	33	72	1	2836	94	34	36	0	104519.41	126856	275696	735.18	4806.42	-0.002	3994.69	1105830	0.074384
1564	34	49	1	2701	0	0	0	0	107147.27	107800	60345	459.31	24590.08	-0.0153	6515.93	5444211.67	0.100079
1565	34	50	1	2701	0	0	0	0	105483	107800	60345	459.31	24590.08	-0.0153	6515.93	5444211.67	0.096816
1566	34	51	1	2701	0	0	0	120.05	105220.28	107800	60345	459.31	24590.08	-0.0153	6515.93	5444211.67	0.096301
1567	34	52	1	2701	0	0	12	0	103815.11	107800	60345	459.31	24590.08	-0.0153	6515.93	5444211.67	0.094352
1568	34	53	1	2701	0	0	0	0	104668.83	107800	60345	459.31	24590.08	-0.0153	6515.93	5444211.67	0.09522
1569	34	54	1	2701	3	20	0	0	105824.45	107800	60345	459.31	24590.08	-0.0153	6515.93	5444211.67	0.102652
1570	34	55	1	2701	19	6	0	0	103509.51	107800	60345	459.31	24590.08	-0.0153	6515.93	5444211.67	0.098564
1571	34	56	1	2701	0	0	0	0	104607.85	107800	60345	459.31	24590.08	-0.0153	6515.93	5444211.67	0.095101
1572	34	57	1	2701	43	18	0	0	104677.75	107800	60345	459.31	24590.08	-0.0153	6515.93	5444211.67	0.10894
1573	34	58	1	2701	0	0	0	0	104247.69	107800	60345	459.31	24590.08	-0.0153	6515.93	5444211.67	0.094395
1574	34	59	1	2701	0	0	0	27.56	104051.06	107800	60345	459.31	24590.08	-0.0153	6515.93	5444211.67	0.094009
1575	34	60	1	2701	0	0	0	234.68	104976.8	107800	60345	459.31	24590.08	-0.0153	6515.93	5444211.67	0.095824
1576	34	61	1	2721	0	0	0	0	105540.07	99009	63985	553.35	1427	-0.0056	7870.33	299698.33	0.115297
1577	34	62	1	2721	6	2	0	196.55	105347.55	99009	63985	553.35	1427	-0.0056	7870.33	299698.33	0.116581
1578	34	63	1	2721	0	0	0	159.44	103988.22	99009	63985	553.35	1427	-0.0056	7870.33	299698.33	0.111985
1579	34	64	1	2721	0	0	46	135.8	105019.7	99009	63985	553.35	1427	-0.0056	7870.33	299698.33	0.116741
1580	34	65	1	2721	0	0	0	0	103410.72	99009	63985	553.35	1427	-0.0056	7870.33	299698.33	0.110752
1581	34	66	1	2721	0	0	0	31.2	106791.94	99009	63985	553.35	1427	-0.0056	7870.33	299698.33	0.117969
1582	34	67	1	2721	0	0	0	0	105322.72	99009	63985	553.35	1427	-0.0056	7870.33	299698.33	0.114833
1583	34	68	1	2721	0	0	0	0	104485	99009	63985	553.35	1427	-0.0056	7870.33	299698.33	0.113045
1584	34	69	1	2721	0	0	0	0	104831.3	99009	63985	553.35	1427	-0.0056	7870.33	299698.33	0.113784
1585	34	70	1	2721	0	0	0	0	105149.2	99009	63985	553.35	1427	-0.0056	7870.33	299698.33	0.114463
1586	34	71	1	2721	0	0	0	144.34	105804.96	99009	63985	553.35	1427	-0.0056	7870.33	299698.33	0.115862
1587	34	72	1	2721	0	0	0	0	105364.09	99009	63985	553.35	1427	-0.0056	7870.33	299698.33	0.114921
1588	35	49	1	5836	0	0	116	0	106006.66	96112	396180	1254.78	2651.08	0.0325	3266.22	556173.33	0.138636
1589	35	50	1	5836	0	0	0	0	104807.43	96112	396180	1254.78	2651.08	0.0325	3266.22	556173.33	0.120476
1590	35	51	1	5836	0	0	0	0	106568.64	96112	396180	1254.78	2651.08	0.0325	3266.22	556173.33	0.124348
1591	35	52	1	5836	0	0	0	0	103919.54	96112	396180	1254.78	2651.08	0.0325	3266.22	556173.33	0.118523
1592	35	53	1	5836	0	0	0	117.9	105321.02	96112	396180	1254.78	2651.08	0.0325	3266.22	556173.33	0.121605
1593	35	54	1	5836	0	0	0	0	103439.99	96112	396180	1254.78	2651.08	0.0325	3266.22	556173.33	0.117469
1594	35	55	1	5836	0	0	0	0	107979.92	96112	396180	1254.78	2651.08	0.0325	3266.22	556173.33	0.127451
1595	35	56	1	5836	0	0	0	0	105511.43	96112	396180	1254.78	2651.08	0.0325	3266.22	556173.33	0.122023
1596	35	57	1	5836	0	0	0	0	105623.87	96112	396180	1254.78	2651.08	0.0325	3266.22	556173.33	0.122271
1597	35	58	1	5836	0	0	0	0	105376.59	96112	396180	1254.78	2651.08	0.0325	3266.22	556173.33	0.121727
1598	35	59	1	5836	0	0	120	0	106610.26	96112	396180	1254.78	2651.08	0.0325	3266.22	556173.33	0.140498
1599	35	60	1	5836	0	0	87	0	105579.5	96112	396180	1254.78	2651.08	0.0325	3266.22	556173.33	0.133816
1600	35	61	1	5914	0	0	0	0	103323.66	126422	411046	1513.08	8248.5	-0.0072	3737.11	1971739.17	0.06275
1601	35	62	1	5914	28	17	0	0	103658.39	126422	411046	1513.08	8248.5	-0.0072	3737.11	1971739.17	0.064794
1602	35	63	1	5914	0	0	44	0	105995.13	126422	411046	1513.08	8248.5	-0.0072	3737.11	1971739.17	0.072362
1603	35	64	1	5914	0	0	0	0	104896.69	126422	411046	1513.08	8248.5	-0.0072	3737.11	1971739.17	0.065379
1604	35	65	1	5914	0	0	0	0	105404.32	126422	411046	1513.08	8248.5	-0.0072	3737.11	1971739.17	0.066228
1605	35	66	1	5914	0	0	99	274.58	104871.83	126422	411046	1513.08	8248.5	-0.0072	3737.11	1971739.17	0.076917
1606	35	67	1	5914	16	18	43	0	103595.09	126422	411046	1513.08	8248.5	-0.0072	3737.11	1971739.17	0.069354
1607	35	68	1	5914	0	0	0	0	106624.63	126422	411046	1513.08	8248.5	-0.0072	3737.11	1971739.17	0.068268
1608	35	69	1	5914	0	0	0	249.02	105271.37	126422	411046	1513.08	8248.5	-0.0072	3737.11	1971739.17	0.066006
1609	35	70	1	5914	7	18	0	0	105234.22	126422	411046	1513.08	8248.5	-0.0072	3737.11	1971739.17	0.066768
1610	35	71	1	5914	30	16	0	0	105003.77	126422	411046	1513.08	8248.5	-0.0072	3737.11	1971739.17	0.067075
1611	35	72	1	5914	0	0	0	0	104005.59	126422	411046	1513.08	8248.5	-0.0072	3737.11	1971739.17	0.06389
1612	36	49	1	8837	0	0	0	39.38	105549.27	121827	280054	1826.38	22340.5	0.0034	1792.55	6255045.83	0.073124
1613	36	50	1	8837	0	0	0	0	105691.44	121827	280054	1826.38	22340.5	0.0034	1792.55	6255045.83	0.073371
1614	36	51	1	8837	0	0	180	0	105420.62	121827	280054	1826.38	22340.5	0.0034	1792.55	6255045.83	0.116792
1615	36	52	1	8837	11	9	0	0	105815.13	121827	280054	1826.38	22340.5	0.0034	1792.55	6255045.83	0.074553
1616	36	53	1	8837	0	0	0	0	103710.24	121827	280054	1826.38	22340.5	0.0034	1792.55	6255045.83	0.069934
1617	36	54	1	8837	0	0	0	0	105688.6	121827	280054	1826.38	22340.5	0.0034	1792.55	6255045.83	0.073366
1618	36	55	1	8837	0	0	0	0	105125.35	121827	280054	1826.38	22340.5	0.0034	1792.55	6255045.83	0.072389
1619	36	56	1	8837	0	0	0	161.73	106030.78	121827	280054	1826.38	22340.5	0.0034	1792.55	6255045.83	0.073959
1620	36	57	1	8837	0	0	0	68.94	105314.44	121827	280054	1826.38	22340.5	0.0034	1792.55	6255045.83	0.072717
1621	36	58	1	8837	41	18	74	0	104209.61	121827	280054	1826.38	22340.5	0.0034	1792.55	6255045.83	0.091701
1622	36	59	1	8837	0	0	0	147.47	105095.96	121827	280054	1826.38	22340.5	0.0034	1792.55	6255045.83	0.072338
1623	36	60	1	8837	0	0	128	0	105296.59	121827	280054	1826.38	22340.5	0.0034	1792.55	6255045.83	0.103897
1624	36	61	1	8928	0	0	0	0	104482.09	91776	283947	2462.78	21177.42	0.0279	2450.89	6312399.17	0.130613
1625	36	62	1	8928	43	3	0	0	104874.67	91776	283947	2462.78	21177.42	0.0279	2450.89	6312399.17	0.133713
1626	36	63	1	8928	0	0	0	0	105118.75	91776	283947	2462.78	21177.42	0.0279	2450.89	6312399.17	0.132079
1627	36	64	1	8928	0	0	0	0	104207.19	91776	283947	2462.78	21177.42	0.0279	2450.89	6312399.17	0.12998
1628	36	65	1	8928	0	0	0	0	104008.25	91776	283947	2462.78	21177.42	0.0279	2450.89	6312399.17	0.129522
1629	36	66	1	8928	0	0	0	0	105382.41	91776	283947	2462.78	21177.42	0.0279	2450.89	6312399.17	0.132686
1630	36	67	1	8928	0	0	52	271.68	104699.33	91776	283947	2462.78	21177.42	0.0279	2450.89	6312399.17	0.140387
1631	36	68	1	8928	0	0	110	0	104954.56	91776	283947	2462.78	21177.42	0.0279	2450.89	6312399.17	0.151318
1632	36	69	1	8928	0	0	0	0	104603.95	91776	283947	2462.78	21177.42	0.0279	2450.89	6312399.17	0.130894
1633	36	70	1	8928	30	1	149	0	104073.71	91776	283947	2462.78	21177.42	0.0279	2450.89	6312399.17	0.157725
1634	36	71	1	8928	0	0	0	0	105707.11	91776	283947	2462.78	21177.42	0.0279	2450.89	6312399.17	0.133434
1635	36	72	1	8928	0	0	0	0	104163.21	91776	283947	2462.78	21177.42	0.0279	2450.89	6312399.17	0.129879
1636	37	49	1	15588	0	0	0	0	103608.47	110153	735981	2896.86	23544.17	-0.0103	7092.44	5859215	0.088803
1637	37	50	1	15588	31	11	0	205.51	105042.78	110153	735981	2896.86	23544.17	-0.0103	7092.44	5859215	0.092329
1638	37	51	1	15588	0	0	0	71.68	105154.1	110153	735981	2896.86	23544.17	-0.0103	7092.44	5859215	0.091769
1639	37	52	1	15588	0	0	0	0	104640.48	110153	735981	2896.86	23544.17	-0.0103	7092.44	5859215	0.090783
1640	37	53	1	15588	0	0	111	0	103991.65	110153	735981	2896.86	23544.17	-0.0103	7092.44	5859215	0.096379
1641	37	54	1	15588	0	0	0	0	105488.06	110153	735981	2896.86	23544.17	-0.0103	7092.44	5859215	0.092409
1642	37	55	1	15588	0	0	0	0	104683.95	110153	735981	2896.86	23544.17	-0.0103	7092.44	5859215	0.090867
1643	37	56	1	15588	0	0	0	0	103670.74	110153	735981	2896.86	23544.17	-0.0103	7092.44	5859215	0.088923
1644	37	57	1	15588	45	20	0	0	104948.03	110153	735981	2896.86	23544.17	-0.0103	7092.44	5859215	0.09257
1645	37	58	1	15588	52	29	0	0	103891.67	110153	735981	2896.86	23544.17	-0.0103	7092.44	5859215	0.090839
1646	37	59	1	15588	0	0	52	102.11	104254.95	110153	735981	2896.86	23544.17	-0.0103	7092.44	5859215	0.093248
1647	37	60	1	15588	0	0	0	128.7	103740.29	110153	735981	2896.86	23544.17	-0.0103	7092.44	5859215	0.089056
1648	37	61	1	15785	0	0	149	290.24	105018.52	100821	748291	3709.66	2950.33	0.0368	9395.75	747232.5	0.117087
1649	37	62	1	15785	0	0	0	0	104721.99	100821	748291	3709.66	2950.33	0.0368	9395.75	747232.5	0.109534
1650	37	63	1	15785	33	16	0	0	101957.39	100821	748291	3709.66	2950.33	0.0368	9395.75	747232.5	0.104627
1651	37	64	1	15785	0	0	112	101.07	106908.83	100821	748291	3709.66	2950.33	0.0368	9395.75	747232.5	0.119328
1652	37	65	1	15785	0	0	0	0	105283.54	100821	748291	3709.66	2950.33	0.0368	9395.75	747232.5	0.110711
1653	37	66	1	15785	39	0	0	0	104638.48	100821	748291	3709.66	2950.33	0.0368	9395.75	747232.5	0.110066
1654	37	67	1	15785	0	0	0	303.73	105398.05	100821	748291	3709.66	2950.33	0.0368	9395.75	747232.5	0.110951
1655	37	68	1	15785	0	0	0	0	103869.2	100821	748291	3709.66	2950.33	0.0368	9395.75	747232.5	0.107747
1656	37	69	1	15785	0	0	0	0	104713.63	100821	748291	3709.66	2950.33	0.0368	9395.75	747232.5	0.109517
1657	37	70	1	15785	0	0	0	13.11	105182.33	100821	748291	3709.66	2950.33	0.0368	9395.75	747232.5	0.110499
1658	37	71	1	15785	0	0	0	0	104754.67	100821	748291	3709.66	2950.33	0.0368	9395.75	747232.5	0.109603
1659	37	72	1	15785	25	3	192	0	104564.76	100821	748291	3709.66	2950.33	0.0368	9395.75	747232.5	0.118644
\.


--
-- TOC entry 5044 (class 0 OID 0)
-- Dependencies: 222
-- Name: fact_supply_resilience_fact_id_seq; Type: SEQUENCE SET; Schema: public; Owner: postgres
--

SELECT pg_catalog.setval('public.fact_supply_resilience_fact_id_seq', 1659, true);


-- Completed on 2026-05-05 17:52:01

--
-- PostgreSQL database dump complete
--

\unrestrict e65vMLS0muhTMieP1TDuNhJJQayBk4OVQ8vVgdxrmYEaBqJuRaftD0ZcXaA2YxN

