SET NAMES utf8mb4;
SET FOREIGN_KEY_CHECKS = 0;


-- 1. Tabel Referensi Hewan
DROP TABLE IF EXISTS `ref_hewan`;
CREATE TABLE `ref_hewan` (
  `id_hewan` VARCHAR(10) NOT NULL,
  `nama_hewan` VARCHAR(50) NOT NULL,
  `kategori` VARCHAR(50) NOT NULL,
  PRIMARY KEY (`id_hewan`)
) ENGINE=InnoDB DEFAULT CHARSET=utf8mb4;

INSERT INTO `ref_hewan` (`id_hewan`, `nama_hewan`, `kategori`) VALUES ('H4-001', 'Sapi', 'Ruminansia');
INSERT INTO `ref_hewan` (`id_hewan`, `nama_hewan`, `kategori`) VALUES ('H2-001', 'Ayam', 'Unggas');

-- 2. Tabel Referensi Wilayah
DROP TABLE IF EXISTS `ref_wilayah`;
CREATE TABLE `ref_wilayah` (
  `id_wilayah` INT NOT NULL AUTO_INCREMENT,
  `provinsi` VARCHAR(100) NOT NULL,
  PRIMARY KEY (`id_wilayah`)
) ENGINE=InnoDB DEFAULT CHARSET=utf8mb4;

INSERT INTO `ref_wilayah` (`id_wilayah`, `provinsi`) VALUES (1, 'Aceh');
INSERT INTO `ref_wilayah` (`id_wilayah`, `provinsi`) VALUES (2, 'Sumatera Utara');
INSERT INTO `ref_wilayah` (`id_wilayah`, `provinsi`) VALUES (3, 'Sumatera Barat');
INSERT INTO `ref_wilayah` (`id_wilayah`, `provinsi`) VALUES (4, 'Riau');
INSERT INTO `ref_wilayah` (`id_wilayah`, `provinsi`) VALUES (5, 'Kepulauan Riau');
INSERT INTO `ref_wilayah` (`id_wilayah`, `provinsi`) VALUES (6, 'Jambi');
INSERT INTO `ref_wilayah` (`id_wilayah`, `provinsi`) VALUES (7, 'Sumatera Selatan');
INSERT INTO `ref_wilayah` (`id_wilayah`, `provinsi`) VALUES (8, 'Bangka Belitung');
INSERT INTO `ref_wilayah` (`id_wilayah`, `provinsi`) VALUES (9, 'Bengkulu');
INSERT INTO `ref_wilayah` (`id_wilayah`, `provinsi`) VALUES (10, 'Lampung');
INSERT INTO `ref_wilayah` (`id_wilayah`, `provinsi`) VALUES (11, 'DKI Jakarta');
INSERT INTO `ref_wilayah` (`id_wilayah`, `provinsi`) VALUES (12, 'Jawa Barat');
INSERT INTO `ref_wilayah` (`id_wilayah`, `provinsi`) VALUES (13, 'Jawa Tengah');
INSERT INTO `ref_wilayah` (`id_wilayah`, `provinsi`) VALUES (14, 'DI Yogyakarta');
INSERT INTO `ref_wilayah` (`id_wilayah`, `provinsi`) VALUES (15, 'Jawa Timur');
INSERT INTO `ref_wilayah` (`id_wilayah`, `provinsi`) VALUES (16, 'Banten');
INSERT INTO `ref_wilayah` (`id_wilayah`, `provinsi`) VALUES (17, 'Bali');
INSERT INTO `ref_wilayah` (`id_wilayah`, `provinsi`) VALUES (18, 'Nusa Tenggara Barat');
INSERT INTO `ref_wilayah` (`id_wilayah`, `provinsi`) VALUES (19, 'Nusa Tenggara Timur');
INSERT INTO `ref_wilayah` (`id_wilayah`, `provinsi`) VALUES (20, 'Kalimantan Barat');
INSERT INTO `ref_wilayah` (`id_wilayah`, `provinsi`) VALUES (21, 'Kalimantan Tengah');
INSERT INTO `ref_wilayah` (`id_wilayah`, `provinsi`) VALUES (22, 'Kalimantan Selatan');
INSERT INTO `ref_wilayah` (`id_wilayah`, `provinsi`) VALUES (23, 'Kalimantan Timur');
INSERT INTO `ref_wilayah` (`id_wilayah`, `provinsi`) VALUES (24, 'Kalimantan Utara');
INSERT INTO `ref_wilayah` (`id_wilayah`, `provinsi`) VALUES (25, 'Sulawesi Utara');
INSERT INTO `ref_wilayah` (`id_wilayah`, `provinsi`) VALUES (26, 'Sulawesi Tengah');
INSERT INTO `ref_wilayah` (`id_wilayah`, `provinsi`) VALUES (27, 'Sulawesi Selatan');
INSERT INTO `ref_wilayah` (`id_wilayah`, `provinsi`) VALUES (28, 'Sulawesi Tenggara');
INSERT INTO `ref_wilayah` (`id_wilayah`, `provinsi`) VALUES (29, 'Gorontalo');
INSERT INTO `ref_wilayah` (`id_wilayah`, `provinsi`) VALUES (30, 'Sulawesi Barat');
INSERT INTO `ref_wilayah` (`id_wilayah`, `provinsi`) VALUES (31, 'Maluku');
INSERT INTO `ref_wilayah` (`id_wilayah`, `provinsi`) VALUES (32, 'Maluku Utara');
INSERT INTO `ref_wilayah` (`id_wilayah`, `provinsi`) VALUES (33, 'Papua');
INSERT INTO `ref_wilayah` (`id_wilayah`, `provinsi`) VALUES (34, 'Papua Barat');
INSERT INTO `ref_wilayah` (`id_wilayah`, `provinsi`) VALUES (35, 'Papua Selatan');
INSERT INTO `ref_wilayah` (`id_wilayah`, `provinsi`) VALUES (36, 'Papua Tengah');
INSERT INTO `ref_wilayah` (`id_wilayah`, `provinsi`) VALUES (37, 'Papua Pegunungan');
INSERT INTO `ref_wilayah` (`id_wilayah`, `provinsi`) VALUES (38, 'Papua Barat Daya');

-- 3. Tabel Transaksi Mutasi
DROP TABLE IF EXISTS `tr_mutasi`;
CREATE TABLE `tr_mutasi` (
  `id_mutasi` VARCHAR(15) NOT NULL,
  `tgl_mutasi` VARCHAR(10) DEFAULT NULL,
  `id_asal` INT DEFAULT NULL,
  `id_tujuan` INT DEFAULT NULL,
  `id_hewan` VARCHAR(10) DEFAULT NULL,
  `jumlah_ekor` INT DEFAULT NULL, 
  PRIMARY KEY (`id_mutasi`),
  CONSTRAINT `fk_mutasi_asal` FOREIGN KEY (`id_asal`) REFERENCES `ref_wilayah` (`id_wilayah`) ON DELETE SET NULL ON UPDATE CASCADE,
  CONSTRAINT `fk_mutasi_tujuan` FOREIGN KEY (`id_tujuan`) REFERENCES `ref_wilayah` (`id_wilayah`) ON DELETE SET NULL ON UPDATE CASCADE,
  CONSTRAINT `fk_mutasi_hewan` FOREIGN KEY (`id_hewan`) REFERENCES `ref_hewan` (`id_hewan`) ON DELETE SET NULL ON UPDATE CASCADE
) ENGINE=InnoDB DEFAULT CHARSET=utf8mb4;

INSERT INTO `tr_mutasi` (`id_mutasi`, `tgl_mutasi`, `id_asal`, `id_tujuan`, `id_hewan`, `jumlah_ekor`) VALUES ('MUT-0001', '01/13/24', 11, 5, 'H4-001', 102.0);
INSERT INTO `tr_mutasi` (`id_mutasi`, `tgl_mutasi`, `id_asal`, `id_tujuan`, `id_hewan`, `jumlah_ekor`) VALUES ('MUT-0002', '09/25/24', 28, 10, 'H4-001', 197.0);
INSERT INTO `tr_mutasi` (`id_mutasi`, `tgl_mutasi`, `id_asal`, `id_tujuan`, `id_hewan`, `jumlah_ekor`) VALUES ('MUT-0003', '09/30/25', 27, 12, 'H2-001', 107.0);
INSERT INTO `tr_mutasi` (`id_mutasi`, `tgl_mutasi`, `id_asal`, `id_tujuan`, `id_hewan`, `jumlah_ekor`) VALUES ('MUT-0004', '06/24/25', 13, 38, 'H4-001', 115.0);
INSERT INTO `tr_mutasi` (`id_mutasi`, `tgl_mutasi`, `id_asal`, `id_tujuan`, `id_hewan`, `jumlah_ekor`) VALUES ('MUT-0005', '01/06/24', 31, 16, 'H4-001', 89.0);
INSERT INTO `tr_mutasi` (`id_mutasi`, `tgl_mutasi`, `id_asal`, `id_tujuan`, `id_hewan`, `jumlah_ekor`) VALUES ('MUT-0006', '08/08/25', 8, 4, 'H2-001', 17.0);
INSERT INTO `tr_mutasi` (`id_mutasi`, `tgl_mutasi`, `id_asal`, `id_tujuan`, `id_hewan`, `jumlah_ekor`) VALUES ('MUT-0007', '03/11/24', 27, 20, 'H4-001', 155.0);
INSERT INTO `tr_mutasi` (`id_mutasi`, `tgl_mutasi`, `id_asal`, `id_tujuan`, `id_hewan`, `jumlah_ekor`) VALUES ('MUT-0008', '11/06/25', 18, 15, 'H4-001', 45.0);
INSERT INTO `tr_mutasi` (`id_mutasi`, `tgl_mutasi`, `id_asal`, `id_tujuan`, `id_hewan`, `jumlah_ekor`) VALUES ('MUT-0009', '03/21/24', 20, 8, 'H2-001', 92.0);
INSERT INTO `tr_mutasi` (`id_mutasi`, `tgl_mutasi`, `id_asal`, `id_tujuan`, `id_hewan`, `jumlah_ekor`) VALUES ('MUT-0010', '03/26/24', 9, 18, 'H4-001', 168.0);
INSERT INTO `tr_mutasi` (`id_mutasi`, `tgl_mutasi`, `id_asal`, `id_tujuan`, `id_hewan`, `jumlah_ekor`) VALUES ('MUT-0011', '07/04/25', 30, 35, 'H4-001', 49.0);
INSERT INTO `tr_mutasi` (`id_mutasi`, `tgl_mutasi`, `id_asal`, `id_tujuan`, `id_hewan`, `jumlah_ekor`) VALUES ('MUT-0012', '10/12/24', 19, 2, 'H4-001', 148.0);
INSERT INTO `tr_mutasi` (`id_mutasi`, `tgl_mutasi`, `id_asal`, `id_tujuan`, `id_hewan`, `jumlah_ekor`) VALUES ('MUT-0013', '08/29/24', 8, 11, 'H4-001', 36.0);
INSERT INTO `tr_mutasi` (`id_mutasi`, `tgl_mutasi`, `id_asal`, `id_tujuan`, `id_hewan`, `jumlah_ekor`) VALUES ('MUT-0014', '01/19/25', 35, 2, 'H4-001', 138.0);
INSERT INTO `tr_mutasi` (`id_mutasi`, `tgl_mutasi`, `id_asal`, `id_tujuan`, `id_hewan`, `jumlah_ekor`) VALUES ('MUT-0015', '06/10/25', 15, 36, 'H2-001', 185.0);
INSERT INTO `tr_mutasi` (`id_mutasi`, `tgl_mutasi`, `id_asal`, `id_tujuan`, `id_hewan`, `jumlah_ekor`) VALUES ('MUT-0016', '03/02/24', 26, 25, 'H2-001', 77.0);
INSERT INTO `tr_mutasi` (`id_mutasi`, `tgl_mutasi`, `id_asal`, `id_tujuan`, `id_hewan`, `jumlah_ekor`) VALUES ('MUT-0017', '01/27/24', 30, 13, 'H2-001', 11.0);
INSERT INTO `tr_mutasi` (`id_mutasi`, `tgl_mutasi`, `id_asal`, `id_tujuan`, `id_hewan`, `jumlah_ekor`) VALUES ('MUT-0018', '09/15/25', 2, 7, 'H4-001', 41.0);
INSERT INTO `tr_mutasi` (`id_mutasi`, `tgl_mutasi`, `id_asal`, `id_tujuan`, `id_hewan`, `jumlah_ekor`) VALUES ('MUT-0019', '08/03/24', 31, 21, 'H2-001', 66.0);
INSERT INTO `tr_mutasi` (`id_mutasi`, `tgl_mutasi`, `id_asal`, `id_tujuan`, `id_hewan`, `jumlah_ekor`) VALUES ('MUT-0020', '05/12/24', 22, 3, 'H2-001', 147.0);
INSERT INTO `tr_mutasi` (`id_mutasi`, `tgl_mutasi`, `id_asal`, `id_tujuan`, `id_hewan`, `jumlah_ekor`) VALUES ('MUT-0021', '12/24/25', 4, 21, 'H4-001', 43.0);
INSERT INTO `tr_mutasi` (`id_mutasi`, `tgl_mutasi`, `id_asal`, `id_tujuan`, `id_hewan`, `jumlah_ekor`) VALUES ('MUT-0022', '04/14/25', 29, 18, 'H4-001', 80.0);
INSERT INTO `tr_mutasi` (`id_mutasi`, `tgl_mutasi`, `id_asal`, `id_tujuan`, `id_hewan`, `jumlah_ekor`) VALUES ('MUT-0023', '12/18/24', 37, 14, 'H2-001', 157.0);
INSERT INTO `tr_mutasi` (`id_mutasi`, `tgl_mutasi`, `id_asal`, `id_tujuan`, `id_hewan`, `jumlah_ekor`) VALUES ('MUT-0024', '09/12/24', 25, 30, 'H4-001', 169.0);
INSERT INTO `tr_mutasi` (`id_mutasi`, `tgl_mutasi`, `id_asal`, `id_tujuan`, `id_hewan`, `jumlah_ekor`) VALUES ('MUT-0025', '06/10/25', 27, 38, 'H2-001', 179.0);
INSERT INTO `tr_mutasi` (`id_mutasi`, `tgl_mutasi`, `id_asal`, `id_tujuan`, `id_hewan`, `jumlah_ekor`) VALUES ('MUT-0026', '08/31/25', 29, 30, 'H4-001', 30.0);
INSERT INTO `tr_mutasi` (`id_mutasi`, `tgl_mutasi`, `id_asal`, `id_tujuan`, `id_hewan`, `jumlah_ekor`) VALUES ('MUT-0027', '05/09/25', 5, 10, 'H4-001', 46.0);
INSERT INTO `tr_mutasi` (`id_mutasi`, `tgl_mutasi`, `id_asal`, `id_tujuan`, `id_hewan`, `jumlah_ekor`) VALUES ('MUT-0028', '05/27/25', 38, 12, 'H2-001', 97.0);
INSERT INTO `tr_mutasi` (`id_mutasi`, `tgl_mutasi`, `id_asal`, `id_tujuan`, `id_hewan`, `jumlah_ekor`) VALUES ('MUT-0029', '04/30/25', 23, 27, 'H4-001', 12.0);
INSERT INTO `tr_mutasi` (`id_mutasi`, `tgl_mutasi`, `id_asal`, `id_tujuan`, `id_hewan`, `jumlah_ekor`) VALUES ('MUT-0030', '03/18/24', 11, 36, 'H4-001', 37.0);
INSERT INTO `tr_mutasi` (`id_mutasi`, `tgl_mutasi`, `id_asal`, `id_tujuan`, `id_hewan`, `jumlah_ekor`) VALUES ('MUT-0031', '06/21/25', 30, 8, 'H4-001', 69.0);
INSERT INTO `tr_mutasi` (`id_mutasi`, `tgl_mutasi`, `id_asal`, `id_tujuan`, `id_hewan`, `jumlah_ekor`) VALUES ('MUT-0032', '03/15/24', 17, 34, 'H4-001', 66.0);
INSERT INTO `tr_mutasi` (`id_mutasi`, `tgl_mutasi`, `id_asal`, `id_tujuan`, `id_hewan`, `jumlah_ekor`) VALUES ('MUT-0033', '01/20/24', 22, 15, 'H4-001', 184.0);
INSERT INTO `tr_mutasi` (`id_mutasi`, `tgl_mutasi`, `id_asal`, `id_tujuan`, `id_hewan`, `jumlah_ekor`) VALUES ('MUT-0034', '03/11/24', 17, 19, 'H2-001', 76.0);
INSERT INTO `tr_mutasi` (`id_mutasi`, `tgl_mutasi`, `id_asal`, `id_tujuan`, `id_hewan`, `jumlah_ekor`) VALUES ('MUT-0035', '01/10/25', 22, 27, 'H4-001', 88.0);
INSERT INTO `tr_mutasi` (`id_mutasi`, `tgl_mutasi`, `id_asal`, `id_tujuan`, `id_hewan`, `jumlah_ekor`) VALUES ('MUT-0036', '09/26/24', 26, 10, 'H4-001', 81.0);
INSERT INTO `tr_mutasi` (`id_mutasi`, `tgl_mutasi`, `id_asal`, `id_tujuan`, `id_hewan`, `jumlah_ekor`) VALUES ('MUT-0037', '06/01/24', 23, 17, 'H4-001', 145.0);
INSERT INTO `tr_mutasi` (`id_mutasi`, `tgl_mutasi`, `id_asal`, `id_tujuan`, `id_hewan`, `jumlah_ekor`) VALUES ('MUT-0038', '11/25/24', 25, 24, 'H4-001', 180.0);
INSERT INTO `tr_mutasi` (`id_mutasi`, `tgl_mutasi`, `id_asal`, `id_tujuan`, `id_hewan`, `jumlah_ekor`) VALUES ('MUT-0039', '05/29/25', 8, 10, 'H4-001', 110.0);
INSERT INTO `tr_mutasi` (`id_mutasi`, `tgl_mutasi`, `id_asal`, `id_tujuan`, `id_hewan`, `jumlah_ekor`) VALUES ('MUT-0040', '11/03/24', 4, 36, 'H4-001', 64.0);
INSERT INTO `tr_mutasi` (`id_mutasi`, `tgl_mutasi`, `id_asal`, `id_tujuan`, `id_hewan`, `jumlah_ekor`) VALUES ('MUT-0041', '04/12/25', 24, 17, 'H2-001', 173.0);
INSERT INTO `tr_mutasi` (`id_mutasi`, `tgl_mutasi`, `id_asal`, `id_tujuan`, `id_hewan`, `jumlah_ekor`) VALUES ('MUT-0042', '07/31/25', 19, 33, 'H4-001', 15.0);
INSERT INTO `tr_mutasi` (`id_mutasi`, `tgl_mutasi`, `id_asal`, `id_tujuan`, `id_hewan`, `jumlah_ekor`) VALUES ('MUT-0043', '10/09/25', 38, 18, 'H2-001', 127.0);
INSERT INTO `tr_mutasi` (`id_mutasi`, `tgl_mutasi`, `id_asal`, `id_tujuan`, `id_hewan`, `jumlah_ekor`) VALUES ('MUT-0044', '05/27/25', 22, 17, 'H2-001', 167.0);
INSERT INTO `tr_mutasi` (`id_mutasi`, `tgl_mutasi`, `id_asal`, `id_tujuan`, `id_hewan`, `jumlah_ekor`) VALUES ('MUT-0045', '10/23/24', 31, 26, 'H4-001', 190.0);
INSERT INTO `tr_mutasi` (`id_mutasi`, `tgl_mutasi`, `id_asal`, `id_tujuan`, `id_hewan`, `jumlah_ekor`) VALUES ('MUT-0046', '12/25/25', 30, 22, 'H2-001', 73.0);
INSERT INTO `tr_mutasi` (`id_mutasi`, `tgl_mutasi`, `id_asal`, `id_tujuan`, `id_hewan`, `jumlah_ekor`) VALUES ('MUT-0047', '08/13/25', 27, 19, 'H4-001', 24.0);
INSERT INTO `tr_mutasi` (`id_mutasi`, `tgl_mutasi`, `id_asal`, `id_tujuan`, `id_hewan`, `jumlah_ekor`) VALUES ('MUT-0048', '09/18/25', 10, 17, 'H2-001', 85.0);
INSERT INTO `tr_mutasi` (`id_mutasi`, `tgl_mutasi`, `id_asal`, `id_tujuan`, `id_hewan`, `jumlah_ekor`) VALUES ('MUT-0049', '06/14/25', 7, 22, 'H4-001', 66.0);
INSERT INTO `tr_mutasi` (`id_mutasi`, `tgl_mutasi`, `id_asal`, `id_tujuan`, `id_hewan`, `jumlah_ekor`) VALUES ('MUT-0050', '02/18/24', 33, 13, 'H2-001', 182.0);
INSERT INTO `tr_mutasi` (`id_mutasi`, `tgl_mutasi`, `id_asal`, `id_tujuan`, `id_hewan`, `jumlah_ekor`) VALUES ('MUT-0051', '04/02/24', 32, 25, 'H4-001', 86.0);
INSERT INTO `tr_mutasi` (`id_mutasi`, `tgl_mutasi`, `id_asal`, `id_tujuan`, `id_hewan`, `jumlah_ekor`) VALUES ('MUT-0052', '07/03/25', 31, 37, 'H2-001', 189.0);
INSERT INTO `tr_mutasi` (`id_mutasi`, `tgl_mutasi`, `id_asal`, `id_tujuan`, `id_hewan`, `jumlah_ekor`) VALUES ('MUT-0053', '05/30/24', 2, 13, 'H4-001', 34.0);
INSERT INTO `tr_mutasi` (`id_mutasi`, `tgl_mutasi`, `id_asal`, `id_tujuan`, `id_hewan`, `jumlah_ekor`) VALUES ('MUT-0054', '03/26/24', 33, 1, 'H4-001', 173.0);
INSERT INTO `tr_mutasi` (`id_mutasi`, `tgl_mutasi`, `id_asal`, `id_tujuan`, `id_hewan`, `jumlah_ekor`) VALUES ('MUT-0055', '11/07/24', 3, 38, 'H4-001', 84.0);
INSERT INTO `tr_mutasi` (`id_mutasi`, `tgl_mutasi`, `id_asal`, `id_tujuan`, `id_hewan`, `jumlah_ekor`) VALUES ('MUT-0056', '02/24/24', 31, 31, 'H4-001', 60.0);
INSERT INTO `tr_mutasi` (`id_mutasi`, `tgl_mutasi`, `id_asal`, `id_tujuan`, `id_hewan`, `jumlah_ekor`) VALUES ('MUT-0057', '09/15/24', 26, 9, 'H4-001', 117.0);
INSERT INTO `tr_mutasi` (`id_mutasi`, `tgl_mutasi`, `id_asal`, `id_tujuan`, `id_hewan`, `jumlah_ekor`) VALUES ('MUT-0058', '01/14/25', 1, 3, 'H4-001', 106.0);
INSERT INTO `tr_mutasi` (`id_mutasi`, `tgl_mutasi`, `id_asal`, `id_tujuan`, `id_hewan`, `jumlah_ekor`) VALUES ('MUT-0059', '01/19/24', 27, 31, 'H4-001', 54.0);
INSERT INTO `tr_mutasi` (`id_mutasi`, `tgl_mutasi`, `id_asal`, `id_tujuan`, `id_hewan`, `jumlah_ekor`) VALUES ('MUT-0060', '09/29/25', 29, 17, 'H2-001', NULL);
INSERT INTO `tr_mutasi` (`id_mutasi`, `tgl_mutasi`, `id_asal`, `id_tujuan`, `id_hewan`, `jumlah_ekor`) VALUES ('MUT-0061', '10/11/24', 30, 27, 'H4-001', 107.0);
INSERT INTO `tr_mutasi` (`id_mutasi`, `tgl_mutasi`, `id_asal`, `id_tujuan`, `id_hewan`, `jumlah_ekor`) VALUES ('MUT-0062', '08/02/24', 37, 37, 'H4-001', NULL);
INSERT INTO `tr_mutasi` (`id_mutasi`, `tgl_mutasi`, `id_asal`, `id_tujuan`, `id_hewan`, `jumlah_ekor`) VALUES ('MUT-0063', '08/03/25', 37, 34, 'H2-001', 189.0);
INSERT INTO `tr_mutasi` (`id_mutasi`, `tgl_mutasi`, `id_asal`, `id_tujuan`, `id_hewan`, `jumlah_ekor`) VALUES ('MUT-0064', '07/17/24', 10, 31, 'H2-001', 26.0);
INSERT INTO `tr_mutasi` (`id_mutasi`, `tgl_mutasi`, `id_asal`, `id_tujuan`, `id_hewan`, `jumlah_ekor`) VALUES ('MUT-0065', '04/27/25', 5, 32, 'H2-001', NULL);
INSERT INTO `tr_mutasi` (`id_mutasi`, `tgl_mutasi`, `id_asal`, `id_tujuan`, `id_hewan`, `jumlah_ekor`) VALUES ('MUT-0066', '03/26/24', 29, 9, 'H4-001', 165.0);
INSERT INTO `tr_mutasi` (`id_mutasi`, `tgl_mutasi`, `id_asal`, `id_tujuan`, `id_hewan`, `jumlah_ekor`) VALUES ('MUT-0067', '09/18/25', 12, 12, 'H2-001', 45.0);
INSERT INTO `tr_mutasi` (`id_mutasi`, `tgl_mutasi`, `id_asal`, `id_tujuan`, `id_hewan`, `jumlah_ekor`) VALUES ('MUT-0068', '10/09/24', 5, 19, 'H4-001', 60.0);
INSERT INTO `tr_mutasi` (`id_mutasi`, `tgl_mutasi`, `id_asal`, `id_tujuan`, `id_hewan`, `jumlah_ekor`) VALUES ('MUT-0069', '07/22/25', 38, 30, 'H2-001', 199.0);
INSERT INTO `tr_mutasi` (`id_mutasi`, `tgl_mutasi`, `id_asal`, `id_tujuan`, `id_hewan`, `jumlah_ekor`) VALUES ('MUT-0070', '05/14/24', 13, 38, 'H4-001', 119.0);
INSERT INTO `tr_mutasi` (`id_mutasi`, `tgl_mutasi`, `id_asal`, `id_tujuan`, `id_hewan`, `jumlah_ekor`) VALUES ('MUT-0071', '01/14/25', 15, 5, 'H4-001', NULL);
INSERT INTO `tr_mutasi` (`id_mutasi`, `tgl_mutasi`, `id_asal`, `id_tujuan`, `id_hewan`, `jumlah_ekor`) VALUES ('MUT-0072', '08/24/25', 12, 36, 'H2-001', 58.0);
INSERT INTO `tr_mutasi` (`id_mutasi`, `tgl_mutasi`, `id_asal`, `id_tujuan`, `id_hewan`, `jumlah_ekor`) VALUES ('MUT-0073', '01/31/25', 21, 11, 'H2-001', 200.0);
INSERT INTO `tr_mutasi` (`id_mutasi`, `tgl_mutasi`, `id_asal`, `id_tujuan`, `id_hewan`, `jumlah_ekor`) VALUES ('MUT-0074', '11/15/24', 34, 35, 'H4-001', 42.0);
INSERT INTO `tr_mutasi` (`id_mutasi`, `tgl_mutasi`, `id_asal`, `id_tujuan`, `id_hewan`, `jumlah_ekor`) VALUES ('MUT-0075', '02/13/24', 12, 25, 'H2-001', 134.0);
INSERT INTO `tr_mutasi` (`id_mutasi`, `tgl_mutasi`, `id_asal`, `id_tujuan`, `id_hewan`, `jumlah_ekor`) VALUES ('MUT-0076', '08/07/25', 30, 34, 'H4-001', 68.0);
INSERT INTO `tr_mutasi` (`id_mutasi`, `tgl_mutasi`, `id_asal`, `id_tujuan`, `id_hewan`, `jumlah_ekor`) VALUES ('MUT-0077', '12/22/25', 34, 6, 'H4-001', 147.0);
INSERT INTO `tr_mutasi` (`id_mutasi`, `tgl_mutasi`, `id_asal`, `id_tujuan`, `id_hewan`, `jumlah_ekor`) VALUES ('MUT-0078', '01/11/25', 20, 4, 'H4-001', 57.0);
INSERT INTO `tr_mutasi` (`id_mutasi`, `tgl_mutasi`, `id_asal`, `id_tujuan`, `id_hewan`, `jumlah_ekor`) VALUES ('MUT-0079', '09/28/24', 2, 11, 'H4-001', 15.0);
INSERT INTO `tr_mutasi` (`id_mutasi`, `tgl_mutasi`, `id_asal`, `id_tujuan`, `id_hewan`, `jumlah_ekor`) VALUES ('MUT-0080', '06/24/24', 5, 1, 'H4-001', 60.0);
INSERT INTO `tr_mutasi` (`id_mutasi`, `tgl_mutasi`, `id_asal`, `id_tujuan`, `id_hewan`, `jumlah_ekor`) VALUES ('MUT-0081', '10/21/24', 3, 21, 'H2-001', 83.0);
INSERT INTO `tr_mutasi` (`id_mutasi`, `tgl_mutasi`, `id_asal`, `id_tujuan`, `id_hewan`, `jumlah_ekor`) VALUES ('MUT-0082', '01/03/24', 10, 20, 'H4-001', 35.0);
INSERT INTO `tr_mutasi` (`id_mutasi`, `tgl_mutasi`, `id_asal`, `id_tujuan`, `id_hewan`, `jumlah_ekor`) VALUES ('MUT-0083', '10/19/24', 18, 33, 'H2-001', 42.0);
INSERT INTO `tr_mutasi` (`id_mutasi`, `tgl_mutasi`, `id_asal`, `id_tujuan`, `id_hewan`, `jumlah_ekor`) VALUES ('MUT-0084', '05/03/25', 7, 16, 'H4-001', 155.0);
INSERT INTO `tr_mutasi` (`id_mutasi`, `tgl_mutasi`, `id_asal`, `id_tujuan`, `id_hewan`, `jumlah_ekor`) VALUES ('MUT-0085', '03/18/24', 28, 1, 'H2-001', 193.0);
INSERT INTO `tr_mutasi` (`id_mutasi`, `tgl_mutasi`, `id_asal`, `id_tujuan`, `id_hewan`, `jumlah_ekor`) VALUES ('MUT-0086', '09/20/24', 15, 15, 'H4-001', 68.0);
INSERT INTO `tr_mutasi` (`id_mutasi`, `tgl_mutasi`, `id_asal`, `id_tujuan`, `id_hewan`, `jumlah_ekor`) VALUES ('MUT-0087', '11/19/25', 15, 8, 'H4-001', 100.0);
INSERT INTO `tr_mutasi` (`id_mutasi`, `tgl_mutasi`, `id_asal`, `id_tujuan`, `id_hewan`, `jumlah_ekor`) VALUES ('MUT-0088', '01/03/25', 32, 13, 'H4-001', 189.0);
INSERT INTO `tr_mutasi` (`id_mutasi`, `tgl_mutasi`, `id_asal`, `id_tujuan`, `id_hewan`, `jumlah_ekor`) VALUES ('MUT-0089', '10/04/24', 33, 8, 'H2-001', 62.0);
INSERT INTO `tr_mutasi` (`id_mutasi`, `tgl_mutasi`, `id_asal`, `id_tujuan`, `id_hewan`, `jumlah_ekor`) VALUES ('MUT-0090', '05/05/25', 19, 11, 'H4-001', NULL);
INSERT INTO `tr_mutasi` (`id_mutasi`, `tgl_mutasi`, `id_asal`, `id_tujuan`, `id_hewan`, `jumlah_ekor`) VALUES ('MUT-0091', '04/23/24', 37, 23, 'H4-001', 95.0);
INSERT INTO `tr_mutasi` (`id_mutasi`, `tgl_mutasi`, `id_asal`, `id_tujuan`, `id_hewan`, `jumlah_ekor`) VALUES ('MUT-0092', '04/18/24', 8, 35, 'H4-001', 34.0);
INSERT INTO `tr_mutasi` (`id_mutasi`, `tgl_mutasi`, `id_asal`, `id_tujuan`, `id_hewan`, `jumlah_ekor`) VALUES ('MUT-0093', '08/05/24', 30, 33, 'H4-001', 54.0);
INSERT INTO `tr_mutasi` (`id_mutasi`, `tgl_mutasi`, `id_asal`, `id_tujuan`, `id_hewan`, `jumlah_ekor`) VALUES ('MUT-0094', '12/03/24', 25, 25, 'H4-001', 64.0);
INSERT INTO `tr_mutasi` (`id_mutasi`, `tgl_mutasi`, `id_asal`, `id_tujuan`, `id_hewan`, `jumlah_ekor`) VALUES ('MUT-0095', '06/05/24', 35, 8, 'H2-001', 120.0);
INSERT INTO `tr_mutasi` (`id_mutasi`, `tgl_mutasi`, `id_asal`, `id_tujuan`, `id_hewan`, `jumlah_ekor`) VALUES ('MUT-0096', '01/02/25', 26, 19, 'H4-001', 13.0);
INSERT INTO `tr_mutasi` (`id_mutasi`, `tgl_mutasi`, `id_asal`, `id_tujuan`, `id_hewan`, `jumlah_ekor`) VALUES ('MUT-0097', '10/04/24', 10, 26, 'H2-001', 134.0);
INSERT INTO `tr_mutasi` (`id_mutasi`, `tgl_mutasi`, `id_asal`, `id_tujuan`, `id_hewan`, `jumlah_ekor`) VALUES ('MUT-0098', '06/23/25', 5, 29, 'H4-001', NULL);
INSERT INTO `tr_mutasi` (`id_mutasi`, `tgl_mutasi`, `id_asal`, `id_tujuan`, `id_hewan`, `jumlah_ekor`) VALUES ('MUT-0099', '02/10/24', 1, 28, 'H2-001', 151.0);
INSERT INTO `tr_mutasi` (`id_mutasi`, `tgl_mutasi`, `id_asal`, `id_tujuan`, `id_hewan`, `jumlah_ekor`) VALUES ('MUT-0100', '02/24/25', 1, 23, 'H2-001', 25.0);
INSERT INTO `tr_mutasi` (`id_mutasi`, `tgl_mutasi`, `id_asal`, `id_tujuan`, `id_hewan`, `jumlah_ekor`) VALUES ('MUT-0101', '02/26/25', 35, 28, 'H4-001', 154.0);
INSERT INTO `tr_mutasi` (`id_mutasi`, `tgl_mutasi`, `id_asal`, `id_tujuan`, `id_hewan`, `jumlah_ekor`) VALUES ('MUT-0102', '05/22/24', 17, 16, 'H4-001', 112.0);
INSERT INTO `tr_mutasi` (`id_mutasi`, `tgl_mutasi`, `id_asal`, `id_tujuan`, `id_hewan`, `jumlah_ekor`) VALUES ('MUT-0103', '07/03/25', 12, 11, 'H4-001', 147.0);
INSERT INTO `tr_mutasi` (`id_mutasi`, `tgl_mutasi`, `id_asal`, `id_tujuan`, `id_hewan`, `jumlah_ekor`) VALUES ('MUT-0104', '12/08/25', 5, 16, 'H2-001', 196.0);
INSERT INTO `tr_mutasi` (`id_mutasi`, `tgl_mutasi`, `id_asal`, `id_tujuan`, `id_hewan`, `jumlah_ekor`) VALUES ('MUT-0105', '08/02/24', 23, 6, 'H2-001', 62.0);
INSERT INTO `tr_mutasi` (`id_mutasi`, `tgl_mutasi`, `id_asal`, `id_tujuan`, `id_hewan`, `jumlah_ekor`) VALUES ('MUT-0106', '11/22/24', 16, 31, 'H2-001', 191.0);
INSERT INTO `tr_mutasi` (`id_mutasi`, `tgl_mutasi`, `id_asal`, `id_tujuan`, `id_hewan`, `jumlah_ekor`) VALUES ('MUT-0107', '03/08/25', 25, 37, 'H4-001', 197.0);
INSERT INTO `tr_mutasi` (`id_mutasi`, `tgl_mutasi`, `id_asal`, `id_tujuan`, `id_hewan`, `jumlah_ekor`) VALUES ('MUT-0108', '05/20/24', 33, 28, 'H2-001', 74.0);
INSERT INTO `tr_mutasi` (`id_mutasi`, `tgl_mutasi`, `id_asal`, `id_tujuan`, `id_hewan`, `jumlah_ekor`) VALUES ('MUT-0109', '03/03/25', 10, 16, 'H2-001', 158.0);
INSERT INTO `tr_mutasi` (`id_mutasi`, `tgl_mutasi`, `id_asal`, `id_tujuan`, `id_hewan`, `jumlah_ekor`) VALUES ('MUT-0110', '08/10/24', 19, 1, 'H2-001', NULL);
INSERT INTO `tr_mutasi` (`id_mutasi`, `tgl_mutasi`, `id_asal`, `id_tujuan`, `id_hewan`, `jumlah_ekor`) VALUES ('MUT-0111', '01/06/25', 28, 6, 'H2-001', 49.0);
INSERT INTO `tr_mutasi` (`id_mutasi`, `tgl_mutasi`, `id_asal`, `id_tujuan`, `id_hewan`, `jumlah_ekor`) VALUES ('MUT-0112', '10/15/25', 3, 7, 'H4-001', 60.0);
INSERT INTO `tr_mutasi` (`id_mutasi`, `tgl_mutasi`, `id_asal`, `id_tujuan`, `id_hewan`, `jumlah_ekor`) VALUES ('MUT-0113', '10/03/24', 34, 36, 'H2-001', 88.0);
INSERT INTO `tr_mutasi` (`id_mutasi`, `tgl_mutasi`, `id_asal`, `id_tujuan`, `id_hewan`, `jumlah_ekor`) VALUES ('MUT-0114', '06/28/25', 37, 34, 'H2-001', 63.0);
INSERT INTO `tr_mutasi` (`id_mutasi`, `tgl_mutasi`, `id_asal`, `id_tujuan`, `id_hewan`, `jumlah_ekor`) VALUES ('MUT-0115', '02/16/24', 34, 35, 'H2-001', 80.0);
INSERT INTO `tr_mutasi` (`id_mutasi`, `tgl_mutasi`, `id_asal`, `id_tujuan`, `id_hewan`, `jumlah_ekor`) VALUES ('MUT-0116', '11/22/24', 3, 33, 'H2-001', 23.0);
INSERT INTO `tr_mutasi` (`id_mutasi`, `tgl_mutasi`, `id_asal`, `id_tujuan`, `id_hewan`, `jumlah_ekor`) VALUES ('MUT-0117', '02/03/25', 37, 11, 'H4-001', NULL);
INSERT INTO `tr_mutasi` (`id_mutasi`, `tgl_mutasi`, `id_asal`, `id_tujuan`, `id_hewan`, `jumlah_ekor`) VALUES ('MUT-0118', '01/21/25', 17, 7, 'H2-001', 168.0);
INSERT INTO `tr_mutasi` (`id_mutasi`, `tgl_mutasi`, `id_asal`, `id_tujuan`, `id_hewan`, `jumlah_ekor`) VALUES ('MUT-0119', '02/26/24', 11, 9, 'H4-001', 113.0);
INSERT INTO `tr_mutasi` (`id_mutasi`, `tgl_mutasi`, `id_asal`, `id_tujuan`, `id_hewan`, `jumlah_ekor`) VALUES ('MUT-0120', '07/15/25', 22, 7, 'H4-001', 56.0);
INSERT INTO `tr_mutasi` (`id_mutasi`, `tgl_mutasi`, `id_asal`, `id_tujuan`, `id_hewan`, `jumlah_ekor`) VALUES ('MUT-0121', '07/09/25', 13, 2, 'H2-001', 97.0);
INSERT INTO `tr_mutasi` (`id_mutasi`, `tgl_mutasi`, `id_asal`, `id_tujuan`, `id_hewan`, `jumlah_ekor`) VALUES ('MUT-0122', '05/20/25', 36, 20, 'H4-001', 142.0);
INSERT INTO `tr_mutasi` (`id_mutasi`, `tgl_mutasi`, `id_asal`, `id_tujuan`, `id_hewan`, `jumlah_ekor`) VALUES ('MUT-0123', '04/28/24', 7, 36, 'H4-001', 168.0);
INSERT INTO `tr_mutasi` (`id_mutasi`, `tgl_mutasi`, `id_asal`, `id_tujuan`, `id_hewan`, `jumlah_ekor`) VALUES ('MUT-0124', '10/15/25', 26, 34, 'H2-001', 41.0);
INSERT INTO `tr_mutasi` (`id_mutasi`, `tgl_mutasi`, `id_asal`, `id_tujuan`, `id_hewan`, `jumlah_ekor`) VALUES ('MUT-0125', '12/21/24', 7, 9, 'H4-001', 40.0);
INSERT INTO `tr_mutasi` (`id_mutasi`, `tgl_mutasi`, `id_asal`, `id_tujuan`, `id_hewan`, `jumlah_ekor`) VALUES ('MUT-0126', '09/05/24', 34, 20, 'H2-001', 158.0);
INSERT INTO `tr_mutasi` (`id_mutasi`, `tgl_mutasi`, `id_asal`, `id_tujuan`, `id_hewan`, `jumlah_ekor`) VALUES ('MUT-0127', '11/13/24', 36, 6, 'H2-001', 152.0);
INSERT INTO `tr_mutasi` (`id_mutasi`, `tgl_mutasi`, `id_asal`, `id_tujuan`, `id_hewan`, `jumlah_ekor`) VALUES ('MUT-0128', '07/09/24', 32, 31, 'H2-001', 113.0);
INSERT INTO `tr_mutasi` (`id_mutasi`, `tgl_mutasi`, `id_asal`, `id_tujuan`, `id_hewan`, `jumlah_ekor`) VALUES ('MUT-0129', '10/18/25', 16, 13, 'H4-001', 85.0);
INSERT INTO `tr_mutasi` (`id_mutasi`, `tgl_mutasi`, `id_asal`, `id_tujuan`, `id_hewan`, `jumlah_ekor`) VALUES ('MUT-0130', '12/02/25', 6, 33, 'H4-001', 167.0);
INSERT INTO `tr_mutasi` (`id_mutasi`, `tgl_mutasi`, `id_asal`, `id_tujuan`, `id_hewan`, `jumlah_ekor`) VALUES ('MUT-0131', '08/24/25', 36, 3, 'H2-001', 98.0);
INSERT INTO `tr_mutasi` (`id_mutasi`, `tgl_mutasi`, `id_asal`, `id_tujuan`, `id_hewan`, `jumlah_ekor`) VALUES ('MUT-0132', '05/10/25', 11, 28, 'H4-001', 152.0);
INSERT INTO `tr_mutasi` (`id_mutasi`, `tgl_mutasi`, `id_asal`, `id_tujuan`, `id_hewan`, `jumlah_ekor`) VALUES ('MUT-0133', '05/29/25', 15, 16, 'H4-001', 177.0);
INSERT INTO `tr_mutasi` (`id_mutasi`, `tgl_mutasi`, `id_asal`, `id_tujuan`, `id_hewan`, `jumlah_ekor`) VALUES ('MUT-0134', '08/30/24', 11, 1, 'H4-001', 75.0);
INSERT INTO `tr_mutasi` (`id_mutasi`, `tgl_mutasi`, `id_asal`, `id_tujuan`, `id_hewan`, `jumlah_ekor`) VALUES ('MUT-0135', '11/26/24', 38, 13, 'H4-001', 18.0);
INSERT INTO `tr_mutasi` (`id_mutasi`, `tgl_mutasi`, `id_asal`, `id_tujuan`, `id_hewan`, `jumlah_ekor`) VALUES ('MUT-0136', '11/15/25', 23, 27, 'H2-001', 188.0);
INSERT INTO `tr_mutasi` (`id_mutasi`, `tgl_mutasi`, `id_asal`, `id_tujuan`, `id_hewan`, `jumlah_ekor`) VALUES ('MUT-0137', '03/04/25', 33, 29, 'H2-001', 102.0);
INSERT INTO `tr_mutasi` (`id_mutasi`, `tgl_mutasi`, `id_asal`, `id_tujuan`, `id_hewan`, `jumlah_ekor`) VALUES ('MUT-0138', '06/01/25', 2, 5, 'H2-001', 26.0);
INSERT INTO `tr_mutasi` (`id_mutasi`, `tgl_mutasi`, `id_asal`, `id_tujuan`, `id_hewan`, `jumlah_ekor`) VALUES ('MUT-0139', '07/10/25', 27, 14, 'H4-001', 81.0);
INSERT INTO `tr_mutasi` (`id_mutasi`, `tgl_mutasi`, `id_asal`, `id_tujuan`, `id_hewan`, `jumlah_ekor`) VALUES ('MUT-0140', '06/18/24', 35, 12, 'H4-001', 85.0);
INSERT INTO `tr_mutasi` (`id_mutasi`, `tgl_mutasi`, `id_asal`, `id_tujuan`, `id_hewan`, `jumlah_ekor`) VALUES ('MUT-0141', '01/13/25', 34, 21, 'H2-001', 104.0);
INSERT INTO `tr_mutasi` (`id_mutasi`, `tgl_mutasi`, `id_asal`, `id_tujuan`, `id_hewan`, `jumlah_ekor`) VALUES ('MUT-0142', '10/16/25', 29, 1, 'H2-001', 52.0);
INSERT INTO `tr_mutasi` (`id_mutasi`, `tgl_mutasi`, `id_asal`, `id_tujuan`, `id_hewan`, `jumlah_ekor`) VALUES ('MUT-0143', '07/04/25', 28, 18, 'H2-001', 170.0);
INSERT INTO `tr_mutasi` (`id_mutasi`, `tgl_mutasi`, `id_asal`, `id_tujuan`, `id_hewan`, `jumlah_ekor`) VALUES ('MUT-0144', '12/08/24', 35, 32, 'H2-001', 23.0);
INSERT INTO `tr_mutasi` (`id_mutasi`, `tgl_mutasi`, `id_asal`, `id_tujuan`, `id_hewan`, `jumlah_ekor`) VALUES ('MUT-0145', '02/17/24', 22, 15, 'H2-001', 108.0);
INSERT INTO `tr_mutasi` (`id_mutasi`, `tgl_mutasi`, `id_asal`, `id_tujuan`, `id_hewan`, `jumlah_ekor`) VALUES ('MUT-0146', '12/29/25', 15, 4, 'H2-001', 57.0);
INSERT INTO `tr_mutasi` (`id_mutasi`, `tgl_mutasi`, `id_asal`, `id_tujuan`, `id_hewan`, `jumlah_ekor`) VALUES ('MUT-0147', '04/30/25', 5, 22, 'H4-001', 148.0);
INSERT INTO `tr_mutasi` (`id_mutasi`, `tgl_mutasi`, `id_asal`, `id_tujuan`, `id_hewan`, `jumlah_ekor`) VALUES ('MUT-0148', '03/22/24', 35, 25, 'H4-001', 28.0);
INSERT INTO `tr_mutasi` (`id_mutasi`, `tgl_mutasi`, `id_asal`, `id_tujuan`, `id_hewan`, `jumlah_ekor`) VALUES ('MUT-0149', '07/04/25', 22, 32, 'H4-001', 161.0);
INSERT INTO `tr_mutasi` (`id_mutasi`, `tgl_mutasi`, `id_asal`, `id_tujuan`, `id_hewan`, `jumlah_ekor`) VALUES ('MUT-0150', '06/24/25', 6, 4, 'H4-001', 130.0);
INSERT INTO `tr_mutasi` (`id_mutasi`, `tgl_mutasi`, `id_asal`, `id_tujuan`, `id_hewan`, `jumlah_ekor`) VALUES ('MUT-0151', '11/22/24', 37, 32, 'H2-001', 171.0);
INSERT INTO `tr_mutasi` (`id_mutasi`, `tgl_mutasi`, `id_asal`, `id_tujuan`, `id_hewan`, `jumlah_ekor`) VALUES ('MUT-0152', '04/23/25', 14, 38, 'H2-001', 21.0);
INSERT INTO `tr_mutasi` (`id_mutasi`, `tgl_mutasi`, `id_asal`, `id_tujuan`, `id_hewan`, `jumlah_ekor`) VALUES ('MUT-0153', '08/01/24', 7, 33, 'H4-001', NULL);
INSERT INTO `tr_mutasi` (`id_mutasi`, `tgl_mutasi`, `id_asal`, `id_tujuan`, `id_hewan`, `jumlah_ekor`) VALUES ('MUT-0154', '07/14/25', 15, 31, 'H2-001', 141.0);
INSERT INTO `tr_mutasi` (`id_mutasi`, `tgl_mutasi`, `id_asal`, `id_tujuan`, `id_hewan`, `jumlah_ekor`) VALUES ('MUT-0155', '11/12/25', 31, 29, 'H2-001', 87.0);
INSERT INTO `tr_mutasi` (`id_mutasi`, `tgl_mutasi`, `id_asal`, `id_tujuan`, `id_hewan`, `jumlah_ekor`) VALUES ('MUT-0156', '04/28/25', 21, 37, 'H4-001', 82.0);
INSERT INTO `tr_mutasi` (`id_mutasi`, `tgl_mutasi`, `id_asal`, `id_tujuan`, `id_hewan`, `jumlah_ekor`) VALUES ('MUT-0157', '09/16/24', 31, 35, 'H2-001', 154.0);
INSERT INTO `tr_mutasi` (`id_mutasi`, `tgl_mutasi`, `id_asal`, `id_tujuan`, `id_hewan`, `jumlah_ekor`) VALUES ('MUT-0158', '06/07/25', 5, 28, 'H4-001', 101.0);
INSERT INTO `tr_mutasi` (`id_mutasi`, `tgl_mutasi`, `id_asal`, `id_tujuan`, `id_hewan`, `jumlah_ekor`) VALUES ('MUT-0159', '03/26/25', 25, 12, 'H2-001', 130.0);
INSERT INTO `tr_mutasi` (`id_mutasi`, `tgl_mutasi`, `id_asal`, `id_tujuan`, `id_hewan`, `jumlah_ekor`) VALUES ('MUT-0160', '07/26/25', 26, 9, 'H4-001', 177.0);
INSERT INTO `tr_mutasi` (`id_mutasi`, `tgl_mutasi`, `id_asal`, `id_tujuan`, `id_hewan`, `jumlah_ekor`) VALUES ('MUT-0161', '07/02/24', 1, 13, 'H2-001', 34.0);
INSERT INTO `tr_mutasi` (`id_mutasi`, `tgl_mutasi`, `id_asal`, `id_tujuan`, `id_hewan`, `jumlah_ekor`) VALUES ('MUT-0162', '08/05/24', 29, 36, 'H2-001', 109.0);
INSERT INTO `tr_mutasi` (`id_mutasi`, `tgl_mutasi`, `id_asal`, `id_tujuan`, `id_hewan`, `jumlah_ekor`) VALUES ('MUT-0163', '12/16/24', 2, 33, 'H2-001', 79.0);
INSERT INTO `tr_mutasi` (`id_mutasi`, `tgl_mutasi`, `id_asal`, `id_tujuan`, `id_hewan`, `jumlah_ekor`) VALUES ('MUT-0164', '05/23/25', 27, 3, 'H4-001', 155.0);
INSERT INTO `tr_mutasi` (`id_mutasi`, `tgl_mutasi`, `id_asal`, `id_tujuan`, `id_hewan`, `jumlah_ekor`) VALUES ('MUT-0165', '07/28/25', 8, 35, 'H4-001', 47.0);
INSERT INTO `tr_mutasi` (`id_mutasi`, `tgl_mutasi`, `id_asal`, `id_tujuan`, `id_hewan`, `jumlah_ekor`) VALUES ('MUT-0166', '12/09/25', 17, 24, 'H2-001', 19.0);
INSERT INTO `tr_mutasi` (`id_mutasi`, `tgl_mutasi`, `id_asal`, `id_tujuan`, `id_hewan`, `jumlah_ekor`) VALUES ('MUT-0167', '12/15/25', 35, 20, 'H2-001', 95.0);
INSERT INTO `tr_mutasi` (`id_mutasi`, `tgl_mutasi`, `id_asal`, `id_tujuan`, `id_hewan`, `jumlah_ekor`) VALUES ('MUT-0168', '03/09/25', 12, 24, 'H4-001', 147.0);
INSERT INTO `tr_mutasi` (`id_mutasi`, `tgl_mutasi`, `id_asal`, `id_tujuan`, `id_hewan`, `jumlah_ekor`) VALUES ('MUT-0169', '04/18/25', 14, 11, 'H4-001', 52.0);
INSERT INTO `tr_mutasi` (`id_mutasi`, `tgl_mutasi`, `id_asal`, `id_tujuan`, `id_hewan`, `jumlah_ekor`) VALUES ('MUT-0170', '03/26/24', 1, 22, 'H4-001', 140.0);
INSERT INTO `tr_mutasi` (`id_mutasi`, `tgl_mutasi`, `id_asal`, `id_tujuan`, `id_hewan`, `jumlah_ekor`) VALUES ('MUT-0171', '02/09/24', 15, 16, 'H4-001', 73.0);
INSERT INTO `tr_mutasi` (`id_mutasi`, `tgl_mutasi`, `id_asal`, `id_tujuan`, `id_hewan`, `jumlah_ekor`) VALUES ('MUT-0172', '04/02/25', 36, 9, 'H4-001', 79.0);
INSERT INTO `tr_mutasi` (`id_mutasi`, `tgl_mutasi`, `id_asal`, `id_tujuan`, `id_hewan`, `jumlah_ekor`) VALUES ('MUT-0173', '05/06/24', 2, 13, 'H4-001', 38.0);
INSERT INTO `tr_mutasi` (`id_mutasi`, `tgl_mutasi`, `id_asal`, `id_tujuan`, `id_hewan`, `jumlah_ekor`) VALUES ('MUT-0174', '05/14/24', 23, 9, 'H2-001', 104.0);
INSERT INTO `tr_mutasi` (`id_mutasi`, `tgl_mutasi`, `id_asal`, `id_tujuan`, `id_hewan`, `jumlah_ekor`) VALUES ('MUT-0175', '08/30/25', 9, 23, 'H4-001', 173.0);
INSERT INTO `tr_mutasi` (`id_mutasi`, `tgl_mutasi`, `id_asal`, `id_tujuan`, `id_hewan`, `jumlah_ekor`) VALUES ('MUT-0176', '06/14/25', 9, 24, 'H2-001', 135.0);
INSERT INTO `tr_mutasi` (`id_mutasi`, `tgl_mutasi`, `id_asal`, `id_tujuan`, `id_hewan`, `jumlah_ekor`) VALUES ('MUT-0177', '11/25/25', 30, 10, 'H4-001', NULL);
INSERT INTO `tr_mutasi` (`id_mutasi`, `tgl_mutasi`, `id_asal`, `id_tujuan`, `id_hewan`, `jumlah_ekor`) VALUES ('MUT-0178', '08/18/24', 34, 22, 'H2-001', 162.0);
INSERT INTO `tr_mutasi` (`id_mutasi`, `tgl_mutasi`, `id_asal`, `id_tujuan`, `id_hewan`, `jumlah_ekor`) VALUES ('MUT-0179', '03/01/24', 2, 6, 'H4-001', 21.0);
INSERT INTO `tr_mutasi` (`id_mutasi`, `tgl_mutasi`, `id_asal`, `id_tujuan`, `id_hewan`, `jumlah_ekor`) VALUES ('MUT-0180', '12/07/25', 14, 34, 'H4-001', 47.0);
INSERT INTO `tr_mutasi` (`id_mutasi`, `tgl_mutasi`, `id_asal`, `id_tujuan`, `id_hewan`, `jumlah_ekor`) VALUES ('MUT-0181', '01/09/24', 30, 1, 'H4-001', 189.0);
INSERT INTO `tr_mutasi` (`id_mutasi`, `tgl_mutasi`, `id_asal`, `id_tujuan`, `id_hewan`, `jumlah_ekor`) VALUES ('MUT-0182', '08/30/24', 35, 22, 'H2-001', 63.0);
INSERT INTO `tr_mutasi` (`id_mutasi`, `tgl_mutasi`, `id_asal`, `id_tujuan`, `id_hewan`, `jumlah_ekor`) VALUES ('MUT-0183', '05/22/25', 24, 5, 'H2-001', 57.0);
INSERT INTO `tr_mutasi` (`id_mutasi`, `tgl_mutasi`, `id_asal`, `id_tujuan`, `id_hewan`, `jumlah_ekor`) VALUES ('MUT-0184', '03/15/24', 7, 26, 'H4-001', 91.0);
INSERT INTO `tr_mutasi` (`id_mutasi`, `tgl_mutasi`, `id_asal`, `id_tujuan`, `id_hewan`, `jumlah_ekor`) VALUES ('MUT-0185', '10/04/24', 33, 19, 'H4-001', 57.0);
INSERT INTO `tr_mutasi` (`id_mutasi`, `tgl_mutasi`, `id_asal`, `id_tujuan`, `id_hewan`, `jumlah_ekor`) VALUES ('MUT-0186', '03/24/25', 38, 15, 'H4-001', NULL);
INSERT INTO `tr_mutasi` (`id_mutasi`, `tgl_mutasi`, `id_asal`, `id_tujuan`, `id_hewan`, `jumlah_ekor`) VALUES ('MUT-0187', '07/15/25', 34, 36, 'H4-001', 74.0);
INSERT INTO `tr_mutasi` (`id_mutasi`, `tgl_mutasi`, `id_asal`, `id_tujuan`, `id_hewan`, `jumlah_ekor`) VALUES ('MUT-0188', '12/16/24', 26, 32, 'H4-001', 152.0);
INSERT INTO `tr_mutasi` (`id_mutasi`, `tgl_mutasi`, `id_asal`, `id_tujuan`, `id_hewan`, `jumlah_ekor`) VALUES ('MUT-0189', '07/01/25', 28, 30, 'H4-001', 91.0);
INSERT INTO `tr_mutasi` (`id_mutasi`, `tgl_mutasi`, `id_asal`, `id_tujuan`, `id_hewan`, `jumlah_ekor`) VALUES ('MUT-0190', '03/12/24', 15, 16, 'H4-001', 119.0);
INSERT INTO `tr_mutasi` (`id_mutasi`, `tgl_mutasi`, `id_asal`, `id_tujuan`, `id_hewan`, `jumlah_ekor`) VALUES ('MUT-0191', '05/12/24', 11, 25, 'H4-001', 51.0);
INSERT INTO `tr_mutasi` (`id_mutasi`, `tgl_mutasi`, `id_asal`, `id_tujuan`, `id_hewan`, `jumlah_ekor`) VALUES ('MUT-0192', '02/24/25', 7, 20, 'H2-001', 152.0);
INSERT INTO `tr_mutasi` (`id_mutasi`, `tgl_mutasi`, `id_asal`, `id_tujuan`, `id_hewan`, `jumlah_ekor`) VALUES ('MUT-0193', '06/24/25', 13, 11, 'H4-001', 98.0);
INSERT INTO `tr_mutasi` (`id_mutasi`, `tgl_mutasi`, `id_asal`, `id_tujuan`, `id_hewan`, `jumlah_ekor`) VALUES ('MUT-0194', '08/19/24', 24, 23, 'H4-001', 52.0);
INSERT INTO `tr_mutasi` (`id_mutasi`, `tgl_mutasi`, `id_asal`, `id_tujuan`, `id_hewan`, `jumlah_ekor`) VALUES ('MUT-0195', '04/17/25', 12, 26, 'H4-001', 31.0);
INSERT INTO `tr_mutasi` (`id_mutasi`, `tgl_mutasi`, `id_asal`, `id_tujuan`, `id_hewan`, `jumlah_ekor`) VALUES ('MUT-0196', '10/17/25', 4, 38, 'H2-001', 48.0);
INSERT INTO `tr_mutasi` (`id_mutasi`, `tgl_mutasi`, `id_asal`, `id_tujuan`, `id_hewan`, `jumlah_ekor`) VALUES ('MUT-0197', '09/07/25', 35, 16, 'H2-001', 112.0);
INSERT INTO `tr_mutasi` (`id_mutasi`, `tgl_mutasi`, `id_asal`, `id_tujuan`, `id_hewan`, `jumlah_ekor`) VALUES ('MUT-0198', '02/06/24', 2, 22, 'H2-001', 101.0);
INSERT INTO `tr_mutasi` (`id_mutasi`, `tgl_mutasi`, `id_asal`, `id_tujuan`, `id_hewan`, `jumlah_ekor`) VALUES ('MUT-0199', '03/25/24', 12, 30, 'H2-001', 11.0);
INSERT INTO `tr_mutasi` (`id_mutasi`, `tgl_mutasi`, `id_asal`, `id_tujuan`, `id_hewan`, `jumlah_ekor`) VALUES ('MUT-0200', '07/16/24', 14, 29, 'H4-001', 11.0);
INSERT INTO `tr_mutasi` (`id_mutasi`, `tgl_mutasi`, `id_asal`, `id_tujuan`, `id_hewan`, `jumlah_ekor`) VALUES ('MUT-0201', '04/07/24', 34, 12, 'H2-001', 120.0);
INSERT INTO `tr_mutasi` (`id_mutasi`, `tgl_mutasi`, `id_asal`, `id_tujuan`, `id_hewan`, `jumlah_ekor`) VALUES ('MUT-0202', '07/13/25', 36, 33, 'H4-001', 85.0);
INSERT INTO `tr_mutasi` (`id_mutasi`, `tgl_mutasi`, `id_asal`, `id_tujuan`, `id_hewan`, `jumlah_ekor`) VALUES ('MUT-0203', '05/27/25', 19, 22, 'H2-001', 149.0);
INSERT INTO `tr_mutasi` (`id_mutasi`, `tgl_mutasi`, `id_asal`, `id_tujuan`, `id_hewan`, `jumlah_ekor`) VALUES ('MUT-0204', '06/20/24', 32, 5, 'H4-001', 46.0);
INSERT INTO `tr_mutasi` (`id_mutasi`, `tgl_mutasi`, `id_asal`, `id_tujuan`, `id_hewan`, `jumlah_ekor`) VALUES ('MUT-0205', '11/18/25', 19, 35, 'H4-001', 89.0);
INSERT INTO `tr_mutasi` (`id_mutasi`, `tgl_mutasi`, `id_asal`, `id_tujuan`, `id_hewan`, `jumlah_ekor`) VALUES ('MUT-0206', '03/25/25', 11, 26, 'H2-001', 169.0);
INSERT INTO `tr_mutasi` (`id_mutasi`, `tgl_mutasi`, `id_asal`, `id_tujuan`, `id_hewan`, `jumlah_ekor`) VALUES ('MUT-0207', '11/11/25', 25, 36, 'H2-001', 17.0);
INSERT INTO `tr_mutasi` (`id_mutasi`, `tgl_mutasi`, `id_asal`, `id_tujuan`, `id_hewan`, `jumlah_ekor`) VALUES ('MUT-0208', '07/16/24', 9, 28, 'H4-001', 101.0);
INSERT INTO `tr_mutasi` (`id_mutasi`, `tgl_mutasi`, `id_asal`, `id_tujuan`, `id_hewan`, `jumlah_ekor`) VALUES ('MUT-0209', '08/23/25', 14, 1, 'H4-001', 31.0);
INSERT INTO `tr_mutasi` (`id_mutasi`, `tgl_mutasi`, `id_asal`, `id_tujuan`, `id_hewan`, `jumlah_ekor`) VALUES ('MUT-0210', '06/23/25', 38, 18, 'H2-001', 88.0);
INSERT INTO `tr_mutasi` (`id_mutasi`, `tgl_mutasi`, `id_asal`, `id_tujuan`, `id_hewan`, `jumlah_ekor`) VALUES ('MUT-0211', '11/28/25', 21, 36, 'H2-001', 84.0);
INSERT INTO `tr_mutasi` (`id_mutasi`, `tgl_mutasi`, `id_asal`, `id_tujuan`, `id_hewan`, `jumlah_ekor`) VALUES ('MUT-0212', '05/11/25', 8, 28, 'H4-001', 91.0);
INSERT INTO `tr_mutasi` (`id_mutasi`, `tgl_mutasi`, `id_asal`, `id_tujuan`, `id_hewan`, `jumlah_ekor`) VALUES ('MUT-0213', '07/07/25', 31, 26, 'H2-001', 116.0);
INSERT INTO `tr_mutasi` (`id_mutasi`, `tgl_mutasi`, `id_asal`, `id_tujuan`, `id_hewan`, `jumlah_ekor`) VALUES ('MUT-0214', '06/20/24', 18, 7, 'H2-001', 160.0);
INSERT INTO `tr_mutasi` (`id_mutasi`, `tgl_mutasi`, `id_asal`, `id_tujuan`, `id_hewan`, `jumlah_ekor`) VALUES ('MUT-0215', '03/18/25', 17, 33, 'H4-001', 92.0);
INSERT INTO `tr_mutasi` (`id_mutasi`, `tgl_mutasi`, `id_asal`, `id_tujuan`, `id_hewan`, `jumlah_ekor`) VALUES ('MUT-0216', '01/01/24', 21, 11, 'H4-001', 181.0);
INSERT INTO `tr_mutasi` (`id_mutasi`, `tgl_mutasi`, `id_asal`, `id_tujuan`, `id_hewan`, `jumlah_ekor`) VALUES ('MUT-0217', '12/09/25', 16, 20, 'H2-001', 19.0);
INSERT INTO `tr_mutasi` (`id_mutasi`, `tgl_mutasi`, `id_asal`, `id_tujuan`, `id_hewan`, `jumlah_ekor`) VALUES ('MUT-0218', '02/27/25', 2, 22, 'H4-001', 126.0);
INSERT INTO `tr_mutasi` (`id_mutasi`, `tgl_mutasi`, `id_asal`, `id_tujuan`, `id_hewan`, `jumlah_ekor`) VALUES ('MUT-0219', '07/16/24', 27, 14, 'H4-001', 106.0);
INSERT INTO `tr_mutasi` (`id_mutasi`, `tgl_mutasi`, `id_asal`, `id_tujuan`, `id_hewan`, `jumlah_ekor`) VALUES ('MUT-0220', '10/22/25', 17, 23, 'H4-001', 196.0);
INSERT INTO `tr_mutasi` (`id_mutasi`, `tgl_mutasi`, `id_asal`, `id_tujuan`, `id_hewan`, `jumlah_ekor`) VALUES ('MUT-0221', '09/24/24', 19, 18, 'H2-001', 136.0);
INSERT INTO `tr_mutasi` (`id_mutasi`, `tgl_mutasi`, `id_asal`, `id_tujuan`, `id_hewan`, `jumlah_ekor`) VALUES ('MUT-0222', '10/13/25', 25, 31, 'H2-001', 112.0);
INSERT INTO `tr_mutasi` (`id_mutasi`, `tgl_mutasi`, `id_asal`, `id_tujuan`, `id_hewan`, `jumlah_ekor`) VALUES ('MUT-0223', '04/06/25', 36, 31, 'H4-001', NULL);
INSERT INTO `tr_mutasi` (`id_mutasi`, `tgl_mutasi`, `id_asal`, `id_tujuan`, `id_hewan`, `jumlah_ekor`) VALUES ('MUT-0224', '07/03/24', 19, 22, 'H2-001', 69.0);
INSERT INTO `tr_mutasi` (`id_mutasi`, `tgl_mutasi`, `id_asal`, `id_tujuan`, `id_hewan`, `jumlah_ekor`) VALUES ('MUT-0225', '06/02/24', 19, 3, 'H2-001', 121.0);
INSERT INTO `tr_mutasi` (`id_mutasi`, `tgl_mutasi`, `id_asal`, `id_tujuan`, `id_hewan`, `jumlah_ekor`) VALUES ('MUT-0226', '08/16/24', 16, 35, 'H4-001', 13.0);
INSERT INTO `tr_mutasi` (`id_mutasi`, `tgl_mutasi`, `id_asal`, `id_tujuan`, `id_hewan`, `jumlah_ekor`) VALUES ('MUT-0227', '10/07/25', 29, 17, 'H4-001', 76.0);
INSERT INTO `tr_mutasi` (`id_mutasi`, `tgl_mutasi`, `id_asal`, `id_tujuan`, `id_hewan`, `jumlah_ekor`) VALUES ('MUT-0228', '01/25/24', 27, 28, 'H2-001', 191.0);
INSERT INTO `tr_mutasi` (`id_mutasi`, `tgl_mutasi`, `id_asal`, `id_tujuan`, `id_hewan`, `jumlah_ekor`) VALUES ('MUT-0229', '11/05/24', 33, 14, 'H2-001', 11.0);
INSERT INTO `tr_mutasi` (`id_mutasi`, `tgl_mutasi`, `id_asal`, `id_tujuan`, `id_hewan`, `jumlah_ekor`) VALUES ('MUT-0230', '03/04/24', 10, 33, 'H4-001', 172.0);
INSERT INTO `tr_mutasi` (`id_mutasi`, `tgl_mutasi`, `id_asal`, `id_tujuan`, `id_hewan`, `jumlah_ekor`) VALUES ('MUT-0231', '08/20/25', 25, 24, 'H4-001', 109.0);
INSERT INTO `tr_mutasi` (`id_mutasi`, `tgl_mutasi`, `id_asal`, `id_tujuan`, `id_hewan`, `jumlah_ekor`) VALUES ('MUT-0232', '12/29/24', 3, 28, 'H4-001', 198.0);
INSERT INTO `tr_mutasi` (`id_mutasi`, `tgl_mutasi`, `id_asal`, `id_tujuan`, `id_hewan`, `jumlah_ekor`) VALUES ('MUT-0233', '07/16/24', 16, 11, 'H2-001', 134.0);
INSERT INTO `tr_mutasi` (`id_mutasi`, `tgl_mutasi`, `id_asal`, `id_tujuan`, `id_hewan`, `jumlah_ekor`) VALUES ('MUT-0234', '09/23/25', 38, 26, 'H2-001', 81.0);
INSERT INTO `tr_mutasi` (`id_mutasi`, `tgl_mutasi`, `id_asal`, `id_tujuan`, `id_hewan`, `jumlah_ekor`) VALUES ('MUT-0235', '10/07/24', 38, 24, 'H4-001', 16.0);
INSERT INTO `tr_mutasi` (`id_mutasi`, `tgl_mutasi`, `id_asal`, `id_tujuan`, `id_hewan`, `jumlah_ekor`) VALUES ('MUT-0236', '04/19/24', 24, 24, 'H2-001', 15.0);
INSERT INTO `tr_mutasi` (`id_mutasi`, `tgl_mutasi`, `id_asal`, `id_tujuan`, `id_hewan`, `jumlah_ekor`) VALUES ('MUT-0237', '04/06/24', 38, 8, 'H4-001', 97.0);
INSERT INTO `tr_mutasi` (`id_mutasi`, `tgl_mutasi`, `id_asal`, `id_tujuan`, `id_hewan`, `jumlah_ekor`) VALUES ('MUT-0238', '11/30/24', 35, 8, 'H2-001', 175.0);
INSERT INTO `tr_mutasi` (`id_mutasi`, `tgl_mutasi`, `id_asal`, `id_tujuan`, `id_hewan`, `jumlah_ekor`) VALUES ('MUT-0239', '03/30/24', 7, 32, 'H4-001', 129.0);
INSERT INTO `tr_mutasi` (`id_mutasi`, `tgl_mutasi`, `id_asal`, `id_tujuan`, `id_hewan`, `jumlah_ekor`) VALUES ('MUT-0240', '02/07/24', 4, 11, 'H2-001', 52.0);
INSERT INTO `tr_mutasi` (`id_mutasi`, `tgl_mutasi`, `id_asal`, `id_tujuan`, `id_hewan`, `jumlah_ekor`) VALUES ('MUT-0241', '03/19/25', 1, 8, 'H4-001', 88.0);
INSERT INTO `tr_mutasi` (`id_mutasi`, `tgl_mutasi`, `id_asal`, `id_tujuan`, `id_hewan`, `jumlah_ekor`) VALUES ('MUT-0242', '02/15/25', 14, 1, 'H2-001', 115.0);
INSERT INTO `tr_mutasi` (`id_mutasi`, `tgl_mutasi`, `id_asal`, `id_tujuan`, `id_hewan`, `jumlah_ekor`) VALUES ('MUT-0243', '04/07/25', 26, 19, 'H2-001', 187.0);
INSERT INTO `tr_mutasi` (`id_mutasi`, `tgl_mutasi`, `id_asal`, `id_tujuan`, `id_hewan`, `jumlah_ekor`) VALUES ('MUT-0244', '04/26/25', 10, 10, 'H4-001', 135.0);
INSERT INTO `tr_mutasi` (`id_mutasi`, `tgl_mutasi`, `id_asal`, `id_tujuan`, `id_hewan`, `jumlah_ekor`) VALUES ('MUT-0245', '07/01/24', 12, 15, 'H4-001', 133.0);
INSERT INTO `tr_mutasi` (`id_mutasi`, `tgl_mutasi`, `id_asal`, `id_tujuan`, `id_hewan`, `jumlah_ekor`) VALUES ('MUT-0246', '11/09/25', 1, 26, 'H2-001', 94.0);
INSERT INTO `tr_mutasi` (`id_mutasi`, `tgl_mutasi`, `id_asal`, `id_tujuan`, `id_hewan`, `jumlah_ekor`) VALUES ('MUT-0247', '07/25/25', 1, 17, 'H4-001', 72.0);
INSERT INTO `tr_mutasi` (`id_mutasi`, `tgl_mutasi`, `id_asal`, `id_tujuan`, `id_hewan`, `jumlah_ekor`) VALUES ('MUT-0248', '05/08/24', 18, 3, 'H2-001', 61.0);
INSERT INTO `tr_mutasi` (`id_mutasi`, `tgl_mutasi`, `id_asal`, `id_tujuan`, `id_hewan`, `jumlah_ekor`) VALUES ('MUT-0249', '12/01/25', 8, 26, 'H2-001', 39.0);
INSERT INTO `tr_mutasi` (`id_mutasi`, `tgl_mutasi`, `id_asal`, `id_tujuan`, `id_hewan`, `jumlah_ekor`) VALUES ('MUT-0250', '07/22/25', 18, 17, 'H2-001', 120.0);
INSERT INTO `tr_mutasi` (`id_mutasi`, `tgl_mutasi`, `id_asal`, `id_tujuan`, `id_hewan`, `jumlah_ekor`) VALUES ('MUT-0251', '12/18/24', 24, 22, 'H4-001', 78.0);
INSERT INTO `tr_mutasi` (`id_mutasi`, `tgl_mutasi`, `id_asal`, `id_tujuan`, `id_hewan`, `jumlah_ekor`) VALUES ('MUT-0252', '07/11/24', 20, 1, 'H2-001', 112.0);
INSERT INTO `tr_mutasi` (`id_mutasi`, `tgl_mutasi`, `id_asal`, `id_tujuan`, `id_hewan`, `jumlah_ekor`) VALUES ('MUT-0253', '12/20/24', 9, 35, 'H2-001', 167.0);
INSERT INTO `tr_mutasi` (`id_mutasi`, `tgl_mutasi`, `id_asal`, `id_tujuan`, `id_hewan`, `jumlah_ekor`) VALUES ('MUT-0254', '06/15/24', 3, 35, 'H4-001', 164.0);
INSERT INTO `tr_mutasi` (`id_mutasi`, `tgl_mutasi`, `id_asal`, `id_tujuan`, `id_hewan`, `jumlah_ekor`) VALUES ('MUT-0255', '04/29/25', 23, 19, 'H2-001', 139.0);
INSERT INTO `tr_mutasi` (`id_mutasi`, `tgl_mutasi`, `id_asal`, `id_tujuan`, `id_hewan`, `jumlah_ekor`) VALUES ('MUT-0256', '04/12/24', 7, 1, 'H2-001', 62.0);
INSERT INTO `tr_mutasi` (`id_mutasi`, `tgl_mutasi`, `id_asal`, `id_tujuan`, `id_hewan`, `jumlah_ekor`) VALUES ('MUT-0257', '06/30/24', 21, 4, 'H4-001', 27.0);
INSERT INTO `tr_mutasi` (`id_mutasi`, `tgl_mutasi`, `id_asal`, `id_tujuan`, `id_hewan`, `jumlah_ekor`) VALUES ('MUT-0258', '12/05/24', 27, 7, 'H4-001', 90.0);
INSERT INTO `tr_mutasi` (`id_mutasi`, `tgl_mutasi`, `id_asal`, `id_tujuan`, `id_hewan`, `jumlah_ekor`) VALUES ('MUT-0259', '09/17/24', 17, 5, 'H4-001', NULL);
INSERT INTO `tr_mutasi` (`id_mutasi`, `tgl_mutasi`, `id_asal`, `id_tujuan`, `id_hewan`, `jumlah_ekor`) VALUES ('MUT-0260', '09/17/25', 8, 26, 'H4-001', 77.0);
INSERT INTO `tr_mutasi` (`id_mutasi`, `tgl_mutasi`, `id_asal`, `id_tujuan`, `id_hewan`, `jumlah_ekor`) VALUES ('MUT-0261', '08/21/25', 3, 8, 'H4-001', 114.0);
INSERT INTO `tr_mutasi` (`id_mutasi`, `tgl_mutasi`, `id_asal`, `id_tujuan`, `id_hewan`, `jumlah_ekor`) VALUES ('MUT-0262', '04/05/25', 3, 36, 'H4-001', 47.0);
INSERT INTO `tr_mutasi` (`id_mutasi`, `tgl_mutasi`, `id_asal`, `id_tujuan`, `id_hewan`, `jumlah_ekor`) VALUES ('MUT-0263', '03/27/24', 9, 27, 'H4-001', 63.0);
INSERT INTO `tr_mutasi` (`id_mutasi`, `tgl_mutasi`, `id_asal`, `id_tujuan`, `id_hewan`, `jumlah_ekor`) VALUES ('MUT-0264', '06/20/24', 37, 29, 'H2-001', 31.0);
INSERT INTO `tr_mutasi` (`id_mutasi`, `tgl_mutasi`, `id_asal`, `id_tujuan`, `id_hewan`, `jumlah_ekor`) VALUES ('MUT-0265', '08/05/25', 7, 29, 'H4-001', 191.0);
INSERT INTO `tr_mutasi` (`id_mutasi`, `tgl_mutasi`, `id_asal`, `id_tujuan`, `id_hewan`, `jumlah_ekor`) VALUES ('MUT-0266', '08/08/24', 11, 10, 'H4-001', 193.0);
INSERT INTO `tr_mutasi` (`id_mutasi`, `tgl_mutasi`, `id_asal`, `id_tujuan`, `id_hewan`, `jumlah_ekor`) VALUES ('MUT-0267', '08/01/25', 25, 14, 'H4-001', 114.0);
INSERT INTO `tr_mutasi` (`id_mutasi`, `tgl_mutasi`, `id_asal`, `id_tujuan`, `id_hewan`, `jumlah_ekor`) VALUES ('MUT-0268', '04/08/25', 37, 27, 'H4-001', 133.0);
INSERT INTO `tr_mutasi` (`id_mutasi`, `tgl_mutasi`, `id_asal`, `id_tujuan`, `id_hewan`, `jumlah_ekor`) VALUES ('MUT-0269', '07/01/24', 22, 7, 'H2-001', 186.0);
INSERT INTO `tr_mutasi` (`id_mutasi`, `tgl_mutasi`, `id_asal`, `id_tujuan`, `id_hewan`, `jumlah_ekor`) VALUES ('MUT-0270', '05/16/25', 34, 12, 'H2-001', 155.0);
INSERT INTO `tr_mutasi` (`id_mutasi`, `tgl_mutasi`, `id_asal`, `id_tujuan`, `id_hewan`, `jumlah_ekor`) VALUES ('MUT-0271', '11/05/24', 3, 29, 'H4-001', 119.0);
INSERT INTO `tr_mutasi` (`id_mutasi`, `tgl_mutasi`, `id_asal`, `id_tujuan`, `id_hewan`, `jumlah_ekor`) VALUES ('MUT-0272', '05/07/25', 36, 15, 'H2-001', 78.0);
INSERT INTO `tr_mutasi` (`id_mutasi`, `tgl_mutasi`, `id_asal`, `id_tujuan`, `id_hewan`, `jumlah_ekor`) VALUES ('MUT-0273', '10/05/24', 22, 32, 'H4-001', 148.0);
INSERT INTO `tr_mutasi` (`id_mutasi`, `tgl_mutasi`, `id_asal`, `id_tujuan`, `id_hewan`, `jumlah_ekor`) VALUES ('MUT-0274', '09/10/25', 15, 12, 'H2-001', 191.0);
INSERT INTO `tr_mutasi` (`id_mutasi`, `tgl_mutasi`, `id_asal`, `id_tujuan`, `id_hewan`, `jumlah_ekor`) VALUES ('MUT-0275', '07/13/24', 27, 22, 'H4-001', 166.0);
INSERT INTO `tr_mutasi` (`id_mutasi`, `tgl_mutasi`, `id_asal`, `id_tujuan`, `id_hewan`, `jumlah_ekor`) VALUES ('MUT-0276', '03/21/24', 2, 34, 'H2-001', 133.0);
INSERT INTO `tr_mutasi` (`id_mutasi`, `tgl_mutasi`, `id_asal`, `id_tujuan`, `id_hewan`, `jumlah_ekor`) VALUES ('MUT-0277', '07/29/24', 6, 7, 'H2-001', 53.0);
INSERT INTO `tr_mutasi` (`id_mutasi`, `tgl_mutasi`, `id_asal`, `id_tujuan`, `id_hewan`, `jumlah_ekor`) VALUES ('MUT-0278', '07/08/25', 27, 9, 'H2-001', 67.0);
INSERT INTO `tr_mutasi` (`id_mutasi`, `tgl_mutasi`, `id_asal`, `id_tujuan`, `id_hewan`, `jumlah_ekor`) VALUES ('MUT-0279', '10/31/24', 19, 34, 'H4-001', 179.0);
INSERT INTO `tr_mutasi` (`id_mutasi`, `tgl_mutasi`, `id_asal`, `id_tujuan`, `id_hewan`, `jumlah_ekor`) VALUES ('MUT-0280', '11/25/25', 2, 3, 'H4-001', 99.0);
INSERT INTO `tr_mutasi` (`id_mutasi`, `tgl_mutasi`, `id_asal`, `id_tujuan`, `id_hewan`, `jumlah_ekor`) VALUES ('MUT-0281', '05/28/25', 16, 36, 'H4-001', 112.0);
INSERT INTO `tr_mutasi` (`id_mutasi`, `tgl_mutasi`, `id_asal`, `id_tujuan`, `id_hewan`, `jumlah_ekor`) VALUES ('MUT-0282', '10/22/24', 13, 32, 'H2-001', 144.0);
INSERT INTO `tr_mutasi` (`id_mutasi`, `tgl_mutasi`, `id_asal`, `id_tujuan`, `id_hewan`, `jumlah_ekor`) VALUES ('MUT-0283', '09/15/25', 31, 7, 'H4-001', 118.0);
INSERT INTO `tr_mutasi` (`id_mutasi`, `tgl_mutasi`, `id_asal`, `id_tujuan`, `id_hewan`, `jumlah_ekor`) VALUES ('MUT-0284', '09/23/25', 7, 4, 'H2-001', 70.0);
INSERT INTO `tr_mutasi` (`id_mutasi`, `tgl_mutasi`, `id_asal`, `id_tujuan`, `id_hewan`, `jumlah_ekor`) VALUES ('MUT-0285', '02/12/25', 19, 18, 'H2-001', 129.0);
INSERT INTO `tr_mutasi` (`id_mutasi`, `tgl_mutasi`, `id_asal`, `id_tujuan`, `id_hewan`, `jumlah_ekor`) VALUES ('MUT-0286', '03/18/25', 29, 38, 'H4-001', 55.0);
INSERT INTO `tr_mutasi` (`id_mutasi`, `tgl_mutasi`, `id_asal`, `id_tujuan`, `id_hewan`, `jumlah_ekor`) VALUES ('MUT-0287', '04/25/24', 20, 30, 'H2-001', 92.0);
INSERT INTO `tr_mutasi` (`id_mutasi`, `tgl_mutasi`, `id_asal`, `id_tujuan`, `id_hewan`, `jumlah_ekor`) VALUES ('MUT-0288', '01/21/24', 20, 27, 'H4-001', 127.0);
INSERT INTO `tr_mutasi` (`id_mutasi`, `tgl_mutasi`, `id_asal`, `id_tujuan`, `id_hewan`, `jumlah_ekor`) VALUES ('MUT-0289', '08/03/24', 22, 18, 'H2-001', 30.0);
INSERT INTO `tr_mutasi` (`id_mutasi`, `tgl_mutasi`, `id_asal`, `id_tujuan`, `id_hewan`, `jumlah_ekor`) VALUES ('MUT-0290', '06/30/25', 37, 6, 'H2-001', NULL);
INSERT INTO `tr_mutasi` (`id_mutasi`, `tgl_mutasi`, `id_asal`, `id_tujuan`, `id_hewan`, `jumlah_ekor`) VALUES ('MUT-0291', '01/14/25', 26, 6, 'H2-001', NULL);
INSERT INTO `tr_mutasi` (`id_mutasi`, `tgl_mutasi`, `id_asal`, `id_tujuan`, `id_hewan`, `jumlah_ekor`) VALUES ('MUT-0292', '07/18/24', 34, 27, 'H4-001', 120.0);
INSERT INTO `tr_mutasi` (`id_mutasi`, `tgl_mutasi`, `id_asal`, `id_tujuan`, `id_hewan`, `jumlah_ekor`) VALUES ('MUT-0293', '12/19/24', 30, 7, 'H2-001', 21.0);
INSERT INTO `tr_mutasi` (`id_mutasi`, `tgl_mutasi`, `id_asal`, `id_tujuan`, `id_hewan`, `jumlah_ekor`) VALUES ('MUT-0294', '12/10/25', 31, 36, 'H2-001', 90.0);
INSERT INTO `tr_mutasi` (`id_mutasi`, `tgl_mutasi`, `id_asal`, `id_tujuan`, `id_hewan`, `jumlah_ekor`) VALUES ('MUT-0295', '02/18/24', 5, 32, 'H2-001', 11.0);
INSERT INTO `tr_mutasi` (`id_mutasi`, `tgl_mutasi`, `id_asal`, `id_tujuan`, `id_hewan`, `jumlah_ekor`) VALUES ('MUT-0296', '12/05/25', 15, 12, 'H4-001', 177.0);
INSERT INTO `tr_mutasi` (`id_mutasi`, `tgl_mutasi`, `id_asal`, `id_tujuan`, `id_hewan`, `jumlah_ekor`) VALUES ('MUT-0297', '10/18/24', 28, 16, 'H4-001', 43.0);
INSERT INTO `tr_mutasi` (`id_mutasi`, `tgl_mutasi`, `id_asal`, `id_tujuan`, `id_hewan`, `jumlah_ekor`) VALUES ('MUT-0298', '10/20/25', 8, 29, 'H2-001', 119.0);
INSERT INTO `tr_mutasi` (`id_mutasi`, `tgl_mutasi`, `id_asal`, `id_tujuan`, `id_hewan`, `jumlah_ekor`) VALUES ('MUT-0299', '10/01/25', 18, 17, 'H2-001', 87.0);
INSERT INTO `tr_mutasi` (`id_mutasi`, `tgl_mutasi`, `id_asal`, `id_tujuan`, `id_hewan`, `jumlah_ekor`) VALUES ('MUT-0300', '09/02/25', 32, 9, 'H4-001', 162.0);
INSERT INTO `tr_mutasi` (`id_mutasi`, `tgl_mutasi`, `id_asal`, `id_tujuan`, `id_hewan`, `jumlah_ekor`) VALUES ('MUT-0301', '12/09/24', 8, 11, 'H4-001', 169.0);
INSERT INTO `tr_mutasi` (`id_mutasi`, `tgl_mutasi`, `id_asal`, `id_tujuan`, `id_hewan`, `jumlah_ekor`) VALUES ('MUT-0302', '03/08/24', 6, 25, 'H4-001', 137.0);
INSERT INTO `tr_mutasi` (`id_mutasi`, `tgl_mutasi`, `id_asal`, `id_tujuan`, `id_hewan`, `jumlah_ekor`) VALUES ('MUT-0303', '01/11/24', 14, 19, 'H2-001', 88.0);
INSERT INTO `tr_mutasi` (`id_mutasi`, `tgl_mutasi`, `id_asal`, `id_tujuan`, `id_hewan`, `jumlah_ekor`) VALUES ('MUT-0304', '01/28/25', 11, 33, 'H4-001', 153.0);
INSERT INTO `tr_mutasi` (`id_mutasi`, `tgl_mutasi`, `id_asal`, `id_tujuan`, `id_hewan`, `jumlah_ekor`) VALUES ('MUT-0305', '12/23/25', 37, 35, 'H2-001', 183.0);
INSERT INTO `tr_mutasi` (`id_mutasi`, `tgl_mutasi`, `id_asal`, `id_tujuan`, `id_hewan`, `jumlah_ekor`) VALUES ('MUT-0306', '11/28/25', 30, 28, 'H2-001', 131.0);
INSERT INTO `tr_mutasi` (`id_mutasi`, `tgl_mutasi`, `id_asal`, `id_tujuan`, `id_hewan`, `jumlah_ekor`) VALUES ('MUT-0307', '03/28/25', 25, 34, 'H4-001', 136.0);
INSERT INTO `tr_mutasi` (`id_mutasi`, `tgl_mutasi`, `id_asal`, `id_tujuan`, `id_hewan`, `jumlah_ekor`) VALUES ('MUT-0308', '09/14/24', 23, 37, 'H2-001', 106.0);
INSERT INTO `tr_mutasi` (`id_mutasi`, `tgl_mutasi`, `id_asal`, `id_tujuan`, `id_hewan`, `jumlah_ekor`) VALUES ('MUT-0309', '08/29/24', 5, 2, 'H2-001', 103.0);
INSERT INTO `tr_mutasi` (`id_mutasi`, `tgl_mutasi`, `id_asal`, `id_tujuan`, `id_hewan`, `jumlah_ekor`) VALUES ('MUT-0310', '12/20/25', 12, 10, 'H4-001', 160.0);
INSERT INTO `tr_mutasi` (`id_mutasi`, `tgl_mutasi`, `id_asal`, `id_tujuan`, `id_hewan`, `jumlah_ekor`) VALUES ('MUT-0311', '10/04/25', 4, 34, 'H4-001', 80.0);
INSERT INTO `tr_mutasi` (`id_mutasi`, `tgl_mutasi`, `id_asal`, `id_tujuan`, `id_hewan`, `jumlah_ekor`) VALUES ('MUT-0312', '12/17/25', 11, 34, 'H2-001', 136.0);
INSERT INTO `tr_mutasi` (`id_mutasi`, `tgl_mutasi`, `id_asal`, `id_tujuan`, `id_hewan`, `jumlah_ekor`) VALUES ('MUT-0313', '03/03/24', 7, 30, 'H2-001', 67.0);
INSERT INTO `tr_mutasi` (`id_mutasi`, `tgl_mutasi`, `id_asal`, `id_tujuan`, `id_hewan`, `jumlah_ekor`) VALUES ('MUT-0314', '05/03/25', 31, 15, 'H2-001', 61.0);
INSERT INTO `tr_mutasi` (`id_mutasi`, `tgl_mutasi`, `id_asal`, `id_tujuan`, `id_hewan`, `jumlah_ekor`) VALUES ('MUT-0315', '10/31/24', 17, 22, 'H4-001', 160.0);
INSERT INTO `tr_mutasi` (`id_mutasi`, `tgl_mutasi`, `id_asal`, `id_tujuan`, `id_hewan`, `jumlah_ekor`) VALUES ('MUT-0316', '12/20/24', 20, 13, 'H4-001', 90.0);
INSERT INTO `tr_mutasi` (`id_mutasi`, `tgl_mutasi`, `id_asal`, `id_tujuan`, `id_hewan`, `jumlah_ekor`) VALUES ('MUT-0317', '07/03/25', 2, 7, 'H2-001', 104.0);
INSERT INTO `tr_mutasi` (`id_mutasi`, `tgl_mutasi`, `id_asal`, `id_tujuan`, `id_hewan`, `jumlah_ekor`) VALUES ('MUT-0318', '01/12/25', 24, 4, 'H2-001', 90.0);
INSERT INTO `tr_mutasi` (`id_mutasi`, `tgl_mutasi`, `id_asal`, `id_tujuan`, `id_hewan`, `jumlah_ekor`) VALUES ('MUT-0319', '12/04/24', 9, 5, 'H2-001', 94.0);
INSERT INTO `tr_mutasi` (`id_mutasi`, `tgl_mutasi`, `id_asal`, `id_tujuan`, `id_hewan`, `jumlah_ekor`) VALUES ('MUT-0320', '05/29/24', 2, 16, 'H2-001', 83.0);
INSERT INTO `tr_mutasi` (`id_mutasi`, `tgl_mutasi`, `id_asal`, `id_tujuan`, `id_hewan`, `jumlah_ekor`) VALUES ('MUT-0321', '07/14/25', 15, 38, 'H4-001', 188.0);
INSERT INTO `tr_mutasi` (`id_mutasi`, `tgl_mutasi`, `id_asal`, `id_tujuan`, `id_hewan`, `jumlah_ekor`) VALUES ('MUT-0322', '11/26/25', 2, 28, 'H2-001', 76.0);
INSERT INTO `tr_mutasi` (`id_mutasi`, `tgl_mutasi`, `id_asal`, `id_tujuan`, `id_hewan`, `jumlah_ekor`) VALUES ('MUT-0323', '12/31/25', 15, 30, 'H2-001', 29.0);
INSERT INTO `tr_mutasi` (`id_mutasi`, `tgl_mutasi`, `id_asal`, `id_tujuan`, `id_hewan`, `jumlah_ekor`) VALUES ('MUT-0324', '05/08/25', 6, 1, 'H2-001', 86.0);
INSERT INTO `tr_mutasi` (`id_mutasi`, `tgl_mutasi`, `id_asal`, `id_tujuan`, `id_hewan`, `jumlah_ekor`) VALUES ('MUT-0325', '09/29/25', 6, 8, 'H2-001', 98.0);
INSERT INTO `tr_mutasi` (`id_mutasi`, `tgl_mutasi`, `id_asal`, `id_tujuan`, `id_hewan`, `jumlah_ekor`) VALUES ('MUT-0326', '11/25/25', 17, 32, 'H2-001', 40.0);
INSERT INTO `tr_mutasi` (`id_mutasi`, `tgl_mutasi`, `id_asal`, `id_tujuan`, `id_hewan`, `jumlah_ekor`) VALUES ('MUT-0327', '12/03/25', 26, 30, 'H2-001', 71.0);
INSERT INTO `tr_mutasi` (`id_mutasi`, `tgl_mutasi`, `id_asal`, `id_tujuan`, `id_hewan`, `jumlah_ekor`) VALUES ('MUT-0328', '05/16/24', 27, 25, 'H4-001', 35.0);
INSERT INTO `tr_mutasi` (`id_mutasi`, `tgl_mutasi`, `id_asal`, `id_tujuan`, `id_hewan`, `jumlah_ekor`) VALUES ('MUT-0329', '01/21/25', 13, 20, 'H2-001', 100.0);
INSERT INTO `tr_mutasi` (`id_mutasi`, `tgl_mutasi`, `id_asal`, `id_tujuan`, `id_hewan`, `jumlah_ekor`) VALUES ('MUT-0330', '11/13/25', 38, 24, 'H4-001', 167.0);
INSERT INTO `tr_mutasi` (`id_mutasi`, `tgl_mutasi`, `id_asal`, `id_tujuan`, `id_hewan`, `jumlah_ekor`) VALUES ('MUT-0331', '04/24/24', 22, 12, 'H2-001', 41.0);
INSERT INTO `tr_mutasi` (`id_mutasi`, `tgl_mutasi`, `id_asal`, `id_tujuan`, `id_hewan`, `jumlah_ekor`) VALUES ('MUT-0332', '08/05/24', 7, 25, 'H4-001', 183.0);
INSERT INTO `tr_mutasi` (`id_mutasi`, `tgl_mutasi`, `id_asal`, `id_tujuan`, `id_hewan`, `jumlah_ekor`) VALUES ('MUT-0333', '05/25/25', 25, 22, 'H2-001', 155.0);
INSERT INTO `tr_mutasi` (`id_mutasi`, `tgl_mutasi`, `id_asal`, `id_tujuan`, `id_hewan`, `jumlah_ekor`) VALUES ('MUT-0334', '07/19/24', 20, 32, 'H4-001', 100.0);
INSERT INTO `tr_mutasi` (`id_mutasi`, `tgl_mutasi`, `id_asal`, `id_tujuan`, `id_hewan`, `jumlah_ekor`) VALUES ('MUT-0335', '10/17/25', 20, 21, 'H2-001', 135.0);
INSERT INTO `tr_mutasi` (`id_mutasi`, `tgl_mutasi`, `id_asal`, `id_tujuan`, `id_hewan`, `jumlah_ekor`) VALUES ('MUT-0336', '04/12/25', 12, 27, 'H2-001', 127.0);
INSERT INTO `tr_mutasi` (`id_mutasi`, `tgl_mutasi`, `id_asal`, `id_tujuan`, `id_hewan`, `jumlah_ekor`) VALUES ('MUT-0337', '11/21/25', 27, 35, 'H4-001', 105.0);
INSERT INTO `tr_mutasi` (`id_mutasi`, `tgl_mutasi`, `id_asal`, `id_tujuan`, `id_hewan`, `jumlah_ekor`) VALUES ('MUT-0338', '05/09/24', 38, 32, 'H4-001', 13.0);
INSERT INTO `tr_mutasi` (`id_mutasi`, `tgl_mutasi`, `id_asal`, `id_tujuan`, `id_hewan`, `jumlah_ekor`) VALUES ('MUT-0339', '01/03/24', 21, 13, 'H2-001', 49.0);
INSERT INTO `tr_mutasi` (`id_mutasi`, `tgl_mutasi`, `id_asal`, `id_tujuan`, `id_hewan`, `jumlah_ekor`) VALUES ('MUT-0340', '11/19/25', 17, 21, 'H4-001', 32.0);
INSERT INTO `tr_mutasi` (`id_mutasi`, `tgl_mutasi`, `id_asal`, `id_tujuan`, `id_hewan`, `jumlah_ekor`) VALUES ('MUT-0341', '04/13/24', 38, 37, 'H2-001', 84.0);
INSERT INTO `tr_mutasi` (`id_mutasi`, `tgl_mutasi`, `id_asal`, `id_tujuan`, `id_hewan`, `jumlah_ekor`) VALUES ('MUT-0342', '02/10/24', 32, 1, 'H2-001', 78.0);
INSERT INTO `tr_mutasi` (`id_mutasi`, `tgl_mutasi`, `id_asal`, `id_tujuan`, `id_hewan`, `jumlah_ekor`) VALUES ('MUT-0343', '11/26/25', 2, 6, 'H2-001', 92.0);
INSERT INTO `tr_mutasi` (`id_mutasi`, `tgl_mutasi`, `id_asal`, `id_tujuan`, `id_hewan`, `jumlah_ekor`) VALUES ('MUT-0344', '12/14/24', 2, 21, 'H2-001', 80.0);
INSERT INTO `tr_mutasi` (`id_mutasi`, `tgl_mutasi`, `id_asal`, `id_tujuan`, `id_hewan`, `jumlah_ekor`) VALUES ('MUT-0345', '06/03/24', 38, 26, 'H4-001', 57.0);
INSERT INTO `tr_mutasi` (`id_mutasi`, `tgl_mutasi`, `id_asal`, `id_tujuan`, `id_hewan`, `jumlah_ekor`) VALUES ('MUT-0346', '02/26/24', 1, 18, 'H4-001', 167.0);
INSERT INTO `tr_mutasi` (`id_mutasi`, `tgl_mutasi`, `id_asal`, `id_tujuan`, `id_hewan`, `jumlah_ekor`) VALUES ('MUT-0347', '02/18/25', 5, 37, 'H4-001', 107.0);
INSERT INTO `tr_mutasi` (`id_mutasi`, `tgl_mutasi`, `id_asal`, `id_tujuan`, `id_hewan`, `jumlah_ekor`) VALUES ('MUT-0348', '05/02/24', 4, 23, 'H2-001', 116.0);
INSERT INTO `tr_mutasi` (`id_mutasi`, `tgl_mutasi`, `id_asal`, `id_tujuan`, `id_hewan`, `jumlah_ekor`) VALUES ('MUT-0349', '09/30/24', 28, 35, 'H4-001', 173.0);
INSERT INTO `tr_mutasi` (`id_mutasi`, `tgl_mutasi`, `id_asal`, `id_tujuan`, `id_hewan`, `jumlah_ekor`) VALUES ('MUT-0350', '01/20/24', 4, 2, 'H4-001', 179.0);
INSERT INTO `tr_mutasi` (`id_mutasi`, `tgl_mutasi`, `id_asal`, `id_tujuan`, `id_hewan`, `jumlah_ekor`) VALUES ('MUT-0351', '09/23/24', 8, 27, 'H4-001', 125.0);
INSERT INTO `tr_mutasi` (`id_mutasi`, `tgl_mutasi`, `id_asal`, `id_tujuan`, `id_hewan`, `jumlah_ekor`) VALUES ('MUT-0352', '09/06/25', 38, 4, 'H4-001', 156.0);
INSERT INTO `tr_mutasi` (`id_mutasi`, `tgl_mutasi`, `id_asal`, `id_tujuan`, `id_hewan`, `jumlah_ekor`) VALUES ('MUT-0353', '04/16/25', 24, 18, 'H4-001', 188.0);
INSERT INTO `tr_mutasi` (`id_mutasi`, `tgl_mutasi`, `id_asal`, `id_tujuan`, `id_hewan`, `jumlah_ekor`) VALUES ('MUT-0354', '03/21/24', 7, 19, 'H4-001', 101.0);
INSERT INTO `tr_mutasi` (`id_mutasi`, `tgl_mutasi`, `id_asal`, `id_tujuan`, `id_hewan`, `jumlah_ekor`) VALUES ('MUT-0355', '05/25/25', 1, 29, 'H2-001', 181.0);
INSERT INTO `tr_mutasi` (`id_mutasi`, `tgl_mutasi`, `id_asal`, `id_tujuan`, `id_hewan`, `jumlah_ekor`) VALUES ('MUT-0356', '07/04/24', 13, 29, 'H2-001', 81.0);
INSERT INTO `tr_mutasi` (`id_mutasi`, `tgl_mutasi`, `id_asal`, `id_tujuan`, `id_hewan`, `jumlah_ekor`) VALUES ('MUT-0357', '09/12/25', 12, 12, 'H2-001', 47.0);
INSERT INTO `tr_mutasi` (`id_mutasi`, `tgl_mutasi`, `id_asal`, `id_tujuan`, `id_hewan`, `jumlah_ekor`) VALUES ('MUT-0358', '08/26/25', 24, 13, 'H2-001', 200.0);
INSERT INTO `tr_mutasi` (`id_mutasi`, `tgl_mutasi`, `id_asal`, `id_tujuan`, `id_hewan`, `jumlah_ekor`) VALUES ('MUT-0359', '01/11/24', 22, 20, 'H4-001', 196.0);
INSERT INTO `tr_mutasi` (`id_mutasi`, `tgl_mutasi`, `id_asal`, `id_tujuan`, `id_hewan`, `jumlah_ekor`) VALUES ('MUT-0360', '04/24/24', 31, 9, 'H2-001', 134.0);
INSERT INTO `tr_mutasi` (`id_mutasi`, `tgl_mutasi`, `id_asal`, `id_tujuan`, `id_hewan`, `jumlah_ekor`) VALUES ('MUT-0361', '09/03/25', 13, 6, 'H4-001', 149.0);
INSERT INTO `tr_mutasi` (`id_mutasi`, `tgl_mutasi`, `id_asal`, `id_tujuan`, `id_hewan`, `jumlah_ekor`) VALUES ('MUT-0362', '08/26/25', 21, 5, 'H4-001', 62.0);
INSERT INTO `tr_mutasi` (`id_mutasi`, `tgl_mutasi`, `id_asal`, `id_tujuan`, `id_hewan`, `jumlah_ekor`) VALUES ('MUT-0363', '11/21/25', 1, 35, 'H4-001', NULL);
INSERT INTO `tr_mutasi` (`id_mutasi`, `tgl_mutasi`, `id_asal`, `id_tujuan`, `id_hewan`, `jumlah_ekor`) VALUES ('MUT-0364', '12/21/25', 8, 2, 'H2-001', 115.0);
INSERT INTO `tr_mutasi` (`id_mutasi`, `tgl_mutasi`, `id_asal`, `id_tujuan`, `id_hewan`, `jumlah_ekor`) VALUES ('MUT-0365', '07/30/25', 23, 1, 'H4-001', 171.0);
INSERT INTO `tr_mutasi` (`id_mutasi`, `tgl_mutasi`, `id_asal`, `id_tujuan`, `id_hewan`, `jumlah_ekor`) VALUES ('MUT-0366', '08/19/24', 38, 33, 'H4-001', 96.0);
INSERT INTO `tr_mutasi` (`id_mutasi`, `tgl_mutasi`, `id_asal`, `id_tujuan`, `id_hewan`, `jumlah_ekor`) VALUES ('MUT-0367', '09/26/25', 38, 9, 'H2-001', 160.0);
INSERT INTO `tr_mutasi` (`id_mutasi`, `tgl_mutasi`, `id_asal`, `id_tujuan`, `id_hewan`, `jumlah_ekor`) VALUES ('MUT-0368', '02/18/24', 12, 35, 'H2-001', 132.0);
INSERT INTO `tr_mutasi` (`id_mutasi`, `tgl_mutasi`, `id_asal`, `id_tujuan`, `id_hewan`, `jumlah_ekor`) VALUES ('MUT-0369', '08/11/24', 22, 31, 'H2-001', 37.0);
INSERT INTO `tr_mutasi` (`id_mutasi`, `tgl_mutasi`, `id_asal`, `id_tujuan`, `id_hewan`, `jumlah_ekor`) VALUES ('MUT-0370', '04/21/25', 14, 6, 'H4-001', 29.0);
INSERT INTO `tr_mutasi` (`id_mutasi`, `tgl_mutasi`, `id_asal`, `id_tujuan`, `id_hewan`, `jumlah_ekor`) VALUES ('MUT-0371', '05/18/24', 28, 6, 'H4-001', 188.0);
INSERT INTO `tr_mutasi` (`id_mutasi`, `tgl_mutasi`, `id_asal`, `id_tujuan`, `id_hewan`, `jumlah_ekor`) VALUES ('MUT-0372', '11/06/25', 38, 18, 'H2-001', 184.0);
INSERT INTO `tr_mutasi` (`id_mutasi`, `tgl_mutasi`, `id_asal`, `id_tujuan`, `id_hewan`, `jumlah_ekor`) VALUES ('MUT-0373', '10/14/24', 13, 15, 'H4-001', 108.0);
INSERT INTO `tr_mutasi` (`id_mutasi`, `tgl_mutasi`, `id_asal`, `id_tujuan`, `id_hewan`, `jumlah_ekor`) VALUES ('MUT-0374', '06/18/25', 26, 20, 'H2-001', 62.0);
INSERT INTO `tr_mutasi` (`id_mutasi`, `tgl_mutasi`, `id_asal`, `id_tujuan`, `id_hewan`, `jumlah_ekor`) VALUES ('MUT-0375', '05/30/24', 14, 29, 'H2-001', 160.0);
INSERT INTO `tr_mutasi` (`id_mutasi`, `tgl_mutasi`, `id_asal`, `id_tujuan`, `id_hewan`, `jumlah_ekor`) VALUES ('MUT-0376', '08/12/25', 14, 6, 'H4-001', 145.0);
INSERT INTO `tr_mutasi` (`id_mutasi`, `tgl_mutasi`, `id_asal`, `id_tujuan`, `id_hewan`, `jumlah_ekor`) VALUES ('MUT-0377', '12/10/24', 4, 27, 'H2-001', 83.0);
INSERT INTO `tr_mutasi` (`id_mutasi`, `tgl_mutasi`, `id_asal`, `id_tujuan`, `id_hewan`, `jumlah_ekor`) VALUES ('MUT-0378', '09/08/24', 13, 19, 'H4-001', 73.0);
INSERT INTO `tr_mutasi` (`id_mutasi`, `tgl_mutasi`, `id_asal`, `id_tujuan`, `id_hewan`, `jumlah_ekor`) VALUES ('MUT-0379', '04/08/24', 27, 15, 'H2-001', 62.0);
INSERT INTO `tr_mutasi` (`id_mutasi`, `tgl_mutasi`, `id_asal`, `id_tujuan`, `id_hewan`, `jumlah_ekor`) VALUES ('MUT-0380', '09/14/25', 36, 31, 'H4-001', 83.0);
INSERT INTO `tr_mutasi` (`id_mutasi`, `tgl_mutasi`, `id_asal`, `id_tujuan`, `id_hewan`, `jumlah_ekor`) VALUES ('MUT-0381', '10/29/24', 4, 18, 'H4-001', 139.0);
INSERT INTO `tr_mutasi` (`id_mutasi`, `tgl_mutasi`, `id_asal`, `id_tujuan`, `id_hewan`, `jumlah_ekor`) VALUES ('MUT-0382', '01/25/24', 31, 34, 'H4-001', 46.0);
INSERT INTO `tr_mutasi` (`id_mutasi`, `tgl_mutasi`, `id_asal`, `id_tujuan`, `id_hewan`, `jumlah_ekor`) VALUES ('MUT-0383', '02/27/24', 2, 3, 'H2-001', 49.0);
INSERT INTO `tr_mutasi` (`id_mutasi`, `tgl_mutasi`, `id_asal`, `id_tujuan`, `id_hewan`, `jumlah_ekor`) VALUES ('MUT-0384', '12/30/25', 2, 38, 'H4-001', 51.0);
INSERT INTO `tr_mutasi` (`id_mutasi`, `tgl_mutasi`, `id_asal`, `id_tujuan`, `id_hewan`, `jumlah_ekor`) VALUES ('MUT-0385', '03/30/24', 26, 15, 'H4-001', 96.0);
INSERT INTO `tr_mutasi` (`id_mutasi`, `tgl_mutasi`, `id_asal`, `id_tujuan`, `id_hewan`, `jumlah_ekor`) VALUES ('MUT-0386', '10/04/24', 27, 26, 'H2-001', 123.0);
INSERT INTO `tr_mutasi` (`id_mutasi`, `tgl_mutasi`, `id_asal`, `id_tujuan`, `id_hewan`, `jumlah_ekor`) VALUES ('MUT-0387', '06/21/24', 8, 18, 'H4-001', 99.0);
INSERT INTO `tr_mutasi` (`id_mutasi`, `tgl_mutasi`, `id_asal`, `id_tujuan`, `id_hewan`, `jumlah_ekor`) VALUES ('MUT-0388', '07/28/25', 31, 30, 'H2-001', 185.0);
INSERT INTO `tr_mutasi` (`id_mutasi`, `tgl_mutasi`, `id_asal`, `id_tujuan`, `id_hewan`, `jumlah_ekor`) VALUES ('MUT-0389', '05/10/25', 3, 31, 'H2-001', 101.0);
INSERT INTO `tr_mutasi` (`id_mutasi`, `tgl_mutasi`, `id_asal`, `id_tujuan`, `id_hewan`, `jumlah_ekor`) VALUES ('MUT-0390', '12/31/24', 6, 30, 'H2-001', 97.0);
INSERT INTO `tr_mutasi` (`id_mutasi`, `tgl_mutasi`, `id_asal`, `id_tujuan`, `id_hewan`, `jumlah_ekor`) VALUES ('MUT-0391', '07/29/24', 10, 25, 'H2-001', 31.0);
INSERT INTO `tr_mutasi` (`id_mutasi`, `tgl_mutasi`, `id_asal`, `id_tujuan`, `id_hewan`, `jumlah_ekor`) VALUES ('MUT-0392', '01/21/25', 3, 1, 'H4-001', 12.0);
INSERT INTO `tr_mutasi` (`id_mutasi`, `tgl_mutasi`, `id_asal`, `id_tujuan`, `id_hewan`, `jumlah_ekor`) VALUES ('MUT-0393', '01/08/25', 19, 25, 'H2-001', 65.0);
INSERT INTO `tr_mutasi` (`id_mutasi`, `tgl_mutasi`, `id_asal`, `id_tujuan`, `id_hewan`, `jumlah_ekor`) VALUES ('MUT-0394', '06/14/25', 14, 9, 'H2-001', 165.0);
INSERT INTO `tr_mutasi` (`id_mutasi`, `tgl_mutasi`, `id_asal`, `id_tujuan`, `id_hewan`, `jumlah_ekor`) VALUES ('MUT-0395', '05/01/25', 7, 33, 'H4-001', 165.0);
INSERT INTO `tr_mutasi` (`id_mutasi`, `tgl_mutasi`, `id_asal`, `id_tujuan`, `id_hewan`, `jumlah_ekor`) VALUES ('MUT-0396', '02/20/25', 28, 17, 'H4-001', 39.0);
INSERT INTO `tr_mutasi` (`id_mutasi`, `tgl_mutasi`, `id_asal`, `id_tujuan`, `id_hewan`, `jumlah_ekor`) VALUES ('MUT-0397', '03/30/25', 16, 38, 'H2-001', 63.0);
INSERT INTO `tr_mutasi` (`id_mutasi`, `tgl_mutasi`, `id_asal`, `id_tujuan`, `id_hewan`, `jumlah_ekor`) VALUES ('MUT-0398', '09/05/25', 29, 15, 'H2-001', 49.0);
INSERT INTO `tr_mutasi` (`id_mutasi`, `tgl_mutasi`, `id_asal`, `id_tujuan`, `id_hewan`, `jumlah_ekor`) VALUES ('MUT-0399', '07/30/24', 12, 32, 'H2-001', 112.0);
INSERT INTO `tr_mutasi` (`id_mutasi`, `tgl_mutasi`, `id_asal`, `id_tujuan`, `id_hewan`, `jumlah_ekor`) VALUES ('MUT-0400', '06/07/25', 14, 36, 'H2-001', 133.0);
INSERT INTO `tr_mutasi` (`id_mutasi`, `tgl_mutasi`, `id_asal`, `id_tujuan`, `id_hewan`, `jumlah_ekor`) VALUES ('MUT-0401', '05/31/24', 6, 24, 'H2-001', 200.0);
INSERT INTO `tr_mutasi` (`id_mutasi`, `tgl_mutasi`, `id_asal`, `id_tujuan`, `id_hewan`, `jumlah_ekor`) VALUES ('MUT-0402', '05/08/25', 11, 14, 'H2-001', NULL);
INSERT INTO `tr_mutasi` (`id_mutasi`, `tgl_mutasi`, `id_asal`, `id_tujuan`, `id_hewan`, `jumlah_ekor`) VALUES ('MUT-0403', '09/29/25', 3, 28, 'H4-001', 188.0);
INSERT INTO `tr_mutasi` (`id_mutasi`, `tgl_mutasi`, `id_asal`, `id_tujuan`, `id_hewan`, `jumlah_ekor`) VALUES ('MUT-0404', '03/30/24', 9, 33, 'H2-001', 68.0);
INSERT INTO `tr_mutasi` (`id_mutasi`, `tgl_mutasi`, `id_asal`, `id_tujuan`, `id_hewan`, `jumlah_ekor`) VALUES ('MUT-0405', '02/13/25', 36, 23, 'H2-001', 42.0);
INSERT INTO `tr_mutasi` (`id_mutasi`, `tgl_mutasi`, `id_asal`, `id_tujuan`, `id_hewan`, `jumlah_ekor`) VALUES ('MUT-0406', '05/18/25', 14, 38, 'H2-001', NULL);
INSERT INTO `tr_mutasi` (`id_mutasi`, `tgl_mutasi`, `id_asal`, `id_tujuan`, `id_hewan`, `jumlah_ekor`) VALUES ('MUT-0407', '07/11/24', 26, 10, 'H2-001', 75.0);
INSERT INTO `tr_mutasi` (`id_mutasi`, `tgl_mutasi`, `id_asal`, `id_tujuan`, `id_hewan`, `jumlah_ekor`) VALUES ('MUT-0408', '05/17/25', 14, 34, 'H4-001', 184.0);
INSERT INTO `tr_mutasi` (`id_mutasi`, `tgl_mutasi`, `id_asal`, `id_tujuan`, `id_hewan`, `jumlah_ekor`) VALUES ('MUT-0409', '01/25/25', 34, 32, 'H2-001', 75.0);
INSERT INTO `tr_mutasi` (`id_mutasi`, `tgl_mutasi`, `id_asal`, `id_tujuan`, `id_hewan`, `jumlah_ekor`) VALUES ('MUT-0410', '08/04/24', 14, 9, 'H4-001', 119.0);
INSERT INTO `tr_mutasi` (`id_mutasi`, `tgl_mutasi`, `id_asal`, `id_tujuan`, `id_hewan`, `jumlah_ekor`) VALUES ('MUT-0411', '12/08/25', 28, 26, 'H2-001', 115.0);
INSERT INTO `tr_mutasi` (`id_mutasi`, `tgl_mutasi`, `id_asal`, `id_tujuan`, `id_hewan`, `jumlah_ekor`) VALUES ('MUT-0412', '12/06/25', 8, 6, 'H2-001', 83.0);
INSERT INTO `tr_mutasi` (`id_mutasi`, `tgl_mutasi`, `id_asal`, `id_tujuan`, `id_hewan`, `jumlah_ekor`) VALUES ('MUT-0413', '09/17/24', 7, 38, 'H2-001', 48.0);
INSERT INTO `tr_mutasi` (`id_mutasi`, `tgl_mutasi`, `id_asal`, `id_tujuan`, `id_hewan`, `jumlah_ekor`) VALUES ('MUT-0414', '08/15/25', 11, 11, 'H2-001', 111.0);
INSERT INTO `tr_mutasi` (`id_mutasi`, `tgl_mutasi`, `id_asal`, `id_tujuan`, `id_hewan`, `jumlah_ekor`) VALUES ('MUT-0415', '10/22/25', 11, 5, 'H4-001', 12.0);
INSERT INTO `tr_mutasi` (`id_mutasi`, `tgl_mutasi`, `id_asal`, `id_tujuan`, `id_hewan`, `jumlah_ekor`) VALUES ('MUT-0416', '04/26/25', 32, 32, 'H2-001', 15.0);
INSERT INTO `tr_mutasi` (`id_mutasi`, `tgl_mutasi`, `id_asal`, `id_tujuan`, `id_hewan`, `jumlah_ekor`) VALUES ('MUT-0417', '08/25/24', 9, 8, 'H2-001', 79.0);
INSERT INTO `tr_mutasi` (`id_mutasi`, `tgl_mutasi`, `id_asal`, `id_tujuan`, `id_hewan`, `jumlah_ekor`) VALUES ('MUT-0418', '02/23/25', 38, 31, 'H4-001', 110.0);
INSERT INTO `tr_mutasi` (`id_mutasi`, `tgl_mutasi`, `id_asal`, `id_tujuan`, `id_hewan`, `jumlah_ekor`) VALUES ('MUT-0419', '01/29/24', 27, 16, 'H4-001', 143.0);
INSERT INTO `tr_mutasi` (`id_mutasi`, `tgl_mutasi`, `id_asal`, `id_tujuan`, `id_hewan`, `jumlah_ekor`) VALUES ('MUT-0420', '11/30/25', 19, 7, 'H4-001', 17.0);
INSERT INTO `tr_mutasi` (`id_mutasi`, `tgl_mutasi`, `id_asal`, `id_tujuan`, `id_hewan`, `jumlah_ekor`) VALUES ('MUT-0421', '10/21/25', 16, 12, 'H4-001', 168.0);
INSERT INTO `tr_mutasi` (`id_mutasi`, `tgl_mutasi`, `id_asal`, `id_tujuan`, `id_hewan`, `jumlah_ekor`) VALUES ('MUT-0422', '02/25/24', 15, 3, 'H4-001', NULL);
INSERT INTO `tr_mutasi` (`id_mutasi`, `tgl_mutasi`, `id_asal`, `id_tujuan`, `id_hewan`, `jumlah_ekor`) VALUES ('MUT-0423', '11/06/25', 17, 27, 'H4-001', 52.0);
INSERT INTO `tr_mutasi` (`id_mutasi`, `tgl_mutasi`, `id_asal`, `id_tujuan`, `id_hewan`, `jumlah_ekor`) VALUES ('MUT-0424', '04/08/24', 31, 27, 'H4-001', 172.0);
INSERT INTO `tr_mutasi` (`id_mutasi`, `tgl_mutasi`, `id_asal`, `id_tujuan`, `id_hewan`, `jumlah_ekor`) VALUES ('MUT-0425', '10/12/25', 17, 27, 'H4-001', 59.0);
INSERT INTO `tr_mutasi` (`id_mutasi`, `tgl_mutasi`, `id_asal`, `id_tujuan`, `id_hewan`, `jumlah_ekor`) VALUES ('MUT-0426', '10/06/24', 35, 18, 'H4-001', NULL);
INSERT INTO `tr_mutasi` (`id_mutasi`, `tgl_mutasi`, `id_asal`, `id_tujuan`, `id_hewan`, `jumlah_ekor`) VALUES ('MUT-0427', '05/31/24', 18, 4, 'H2-001', 175.0);
INSERT INTO `tr_mutasi` (`id_mutasi`, `tgl_mutasi`, `id_asal`, `id_tujuan`, `id_hewan`, `jumlah_ekor`) VALUES ('MUT-0428', '03/10/25', 18, 37, 'H4-001', 88.0);
INSERT INTO `tr_mutasi` (`id_mutasi`, `tgl_mutasi`, `id_asal`, `id_tujuan`, `id_hewan`, `jumlah_ekor`) VALUES ('MUT-0429', '06/16/25', 24, 10, 'H2-001', 174.0);
INSERT INTO `tr_mutasi` (`id_mutasi`, `tgl_mutasi`, `id_asal`, `id_tujuan`, `id_hewan`, `jumlah_ekor`) VALUES ('MUT-0430', '09/18/24', 33, 1, 'H2-001', 73.0);
INSERT INTO `tr_mutasi` (`id_mutasi`, `tgl_mutasi`, `id_asal`, `id_tujuan`, `id_hewan`, `jumlah_ekor`) VALUES ('MUT-0431', '09/16/24', 29, 15, 'H4-001', 161.0);
INSERT INTO `tr_mutasi` (`id_mutasi`, `tgl_mutasi`, `id_asal`, `id_tujuan`, `id_hewan`, `jumlah_ekor`) VALUES ('MUT-0432', '09/20/24', 14, 11, 'H2-001', 49.0);
INSERT INTO `tr_mutasi` (`id_mutasi`, `tgl_mutasi`, `id_asal`, `id_tujuan`, `id_hewan`, `jumlah_ekor`) VALUES ('MUT-0433', '01/14/24', 17, 22, 'H2-001', 166.0);
INSERT INTO `tr_mutasi` (`id_mutasi`, `tgl_mutasi`, `id_asal`, `id_tujuan`, `id_hewan`, `jumlah_ekor`) VALUES ('MUT-0434', '04/29/25', 36, 34, 'H2-001', 147.0);
INSERT INTO `tr_mutasi` (`id_mutasi`, `tgl_mutasi`, `id_asal`, `id_tujuan`, `id_hewan`, `jumlah_ekor`) VALUES ('MUT-0435', '10/05/25', 24, 28, 'H2-001', 126.0);
INSERT INTO `tr_mutasi` (`id_mutasi`, `tgl_mutasi`, `id_asal`, `id_tujuan`, `id_hewan`, `jumlah_ekor`) VALUES ('MUT-0436', '08/31/24', 9, 14, 'H4-001', 154.0);
INSERT INTO `tr_mutasi` (`id_mutasi`, `tgl_mutasi`, `id_asal`, `id_tujuan`, `id_hewan`, `jumlah_ekor`) VALUES ('MUT-0437', '05/05/24', 32, 2, 'H2-001', 10.0);
INSERT INTO `tr_mutasi` (`id_mutasi`, `tgl_mutasi`, `id_asal`, `id_tujuan`, `id_hewan`, `jumlah_ekor`) VALUES ('MUT-0438', '07/23/24', 9, 35, 'H2-001', 58.0);
INSERT INTO `tr_mutasi` (`id_mutasi`, `tgl_mutasi`, `id_asal`, `id_tujuan`, `id_hewan`, `jumlah_ekor`) VALUES ('MUT-0439', '12/25/25', 6, 2, 'H2-001', 123.0);
INSERT INTO `tr_mutasi` (`id_mutasi`, `tgl_mutasi`, `id_asal`, `id_tujuan`, `id_hewan`, `jumlah_ekor`) VALUES ('MUT-0440', '01/11/24', 31, 33, 'H2-001', 187.0);
INSERT INTO `tr_mutasi` (`id_mutasi`, `tgl_mutasi`, `id_asal`, `id_tujuan`, `id_hewan`, `jumlah_ekor`) VALUES ('MUT-0441', '02/17/25', 28, 5, 'H4-001', 116.0);
INSERT INTO `tr_mutasi` (`id_mutasi`, `tgl_mutasi`, `id_asal`, `id_tujuan`, `id_hewan`, `jumlah_ekor`) VALUES ('MUT-0442', '11/11/24', 12, 16, 'H4-001', NULL);
INSERT INTO `tr_mutasi` (`id_mutasi`, `tgl_mutasi`, `id_asal`, `id_tujuan`, `id_hewan`, `jumlah_ekor`) VALUES ('MUT-0443', '11/28/25', 13, 11, 'H4-001', 47.0);
INSERT INTO `tr_mutasi` (`id_mutasi`, `tgl_mutasi`, `id_asal`, `id_tujuan`, `id_hewan`, `jumlah_ekor`) VALUES ('MUT-0444', '03/28/24', 11, 30, 'H2-001', 179.0);
INSERT INTO `tr_mutasi` (`id_mutasi`, `tgl_mutasi`, `id_asal`, `id_tujuan`, `id_hewan`, `jumlah_ekor`) VALUES ('MUT-0445', '09/13/25', 34, 5, 'H4-001', 44.0);
INSERT INTO `tr_mutasi` (`id_mutasi`, `tgl_mutasi`, `id_asal`, `id_tujuan`, `id_hewan`, `jumlah_ekor`) VALUES ('MUT-0446', '02/08/25', 20, 11, 'H2-001', 30.0);
INSERT INTO `tr_mutasi` (`id_mutasi`, `tgl_mutasi`, `id_asal`, `id_tujuan`, `id_hewan`, `jumlah_ekor`) VALUES ('MUT-0447', '12/30/25', 27, 35, 'H4-001', 83.0);
INSERT INTO `tr_mutasi` (`id_mutasi`, `tgl_mutasi`, `id_asal`, `id_tujuan`, `id_hewan`, `jumlah_ekor`) VALUES ('MUT-0448', '02/17/24', 9, 4, 'H4-001', NULL);
INSERT INTO `tr_mutasi` (`id_mutasi`, `tgl_mutasi`, `id_asal`, `id_tujuan`, `id_hewan`, `jumlah_ekor`) VALUES ('MUT-0449', '01/04/25', 3, 12, 'H4-001', 42.0);
INSERT INTO `tr_mutasi` (`id_mutasi`, `tgl_mutasi`, `id_asal`, `id_tujuan`, `id_hewan`, `jumlah_ekor`) VALUES ('MUT-0450', '07/02/24', 30, 38, 'H4-001', 78.0);
INSERT INTO `tr_mutasi` (`id_mutasi`, `tgl_mutasi`, `id_asal`, `id_tujuan`, `id_hewan`, `jumlah_ekor`) VALUES ('MUT-0451', '10/16/24', 36, 30, 'H4-001', 13.0);
INSERT INTO `tr_mutasi` (`id_mutasi`, `tgl_mutasi`, `id_asal`, `id_tujuan`, `id_hewan`, `jumlah_ekor`) VALUES ('MUT-0452', '11/29/24', 33, 13, 'H4-001', 163.0);
INSERT INTO `tr_mutasi` (`id_mutasi`, `tgl_mutasi`, `id_asal`, `id_tujuan`, `id_hewan`, `jumlah_ekor`) VALUES ('MUT-0453', '06/02/25', 36, 23, 'H4-001', 171.0);
INSERT INTO `tr_mutasi` (`id_mutasi`, `tgl_mutasi`, `id_asal`, `id_tujuan`, `id_hewan`, `jumlah_ekor`) VALUES ('MUT-0454', '05/16/24', 7, 8, 'H4-001', 92.0);
INSERT INTO `tr_mutasi` (`id_mutasi`, `tgl_mutasi`, `id_asal`, `id_tujuan`, `id_hewan`, `jumlah_ekor`) VALUES ('MUT-0455', '01/09/25', 3, 13, 'H2-001', 173.0);
INSERT INTO `tr_mutasi` (`id_mutasi`, `tgl_mutasi`, `id_asal`, `id_tujuan`, `id_hewan`, `jumlah_ekor`) VALUES ('MUT-0456', '09/27/24', 13, 26, 'H2-001', 113.0);
INSERT INTO `tr_mutasi` (`id_mutasi`, `tgl_mutasi`, `id_asal`, `id_tujuan`, `id_hewan`, `jumlah_ekor`) VALUES ('MUT-0457', '11/24/25', 17, 9, 'H2-001', 197.0);
INSERT INTO `tr_mutasi` (`id_mutasi`, `tgl_mutasi`, `id_asal`, `id_tujuan`, `id_hewan`, `jumlah_ekor`) VALUES ('MUT-0458', '11/11/25', 25, 34, 'H2-001', 46.0);
INSERT INTO `tr_mutasi` (`id_mutasi`, `tgl_mutasi`, `id_asal`, `id_tujuan`, `id_hewan`, `jumlah_ekor`) VALUES ('MUT-0459', '04/28/24', 24, 24, 'H2-001', 54.0);
INSERT INTO `tr_mutasi` (`id_mutasi`, `tgl_mutasi`, `id_asal`, `id_tujuan`, `id_hewan`, `jumlah_ekor`) VALUES ('MUT-0460', '06/23/25', 3, 14, 'H4-001', 73.0);
INSERT INTO `tr_mutasi` (`id_mutasi`, `tgl_mutasi`, `id_asal`, `id_tujuan`, `id_hewan`, `jumlah_ekor`) VALUES ('MUT-0461', '05/05/25', 26, 27, 'H4-001', 150.0);
INSERT INTO `tr_mutasi` (`id_mutasi`, `tgl_mutasi`, `id_asal`, `id_tujuan`, `id_hewan`, `jumlah_ekor`) VALUES ('MUT-0462', '01/20/24', 36, 20, 'H4-001', 12.0);
INSERT INTO `tr_mutasi` (`id_mutasi`, `tgl_mutasi`, `id_asal`, `id_tujuan`, `id_hewan`, `jumlah_ekor`) VALUES ('MUT-0463', '01/22/24', 31, 18, 'H2-001', 17.0);
INSERT INTO `tr_mutasi` (`id_mutasi`, `tgl_mutasi`, `id_asal`, `id_tujuan`, `id_hewan`, `jumlah_ekor`) VALUES ('MUT-0464', '04/16/24', 8, 13, 'H2-001', 16.0);
INSERT INTO `tr_mutasi` (`id_mutasi`, `tgl_mutasi`, `id_asal`, `id_tujuan`, `id_hewan`, `jumlah_ekor`) VALUES ('MUT-0465', '12/22/24', 17, 37, 'H2-001', 115.0);
INSERT INTO `tr_mutasi` (`id_mutasi`, `tgl_mutasi`, `id_asal`, `id_tujuan`, `id_hewan`, `jumlah_ekor`) VALUES ('MUT-0466', '01/05/24', 21, 18, 'H4-001', 130.0);
INSERT INTO `tr_mutasi` (`id_mutasi`, `tgl_mutasi`, `id_asal`, `id_tujuan`, `id_hewan`, `jumlah_ekor`) VALUES ('MUT-0467', '06/04/24', 18, 19, 'H4-001', 117.0);
INSERT INTO `tr_mutasi` (`id_mutasi`, `tgl_mutasi`, `id_asal`, `id_tujuan`, `id_hewan`, `jumlah_ekor`) VALUES ('MUT-0468', '12/06/24', 5, 29, 'H4-001', 96.0);
INSERT INTO `tr_mutasi` (`id_mutasi`, `tgl_mutasi`, `id_asal`, `id_tujuan`, `id_hewan`, `jumlah_ekor`) VALUES ('MUT-0469', '05/05/25', 38, 23, 'H2-001', NULL);
INSERT INTO `tr_mutasi` (`id_mutasi`, `tgl_mutasi`, `id_asal`, `id_tujuan`, `id_hewan`, `jumlah_ekor`) VALUES ('MUT-0470', '03/22/24', 25, 19, 'H2-001', 19.0);
INSERT INTO `tr_mutasi` (`id_mutasi`, `tgl_mutasi`, `id_asal`, `id_tujuan`, `id_hewan`, `jumlah_ekor`) VALUES ('MUT-0471', '04/07/25', 36, 24, 'H2-001', 60.0);
INSERT INTO `tr_mutasi` (`id_mutasi`, `tgl_mutasi`, `id_asal`, `id_tujuan`, `id_hewan`, `jumlah_ekor`) VALUES ('MUT-0472', '11/09/25', 4, 14, 'H2-001', 157.0);
INSERT INTO `tr_mutasi` (`id_mutasi`, `tgl_mutasi`, `id_asal`, `id_tujuan`, `id_hewan`, `jumlah_ekor`) VALUES ('MUT-0473', '10/10/24', 36, 20, 'H4-001', 190.0);
INSERT INTO `tr_mutasi` (`id_mutasi`, `tgl_mutasi`, `id_asal`, `id_tujuan`, `id_hewan`, `jumlah_ekor`) VALUES ('MUT-0474', '12/26/24', 10, 4, 'H2-001', 10.0);
INSERT INTO `tr_mutasi` (`id_mutasi`, `tgl_mutasi`, `id_asal`, `id_tujuan`, `id_hewan`, `jumlah_ekor`) VALUES ('MUT-0475', '05/12/24', 12, 34, 'H2-001', 138.0);
INSERT INTO `tr_mutasi` (`id_mutasi`, `tgl_mutasi`, `id_asal`, `id_tujuan`, `id_hewan`, `jumlah_ekor`) VALUES ('MUT-0476', '05/25/24', 11, 10, 'H4-001', 173.0);
INSERT INTO `tr_mutasi` (`id_mutasi`, `tgl_mutasi`, `id_asal`, `id_tujuan`, `id_hewan`, `jumlah_ekor`) VALUES ('MUT-0477', '05/14/24', 14, 37, 'H2-001', 121.0);
INSERT INTO `tr_mutasi` (`id_mutasi`, `tgl_mutasi`, `id_asal`, `id_tujuan`, `id_hewan`, `jumlah_ekor`) VALUES ('MUT-0478', '04/27/25', 12, 17, 'H4-001', 79.0);
INSERT INTO `tr_mutasi` (`id_mutasi`, `tgl_mutasi`, `id_asal`, `id_tujuan`, `id_hewan`, `jumlah_ekor`) VALUES ('MUT-0479', '03/22/25', 26, 6, 'H4-001', 189.0);
INSERT INTO `tr_mutasi` (`id_mutasi`, `tgl_mutasi`, `id_asal`, `id_tujuan`, `id_hewan`, `jumlah_ekor`) VALUES ('MUT-0480', '09/28/25', 9, 10, 'H2-001', 129.0);
INSERT INTO `tr_mutasi` (`id_mutasi`, `tgl_mutasi`, `id_asal`, `id_tujuan`, `id_hewan`, `jumlah_ekor`) VALUES ('MUT-0481', '09/19/25', 20, 25, 'H2-001', 187.0);
INSERT INTO `tr_mutasi` (`id_mutasi`, `tgl_mutasi`, `id_asal`, `id_tujuan`, `id_hewan`, `jumlah_ekor`) VALUES ('MUT-0482', '07/16/25', 33, 3, 'H4-001', 73.0);
INSERT INTO `tr_mutasi` (`id_mutasi`, `tgl_mutasi`, `id_asal`, `id_tujuan`, `id_hewan`, `jumlah_ekor`) VALUES ('MUT-0483', '12/20/24', 26, 8, 'H2-001', 115.0);
INSERT INTO `tr_mutasi` (`id_mutasi`, `tgl_mutasi`, `id_asal`, `id_tujuan`, `id_hewan`, `jumlah_ekor`) VALUES ('MUT-0484', '12/15/24', 20, 25, 'H4-001', 80.0);
INSERT INTO `tr_mutasi` (`id_mutasi`, `tgl_mutasi`, `id_asal`, `id_tujuan`, `id_hewan`, `jumlah_ekor`) VALUES ('MUT-0485', '04/06/25', 13, 19, 'H2-001', 140.0);
INSERT INTO `tr_mutasi` (`id_mutasi`, `tgl_mutasi`, `id_asal`, `id_tujuan`, `id_hewan`, `jumlah_ekor`) VALUES ('MUT-0486', '06/02/25', 37, 3, 'H4-001', 165.0);
INSERT INTO `tr_mutasi` (`id_mutasi`, `tgl_mutasi`, `id_asal`, `id_tujuan`, `id_hewan`, `jumlah_ekor`) VALUES ('MUT-0487', '12/14/24', 17, 32, 'H2-001', 128.0);
INSERT INTO `tr_mutasi` (`id_mutasi`, `tgl_mutasi`, `id_asal`, `id_tujuan`, `id_hewan`, `jumlah_ekor`) VALUES ('MUT-0488', '12/20/25', 38, 20, 'H4-001', 92.0);
INSERT INTO `tr_mutasi` (`id_mutasi`, `tgl_mutasi`, `id_asal`, `id_tujuan`, `id_hewan`, `jumlah_ekor`) VALUES ('MUT-0489', '07/05/25', 13, 10, 'H2-001', 119.0);
INSERT INTO `tr_mutasi` (`id_mutasi`, `tgl_mutasi`, `id_asal`, `id_tujuan`, `id_hewan`, `jumlah_ekor`) VALUES ('MUT-0490', '08/06/24', 35, 23, 'H2-001', 83.0);
INSERT INTO `tr_mutasi` (`id_mutasi`, `tgl_mutasi`, `id_asal`, `id_tujuan`, `id_hewan`, `jumlah_ekor`) VALUES ('MUT-0491', '01/29/24', 5, 37, 'H4-001', 53.0);
INSERT INTO `tr_mutasi` (`id_mutasi`, `tgl_mutasi`, `id_asal`, `id_tujuan`, `id_hewan`, `jumlah_ekor`) VALUES ('MUT-0492', '04/03/25', 9, 1, 'H2-001', 132.0);
INSERT INTO `tr_mutasi` (`id_mutasi`, `tgl_mutasi`, `id_asal`, `id_tujuan`, `id_hewan`, `jumlah_ekor`) VALUES ('MUT-0493', '04/09/25', 36, 26, 'H2-001', 77.0);
INSERT INTO `tr_mutasi` (`id_mutasi`, `tgl_mutasi`, `id_asal`, `id_tujuan`, `id_hewan`, `jumlah_ekor`) VALUES ('MUT-0494', '01/31/25', 8, 20, 'H2-001', 185.0);
INSERT INTO `tr_mutasi` (`id_mutasi`, `tgl_mutasi`, `id_asal`, `id_tujuan`, `id_hewan`, `jumlah_ekor`) VALUES ('MUT-0495', '03/18/25', 25, 17, 'H4-001', 146.0);
INSERT INTO `tr_mutasi` (`id_mutasi`, `tgl_mutasi`, `id_asal`, `id_tujuan`, `id_hewan`, `jumlah_ekor`) VALUES ('MUT-0496', '03/04/24', 17, 17, 'H4-001', 23.0);
INSERT INTO `tr_mutasi` (`id_mutasi`, `tgl_mutasi`, `id_asal`, `id_tujuan`, `id_hewan`, `jumlah_ekor`) VALUES ('MUT-0497', '01/17/24', 1, 10, 'H4-001', 82.0);
INSERT INTO `tr_mutasi` (`id_mutasi`, `tgl_mutasi`, `id_asal`, `id_tujuan`, `id_hewan`, `jumlah_ekor`) VALUES ('MUT-0498', '04/29/24', 23, 9, 'H2-001', 168.0);
INSERT INTO `tr_mutasi` (`id_mutasi`, `tgl_mutasi`, `id_asal`, `id_tujuan`, `id_hewan`, `jumlah_ekor`) VALUES ('MUT-0499', '04/27/25', 19, 18, 'H4-001', 153.0);
INSERT INTO `tr_mutasi` (`id_mutasi`, `tgl_mutasi`, `id_asal`, `id_tujuan`, `id_hewan`, `jumlah_ekor`) VALUES ('MUT-0500', '11/17/24', 1, 6, 'H4-001', 69.0);

-- 4. Tabel Transaksi Laporan Sakit
DROP TABLE IF EXISTS `tr_laporan_sakit`;
CREATE TABLE `tr_laporan_sakit` (
  `id_laporan` VARCHAR(15) NOT NULL,
  `tgl_lapor` VARCHAR(10) DEFAULT NULL,
  `id_wilayah` INT DEFAULT NULL,
  `id_hewan` VARCHAR(10) DEFAULT NULL,
  `jumlah_gejala` INT DEFAULT NULL,
  PRIMARY KEY (`id_laporan`),
  CONSTRAINT `fk_sakit_wilayah` FOREIGN KEY (`id_wilayah`) REFERENCES `ref_wilayah` (`id_wilayah`) ON DELETE SET NULL ON UPDATE CASCADE,
  CONSTRAINT `fk_sakit_hewan` FOREIGN KEY (`id_hewan`) REFERENCES `ref_hewan` (`id_hewan`) ON DELETE SET NULL ON UPDATE CASCADE
) ENGINE=InnoDB DEFAULT CHARSET=utf8mb4;


INSERT INTO `tr_laporan_sakit` (`id_laporan`, `tgl_lapor`, `id_wilayah`, `id_hewan`, `jumlah_gejala`) VALUES ('LAP-0001', '10/02/24', 17, 'H4-001', 6.0);
INSERT INTO `tr_laporan_sakit` (`id_laporan`, `tgl_lapor`, `id_wilayah`, `id_hewan`, `jumlah_gejala`) VALUES ('LAP-0002', '12/12/24', 14, 'H2-001', 36.0);
INSERT INTO `tr_laporan_sakit` (`id_laporan`, `tgl_lapor`, `id_wilayah`, `id_hewan`, `jumlah_gejala`) VALUES ('LAP-0003', '02/06/25', 30, 'H2-001', 27.0);
INSERT INTO `tr_laporan_sakit` (`id_laporan`, `tgl_lapor`, `id_wilayah`, `id_hewan`, `jumlah_gejala`) VALUES ('LAP-0004', '12/06/25', 19, 'H4-001', 5.0);
INSERT INTO `tr_laporan_sakit` (`id_laporan`, `tgl_lapor`, `id_wilayah`, `id_hewan`, `jumlah_gejala`) VALUES ('LAP-0005', '12/26/25', 4, 'H2-001', 6.0);
INSERT INTO `tr_laporan_sakit` (`id_laporan`, `tgl_lapor`, `id_wilayah`, `id_hewan`, `jumlah_gejala`) VALUES ('LAP-0006', '07/18/25', 20, 'H4-001', 25.0);
INSERT INTO `tr_laporan_sakit` (`id_laporan`, `tgl_lapor`, `id_wilayah`, `id_hewan`, `jumlah_gejala`) VALUES ('LAP-0007', '09/19/24', 32, 'H2-001', 23.0);
INSERT INTO `tr_laporan_sakit` (`id_laporan`, `tgl_lapor`, `id_wilayah`, `id_hewan`, `jumlah_gejala`) VALUES ('LAP-0008', '04/12/25', 28, 'H2-001', 25.0);
INSERT INTO `tr_laporan_sakit` (`id_laporan`, `tgl_lapor`, `id_wilayah`, `id_hewan`, `jumlah_gejala`) VALUES ('LAP-0009', '10/21/24', 9, 'H4-001', 34.0);
INSERT INTO `tr_laporan_sakit` (`id_laporan`, `tgl_lapor`, `id_wilayah`, `id_hewan`, `jumlah_gejala`) VALUES ('LAP-0010', '11/19/25', 23, 'H2-001', 37.0);
INSERT INTO `tr_laporan_sakit` (`id_laporan`, `tgl_lapor`, `id_wilayah`, `id_hewan`, `jumlah_gejala`) VALUES ('LAP-0011', '02/26/25', 37, 'H4-001', 11.0);
INSERT INTO `tr_laporan_sakit` (`id_laporan`, `tgl_lapor`, `id_wilayah`, `id_hewan`, `jumlah_gejala`) VALUES ('LAP-0012', '01/21/24', 38, 'H4-001', 6.0);
INSERT INTO `tr_laporan_sakit` (`id_laporan`, `tgl_lapor`, `id_wilayah`, `id_hewan`, `jumlah_gejala`) VALUES ('LAP-0013', '03/02/24', 23, 'H2-001', 50.0);
INSERT INTO `tr_laporan_sakit` (`id_laporan`, `tgl_lapor`, `id_wilayah`, `id_hewan`, `jumlah_gejala`) VALUES ('LAP-0014', '05/26/24', 20, 'H2-001', 4.0);
INSERT INTO `tr_laporan_sakit` (`id_laporan`, `tgl_lapor`, `id_wilayah`, `id_hewan`, `jumlah_gejala`) VALUES ('LAP-0015', '10/10/25', 32, 'H2-001', NULL);
INSERT INTO `tr_laporan_sakit` (`id_laporan`, `tgl_lapor`, `id_wilayah`, `id_hewan`, `jumlah_gejala`) VALUES ('LAP-0016', '10/05/24', 36, 'H2-001', 13.0);
INSERT INTO `tr_laporan_sakit` (`id_laporan`, `tgl_lapor`, `id_wilayah`, `id_hewan`, `jumlah_gejala`) VALUES ('LAP-0017', '07/25/24', 33, 'H4-001', 12.0);
INSERT INTO `tr_laporan_sakit` (`id_laporan`, `tgl_lapor`, `id_wilayah`, `id_hewan`, `jumlah_gejala`) VALUES ('LAP-0018', '07/29/24', 28, 'H4-001', 28.0);
INSERT INTO `tr_laporan_sakit` (`id_laporan`, `tgl_lapor`, `id_wilayah`, `id_hewan`, `jumlah_gejala`) VALUES ('LAP-0019', '09/24/24', 26, 'H2-001', 21.0);
INSERT INTO `tr_laporan_sakit` (`id_laporan`, `tgl_lapor`, `id_wilayah`, `id_hewan`, `jumlah_gejala`) VALUES ('LAP-0020', '08/14/25', 24, 'H2-001', 21.0);
INSERT INTO `tr_laporan_sakit` (`id_laporan`, `tgl_lapor`, `id_wilayah`, `id_hewan`, `jumlah_gejala`) VALUES ('LAP-0021', '08/07/24', 34, 'H4-001', 40.0);
INSERT INTO `tr_laporan_sakit` (`id_laporan`, `tgl_lapor`, `id_wilayah`, `id_hewan`, `jumlah_gejala`) VALUES ('LAP-0022', '11/02/24', 25, 'H4-001', NULL);
INSERT INTO `tr_laporan_sakit` (`id_laporan`, `tgl_lapor`, `id_wilayah`, `id_hewan`, `jumlah_gejala`) VALUES ('LAP-0023', '03/20/25', 38, 'H4-001', 38.0);
INSERT INTO `tr_laporan_sakit` (`id_laporan`, `tgl_lapor`, `id_wilayah`, `id_hewan`, `jumlah_gejala`) VALUES ('LAP-0024', '05/09/25', 30, 'H2-001', 50.0);
INSERT INTO `tr_laporan_sakit` (`id_laporan`, `tgl_lapor`, `id_wilayah`, `id_hewan`, `jumlah_gejala`) VALUES ('LAP-0025', '12/28/25', 5, 'H4-001', 32.0);
INSERT INTO `tr_laporan_sakit` (`id_laporan`, `tgl_lapor`, `id_wilayah`, `id_hewan`, `jumlah_gejala`) VALUES ('LAP-0026', '10/07/24', 16, 'H4-001', NULL);
INSERT INTO `tr_laporan_sakit` (`id_laporan`, `tgl_lapor`, `id_wilayah`, `id_hewan`, `jumlah_gejala`) VALUES ('LAP-0027', '02/10/24', 26, 'H4-001', 10.0);
INSERT INTO `tr_laporan_sakit` (`id_laporan`, `tgl_lapor`, `id_wilayah`, `id_hewan`, `jumlah_gejala`) VALUES ('LAP-0028', '05/24/25', 31, 'H4-001', 7.0);
INSERT INTO `tr_laporan_sakit` (`id_laporan`, `tgl_lapor`, `id_wilayah`, `id_hewan`, `jumlah_gejala`) VALUES ('LAP-0029', '12/13/24', 19, 'H2-001', 26.0);
INSERT INTO `tr_laporan_sakit` (`id_laporan`, `tgl_lapor`, `id_wilayah`, `id_hewan`, `jumlah_gejala`) VALUES ('LAP-0030', '11/30/24', 27, 'H4-001', 3.0);
INSERT INTO `tr_laporan_sakit` (`id_laporan`, `tgl_lapor`, `id_wilayah`, `id_hewan`, `jumlah_gejala`) VALUES ('LAP-0031', '08/28/24', 16, 'H2-001', 44.0);
INSERT INTO `tr_laporan_sakit` (`id_laporan`, `tgl_lapor`, `id_wilayah`, `id_hewan`, `jumlah_gejala`) VALUES ('LAP-0032', '06/04/25', 22, 'H4-001', 8.0);
INSERT INTO `tr_laporan_sakit` (`id_laporan`, `tgl_lapor`, `id_wilayah`, `id_hewan`, `jumlah_gejala`) VALUES ('LAP-0033', '01/12/24', 13, 'H4-001', NULL);
INSERT INTO `tr_laporan_sakit` (`id_laporan`, `tgl_lapor`, `id_wilayah`, `id_hewan`, `jumlah_gejala`) VALUES ('LAP-0034', '04/22/25', 33, 'H4-001', 28.0);
INSERT INTO `tr_laporan_sakit` (`id_laporan`, `tgl_lapor`, `id_wilayah`, `id_hewan`, `jumlah_gejala`) VALUES ('LAP-0035', '03/03/24', 2, 'H2-001', 7.0);
INSERT INTO `tr_laporan_sakit` (`id_laporan`, `tgl_lapor`, `id_wilayah`, `id_hewan`, `jumlah_gejala`) VALUES ('LAP-0036', '06/20/25', 36, 'H4-001', 50.0);
INSERT INTO `tr_laporan_sakit` (`id_laporan`, `tgl_lapor`, `id_wilayah`, `id_hewan`, `jumlah_gejala`) VALUES ('LAP-0037', '11/27/25', 29, 'H2-001', 31.0);
INSERT INTO `tr_laporan_sakit` (`id_laporan`, `tgl_lapor`, `id_wilayah`, `id_hewan`, `jumlah_gejala`) VALUES ('LAP-0038', '06/22/24', 24, 'H4-001', 1.0);
INSERT INTO `tr_laporan_sakit` (`id_laporan`, `tgl_lapor`, `id_wilayah`, `id_hewan`, `jumlah_gejala`) VALUES ('LAP-0039', '12/22/24', 25, 'H2-001', NULL);
INSERT INTO `tr_laporan_sakit` (`id_laporan`, `tgl_lapor`, `id_wilayah`, `id_hewan`, `jumlah_gejala`) VALUES ('LAP-0040', '02/02/25', 16, 'H4-001', 32.0);
INSERT INTO `tr_laporan_sakit` (`id_laporan`, `tgl_lapor`, `id_wilayah`, `id_hewan`, `jumlah_gejala`) VALUES ('LAP-0041', '02/06/24', 9, 'H2-001', 38.0);
INSERT INTO `tr_laporan_sakit` (`id_laporan`, `tgl_lapor`, `id_wilayah`, `id_hewan`, `jumlah_gejala`) VALUES ('LAP-0042', '06/04/24', 34, 'H2-001', 1.0);
INSERT INTO `tr_laporan_sakit` (`id_laporan`, `tgl_lapor`, `id_wilayah`, `id_hewan`, `jumlah_gejala`) VALUES ('LAP-0043', '05/29/25', 32, 'H4-001', NULL);
INSERT INTO `tr_laporan_sakit` (`id_laporan`, `tgl_lapor`, `id_wilayah`, `id_hewan`, `jumlah_gejala`) VALUES ('LAP-0044', '05/31/24', 14, 'H4-001', 41.0);
INSERT INTO `tr_laporan_sakit` (`id_laporan`, `tgl_lapor`, `id_wilayah`, `id_hewan`, `jumlah_gejala`) VALUES ('LAP-0045', '10/24/25', 14, 'H4-001', 49.0);
INSERT INTO `tr_laporan_sakit` (`id_laporan`, `tgl_lapor`, `id_wilayah`, `id_hewan`, `jumlah_gejala`) VALUES ('LAP-0046', '01/29/25', 6, 'H2-001', 46.0);
INSERT INTO `tr_laporan_sakit` (`id_laporan`, `tgl_lapor`, `id_wilayah`, `id_hewan`, `jumlah_gejala`) VALUES ('LAP-0047', '09/27/24', 25, 'H4-001', 18.0);
INSERT INTO `tr_laporan_sakit` (`id_laporan`, `tgl_lapor`, `id_wilayah`, `id_hewan`, `jumlah_gejala`) VALUES ('LAP-0048', '12/26/25', 17, 'H4-001', 25.0);
INSERT INTO `tr_laporan_sakit` (`id_laporan`, `tgl_lapor`, `id_wilayah`, `id_hewan`, `jumlah_gejala`) VALUES ('LAP-0049', '05/25/25', 32, 'H4-001', 12.0);
INSERT INTO `tr_laporan_sakit` (`id_laporan`, `tgl_lapor`, `id_wilayah`, `id_hewan`, `jumlah_gejala`) VALUES ('LAP-0050', '10/07/24', 24, 'H2-001', NULL);
INSERT INTO `tr_laporan_sakit` (`id_laporan`, `tgl_lapor`, `id_wilayah`, `id_hewan`, `jumlah_gejala`) VALUES ('LAP-0051', '08/06/24', 21, 'H4-001', 2.0);
INSERT INTO `tr_laporan_sakit` (`id_laporan`, `tgl_lapor`, `id_wilayah`, `id_hewan`, `jumlah_gejala`) VALUES ('LAP-0052', '10/21/24', 6, 'H2-001', 28.0);
INSERT INTO `tr_laporan_sakit` (`id_laporan`, `tgl_lapor`, `id_wilayah`, `id_hewan`, `jumlah_gejala`) VALUES ('LAP-0053', '12/02/24', 10, 'H2-001', 8.0);
INSERT INTO `tr_laporan_sakit` (`id_laporan`, `tgl_lapor`, `id_wilayah`, `id_hewan`, `jumlah_gejala`) VALUES ('LAP-0054', '05/15/25', 29, 'H4-001', 9.0);
INSERT INTO `tr_laporan_sakit` (`id_laporan`, `tgl_lapor`, `id_wilayah`, `id_hewan`, `jumlah_gejala`) VALUES ('LAP-0055', '08/12/25', 4, 'H4-001', NULL);
INSERT INTO `tr_laporan_sakit` (`id_laporan`, `tgl_lapor`, `id_wilayah`, `id_hewan`, `jumlah_gejala`) VALUES ('LAP-0056', '08/28/24', 27, 'H4-001', 18.0);
INSERT INTO `tr_laporan_sakit` (`id_laporan`, `tgl_lapor`, `id_wilayah`, `id_hewan`, `jumlah_gejala`) VALUES ('LAP-0057', '03/29/25', 24, 'H2-001', 24.0);
INSERT INTO `tr_laporan_sakit` (`id_laporan`, `tgl_lapor`, `id_wilayah`, `id_hewan`, `jumlah_gejala`) VALUES ('LAP-0058', '04/25/24', 4, 'H2-001', 45.0);
INSERT INTO `tr_laporan_sakit` (`id_laporan`, `tgl_lapor`, `id_wilayah`, `id_hewan`, `jumlah_gejala`) VALUES ('LAP-0059', '12/25/24', 38, 'H4-001', 44.0);
INSERT INTO `tr_laporan_sakit` (`id_laporan`, `tgl_lapor`, `id_wilayah`, `id_hewan`, `jumlah_gejala`) VALUES ('LAP-0060', '02/23/25', 18, 'H2-001', 8.0);
INSERT INTO `tr_laporan_sakit` (`id_laporan`, `tgl_lapor`, `id_wilayah`, `id_hewan`, `jumlah_gejala`) VALUES ('LAP-0061', '06/13/25', 6, 'H4-001', 4.0);
INSERT INTO `tr_laporan_sakit` (`id_laporan`, `tgl_lapor`, `id_wilayah`, `id_hewan`, `jumlah_gejala`) VALUES ('LAP-0062', '09/10/25', 8, 'H4-001', 21.0);
INSERT INTO `tr_laporan_sakit` (`id_laporan`, `tgl_lapor`, `id_wilayah`, `id_hewan`, `jumlah_gejala`) VALUES ('LAP-0063', '07/18/24', 12, 'H2-001', 9.0);
INSERT INTO `tr_laporan_sakit` (`id_laporan`, `tgl_lapor`, `id_wilayah`, `id_hewan`, `jumlah_gejala`) VALUES ('LAP-0064', '02/09/24', 1, 'H2-001', 5.0);
INSERT INTO `tr_laporan_sakit` (`id_laporan`, `tgl_lapor`, `id_wilayah`, `id_hewan`, `jumlah_gejala`) VALUES ('LAP-0065', '08/25/24', 24, 'H4-001', 36.0);
INSERT INTO `tr_laporan_sakit` (`id_laporan`, `tgl_lapor`, `id_wilayah`, `id_hewan`, `jumlah_gejala`) VALUES ('LAP-0066', '08/31/24', 38, 'H4-001', 50.0);
INSERT INTO `tr_laporan_sakit` (`id_laporan`, `tgl_lapor`, `id_wilayah`, `id_hewan`, `jumlah_gejala`) VALUES ('LAP-0067', '03/13/25', 29, 'H4-001', 28.0);
INSERT INTO `tr_laporan_sakit` (`id_laporan`, `tgl_lapor`, `id_wilayah`, `id_hewan`, `jumlah_gejala`) VALUES ('LAP-0068', '09/26/25', 17, 'H2-001', 47.0);
INSERT INTO `tr_laporan_sakit` (`id_laporan`, `tgl_lapor`, `id_wilayah`, `id_hewan`, `jumlah_gejala`) VALUES ('LAP-0069', '01/08/24', 18, 'H4-001', 39.0);
INSERT INTO `tr_laporan_sakit` (`id_laporan`, `tgl_lapor`, `id_wilayah`, `id_hewan`, `jumlah_gejala`) VALUES ('LAP-0070', '07/28/24', 10, 'H2-001', 35.0);
INSERT INTO `tr_laporan_sakit` (`id_laporan`, `tgl_lapor`, `id_wilayah`, `id_hewan`, `jumlah_gejala`) VALUES ('LAP-0071', '07/01/25', 1, 'H2-001', 18.0);
INSERT INTO `tr_laporan_sakit` (`id_laporan`, `tgl_lapor`, `id_wilayah`, `id_hewan`, `jumlah_gejala`) VALUES ('LAP-0072', '04/10/24', 2, 'H2-001', 15.0);
INSERT INTO `tr_laporan_sakit` (`id_laporan`, `tgl_lapor`, `id_wilayah`, `id_hewan`, `jumlah_gejala`) VALUES ('LAP-0073', '08/23/25', 12, 'H4-001', 8.0);
INSERT INTO `tr_laporan_sakit` (`id_laporan`, `tgl_lapor`, `id_wilayah`, `id_hewan`, `jumlah_gejala`) VALUES ('LAP-0074', '06/07/24', 16, 'H2-001', NULL);
INSERT INTO `tr_laporan_sakit` (`id_laporan`, `tgl_lapor`, `id_wilayah`, `id_hewan`, `jumlah_gejala`) VALUES ('LAP-0075', '03/20/24', 8, 'H2-001', 24.0);
INSERT INTO `tr_laporan_sakit` (`id_laporan`, `tgl_lapor`, `id_wilayah`, `id_hewan`, `jumlah_gejala`) VALUES ('LAP-0076', '07/29/24', 35, 'H2-001', 17.0);
INSERT INTO `tr_laporan_sakit` (`id_laporan`, `tgl_lapor`, `id_wilayah`, `id_hewan`, `jumlah_gejala`) VALUES ('LAP-0077', '04/03/25', 28, 'H4-001', 15.0);
INSERT INTO `tr_laporan_sakit` (`id_laporan`, `tgl_lapor`, `id_wilayah`, `id_hewan`, `jumlah_gejala`) VALUES ('LAP-0078', '12/02/25', 15, 'H2-001', NULL);
INSERT INTO `tr_laporan_sakit` (`id_laporan`, `tgl_lapor`, `id_wilayah`, `id_hewan`, `jumlah_gejala`) VALUES ('LAP-0079', '01/17/24', 10, 'H4-001', 43.0);
INSERT INTO `tr_laporan_sakit` (`id_laporan`, `tgl_lapor`, `id_wilayah`, `id_hewan`, `jumlah_gejala`) VALUES ('LAP-0080', '08/05/25', 8, 'H2-001', NULL);
INSERT INTO `tr_laporan_sakit` (`id_laporan`, `tgl_lapor`, `id_wilayah`, `id_hewan`, `jumlah_gejala`) VALUES ('LAP-0081', '02/26/25', 1, 'H2-001', NULL);
INSERT INTO `tr_laporan_sakit` (`id_laporan`, `tgl_lapor`, `id_wilayah`, `id_hewan`, `jumlah_gejala`) VALUES ('LAP-0082', '06/25/25', 27, 'H4-001', 6.0);
INSERT INTO `tr_laporan_sakit` (`id_laporan`, `tgl_lapor`, `id_wilayah`, `id_hewan`, `jumlah_gejala`) VALUES ('LAP-0083', '04/01/25', 27, 'H4-001', NULL);
INSERT INTO `tr_laporan_sakit` (`id_laporan`, `tgl_lapor`, `id_wilayah`, `id_hewan`, `jumlah_gejala`) VALUES ('LAP-0084', '03/25/24', 37, 'H2-001', 8.0);
INSERT INTO `tr_laporan_sakit` (`id_laporan`, `tgl_lapor`, `id_wilayah`, `id_hewan`, `jumlah_gejala`) VALUES ('LAP-0085', '01/31/24', 28, 'H2-001', 26.0);
INSERT INTO `tr_laporan_sakit` (`id_laporan`, `tgl_lapor`, `id_wilayah`, `id_hewan`, `jumlah_gejala`) VALUES ('LAP-0086', '09/23/25', 7, 'H2-001', 32.0);
INSERT INTO `tr_laporan_sakit` (`id_laporan`, `tgl_lapor`, `id_wilayah`, `id_hewan`, `jumlah_gejala`) VALUES ('LAP-0087', '11/19/24', 16, 'H2-001', 17.0);
INSERT INTO `tr_laporan_sakit` (`id_laporan`, `tgl_lapor`, `id_wilayah`, `id_hewan`, `jumlah_gejala`) VALUES ('LAP-0088', '10/03/24', 19, 'H4-001', 10.0);
INSERT INTO `tr_laporan_sakit` (`id_laporan`, `tgl_lapor`, `id_wilayah`, `id_hewan`, `jumlah_gejala`) VALUES ('LAP-0089', '04/17/25', 14, 'H2-001', 43.0);
INSERT INTO `tr_laporan_sakit` (`id_laporan`, `tgl_lapor`, `id_wilayah`, `id_hewan`, `jumlah_gejala`) VALUES ('LAP-0090', '03/07/25', 19, 'H4-001', 46.0);
INSERT INTO `tr_laporan_sakit` (`id_laporan`, `tgl_lapor`, `id_wilayah`, `id_hewan`, `jumlah_gejala`) VALUES ('LAP-0091', '08/22/24', 33, 'H2-001', 22.0);
INSERT INTO `tr_laporan_sakit` (`id_laporan`, `tgl_lapor`, `id_wilayah`, `id_hewan`, `jumlah_gejala`) VALUES ('LAP-0092', '05/18/25', 29, 'H4-001', 7.0);
INSERT INTO `tr_laporan_sakit` (`id_laporan`, `tgl_lapor`, `id_wilayah`, `id_hewan`, `jumlah_gejala`) VALUES ('LAP-0093', '01/25/24', 33, 'H4-001', 37.0);
INSERT INTO `tr_laporan_sakit` (`id_laporan`, `tgl_lapor`, `id_wilayah`, `id_hewan`, `jumlah_gejala`) VALUES ('LAP-0094', '10/10/25', 36, 'H4-001', 32.0);
INSERT INTO `tr_laporan_sakit` (`id_laporan`, `tgl_lapor`, `id_wilayah`, `id_hewan`, `jumlah_gejala`) VALUES ('LAP-0095', '05/23/24', 17, 'H4-001', 14.0);
INSERT INTO `tr_laporan_sakit` (`id_laporan`, `tgl_lapor`, `id_wilayah`, `id_hewan`, `jumlah_gejala`) VALUES ('LAP-0096', '02/24/25', 19, 'H2-001', 39.0);
INSERT INTO `tr_laporan_sakit` (`id_laporan`, `tgl_lapor`, `id_wilayah`, `id_hewan`, `jumlah_gejala`) VALUES ('LAP-0097', '07/07/24', 27, 'H2-001', 8.0);
INSERT INTO `tr_laporan_sakit` (`id_laporan`, `tgl_lapor`, `id_wilayah`, `id_hewan`, `jumlah_gejala`) VALUES ('LAP-0098', '09/13/24', 32, 'H2-001', 46.0);
INSERT INTO `tr_laporan_sakit` (`id_laporan`, `tgl_lapor`, `id_wilayah`, `id_hewan`, `jumlah_gejala`) VALUES ('LAP-0099', '07/01/25', 25, 'H4-001', 29.0);
INSERT INTO `tr_laporan_sakit` (`id_laporan`, `tgl_lapor`, `id_wilayah`, `id_hewan`, `jumlah_gejala`) VALUES ('LAP-0100', '06/30/25', 3, 'H2-001', 15.0);
INSERT INTO `tr_laporan_sakit` (`id_laporan`, `tgl_lapor`, `id_wilayah`, `id_hewan`, `jumlah_gejala`) VALUES ('LAP-0101', '12/29/24', 7, 'H4-001', 37.0);
INSERT INTO `tr_laporan_sakit` (`id_laporan`, `tgl_lapor`, `id_wilayah`, `id_hewan`, `jumlah_gejala`) VALUES ('LAP-0102', '01/26/24', 38, 'H2-001', 20.0);
INSERT INTO `tr_laporan_sakit` (`id_laporan`, `tgl_lapor`, `id_wilayah`, `id_hewan`, `jumlah_gejala`) VALUES ('LAP-0103', '03/18/24', 2, 'H4-001', 40.0);
INSERT INTO `tr_laporan_sakit` (`id_laporan`, `tgl_lapor`, `id_wilayah`, `id_hewan`, `jumlah_gejala`) VALUES ('LAP-0104', '12/18/25', 24, 'H2-001', 17.0);
INSERT INTO `tr_laporan_sakit` (`id_laporan`, `tgl_lapor`, `id_wilayah`, `id_hewan`, `jumlah_gejala`) VALUES ('LAP-0105', '10/05/25', 30, 'H4-001', 13.0);
INSERT INTO `tr_laporan_sakit` (`id_laporan`, `tgl_lapor`, `id_wilayah`, `id_hewan`, `jumlah_gejala`) VALUES ('LAP-0106', '08/04/24', 30, 'H2-001', 39.0);
INSERT INTO `tr_laporan_sakit` (`id_laporan`, `tgl_lapor`, `id_wilayah`, `id_hewan`, `jumlah_gejala`) VALUES ('LAP-0107', '03/29/24', 11, 'H4-001', 24.0);
INSERT INTO `tr_laporan_sakit` (`id_laporan`, `tgl_lapor`, `id_wilayah`, `id_hewan`, `jumlah_gejala`) VALUES ('LAP-0108', '04/19/25', 27, 'H4-001', NULL);
INSERT INTO `tr_laporan_sakit` (`id_laporan`, `tgl_lapor`, `id_wilayah`, `id_hewan`, `jumlah_gejala`) VALUES ('LAP-0109', '01/17/25', 6, 'H4-001', 15.0);
INSERT INTO `tr_laporan_sakit` (`id_laporan`, `tgl_lapor`, `id_wilayah`, `id_hewan`, `jumlah_gejala`) VALUES ('LAP-0110', '01/02/25', 2, 'H4-001', 43.0);
INSERT INTO `tr_laporan_sakit` (`id_laporan`, `tgl_lapor`, `id_wilayah`, `id_hewan`, `jumlah_gejala`) VALUES ('LAP-0111', '11/26/24', 28, 'H4-001', 48.0);
INSERT INTO `tr_laporan_sakit` (`id_laporan`, `tgl_lapor`, `id_wilayah`, `id_hewan`, `jumlah_gejala`) VALUES ('LAP-0112', '09/12/24', 6, 'H2-001', 47.0);
INSERT INTO `tr_laporan_sakit` (`id_laporan`, `tgl_lapor`, `id_wilayah`, `id_hewan`, `jumlah_gejala`) VALUES ('LAP-0113', '10/25/25', 37, 'H4-001', 3.0);
INSERT INTO `tr_laporan_sakit` (`id_laporan`, `tgl_lapor`, `id_wilayah`, `id_hewan`, `jumlah_gejala`) VALUES ('LAP-0114', '08/03/24', 21, 'H2-001', 43.0);
INSERT INTO `tr_laporan_sakit` (`id_laporan`, `tgl_lapor`, `id_wilayah`, `id_hewan`, `jumlah_gejala`) VALUES ('LAP-0115', '01/18/24', 22, 'H4-001', 14.0);
INSERT INTO `tr_laporan_sakit` (`id_laporan`, `tgl_lapor`, `id_wilayah`, `id_hewan`, `jumlah_gejala`) VALUES ('LAP-0116', '07/10/25', 1, 'H2-001', 46.0);
INSERT INTO `tr_laporan_sakit` (`id_laporan`, `tgl_lapor`, `id_wilayah`, `id_hewan`, `jumlah_gejala`) VALUES ('LAP-0117', '12/25/24', 25, 'H2-001', 33.0);
INSERT INTO `tr_laporan_sakit` (`id_laporan`, `tgl_lapor`, `id_wilayah`, `id_hewan`, `jumlah_gejala`) VALUES ('LAP-0118', '01/14/24', 19, 'H2-001', 15.0);
INSERT INTO `tr_laporan_sakit` (`id_laporan`, `tgl_lapor`, `id_wilayah`, `id_hewan`, `jumlah_gejala`) VALUES ('LAP-0119', '04/22/25', 29, 'H2-001', 37.0);
INSERT INTO `tr_laporan_sakit` (`id_laporan`, `tgl_lapor`, `id_wilayah`, `id_hewan`, `jumlah_gejala`) VALUES ('LAP-0120', '01/17/25', 15, 'H4-001', 36.0);
INSERT INTO `tr_laporan_sakit` (`id_laporan`, `tgl_lapor`, `id_wilayah`, `id_hewan`, `jumlah_gejala`) VALUES ('LAP-0121', '12/28/25', 12, 'H2-001', NULL);
INSERT INTO `tr_laporan_sakit` (`id_laporan`, `tgl_lapor`, `id_wilayah`, `id_hewan`, `jumlah_gejala`) VALUES ('LAP-0122', '01/07/25', 30, 'H2-001', 20.0);
INSERT INTO `tr_laporan_sakit` (`id_laporan`, `tgl_lapor`, `id_wilayah`, `id_hewan`, `jumlah_gejala`) VALUES ('LAP-0123', '02/06/25', 8, 'H2-001', 42.0);
INSERT INTO `tr_laporan_sakit` (`id_laporan`, `tgl_lapor`, `id_wilayah`, `id_hewan`, `jumlah_gejala`) VALUES ('LAP-0124', '03/19/24', 11, 'H4-001', 42.0);
INSERT INTO `tr_laporan_sakit` (`id_laporan`, `tgl_lapor`, `id_wilayah`, `id_hewan`, `jumlah_gejala`) VALUES ('LAP-0125', '03/05/24', 7, 'H4-001', 21.0);
INSERT INTO `tr_laporan_sakit` (`id_laporan`, `tgl_lapor`, `id_wilayah`, `id_hewan`, `jumlah_gejala`) VALUES ('LAP-0126', '05/23/24', 21, 'H4-001', 13.0);
INSERT INTO `tr_laporan_sakit` (`id_laporan`, `tgl_lapor`, `id_wilayah`, `id_hewan`, `jumlah_gejala`) VALUES ('LAP-0127', '06/24/24', 8, 'H2-001', 47.0);
INSERT INTO `tr_laporan_sakit` (`id_laporan`, `tgl_lapor`, `id_wilayah`, `id_hewan`, `jumlah_gejala`) VALUES ('LAP-0128', '07/25/24', 6, 'H2-001', 50.0);
INSERT INTO `tr_laporan_sakit` (`id_laporan`, `tgl_lapor`, `id_wilayah`, `id_hewan`, `jumlah_gejala`) VALUES ('LAP-0129', '01/01/24', 26, 'H2-001', 36.0);
INSERT INTO `tr_laporan_sakit` (`id_laporan`, `tgl_lapor`, `id_wilayah`, `id_hewan`, `jumlah_gejala`) VALUES ('LAP-0130', '02/29/24', 32, 'H2-001', 24.0);
INSERT INTO `tr_laporan_sakit` (`id_laporan`, `tgl_lapor`, `id_wilayah`, `id_hewan`, `jumlah_gejala`) VALUES ('LAP-0131', '09/03/24', 31, 'H4-001', 17.0);
INSERT INTO `tr_laporan_sakit` (`id_laporan`, `tgl_lapor`, `id_wilayah`, `id_hewan`, `jumlah_gejala`) VALUES ('LAP-0132', '09/25/24', 16, 'H4-001', 37.0);
INSERT INTO `tr_laporan_sakit` (`id_laporan`, `tgl_lapor`, `id_wilayah`, `id_hewan`, `jumlah_gejala`) VALUES ('LAP-0133', '06/10/24', 38, 'H2-001', 38.0);
INSERT INTO `tr_laporan_sakit` (`id_laporan`, `tgl_lapor`, `id_wilayah`, `id_hewan`, `jumlah_gejala`) VALUES ('LAP-0134', '05/29/24', 25, 'H4-001', 18.0);
INSERT INTO `tr_laporan_sakit` (`id_laporan`, `tgl_lapor`, `id_wilayah`, `id_hewan`, `jumlah_gejala`) VALUES ('LAP-0135', '07/12/25', 18, 'H2-001', 30.0);
INSERT INTO `tr_laporan_sakit` (`id_laporan`, `tgl_lapor`, `id_wilayah`, `id_hewan`, `jumlah_gejala`) VALUES ('LAP-0136', '03/17/24', 11, 'H4-001', 5.0);
INSERT INTO `tr_laporan_sakit` (`id_laporan`, `tgl_lapor`, `id_wilayah`, `id_hewan`, `jumlah_gejala`) VALUES ('LAP-0137', '06/08/25', 30, 'H2-001', 1.0);
INSERT INTO `tr_laporan_sakit` (`id_laporan`, `tgl_lapor`, `id_wilayah`, `id_hewan`, `jumlah_gejala`) VALUES ('LAP-0138', '04/07/24', 16, 'H2-001', 46.0);
INSERT INTO `tr_laporan_sakit` (`id_laporan`, `tgl_lapor`, `id_wilayah`, `id_hewan`, `jumlah_gejala`) VALUES ('LAP-0139', '06/15/24', 34, 'H4-001', 8.0);
INSERT INTO `tr_laporan_sakit` (`id_laporan`, `tgl_lapor`, `id_wilayah`, `id_hewan`, `jumlah_gejala`) VALUES ('LAP-0140', '07/16/24', 20, 'H2-001', 43.0);
INSERT INTO `tr_laporan_sakit` (`id_laporan`, `tgl_lapor`, `id_wilayah`, `id_hewan`, `jumlah_gejala`) VALUES ('LAP-0141', '08/09/25', 32, 'H4-001', 46.0);
INSERT INTO `tr_laporan_sakit` (`id_laporan`, `tgl_lapor`, `id_wilayah`, `id_hewan`, `jumlah_gejala`) VALUES ('LAP-0142', '02/09/25', 25, 'H2-001', 46.0);
INSERT INTO `tr_laporan_sakit` (`id_laporan`, `tgl_lapor`, `id_wilayah`, `id_hewan`, `jumlah_gejala`) VALUES ('LAP-0143', '12/01/24', 14, 'H4-001', 21.0);
INSERT INTO `tr_laporan_sakit` (`id_laporan`, `tgl_lapor`, `id_wilayah`, `id_hewan`, `jumlah_gejala`) VALUES ('LAP-0144', '05/01/25', 34, 'H2-001', 35.0);
INSERT INTO `tr_laporan_sakit` (`id_laporan`, `tgl_lapor`, `id_wilayah`, `id_hewan`, `jumlah_gejala`) VALUES ('LAP-0145', '01/24/24', 9, 'H2-001', 8.0);
INSERT INTO `tr_laporan_sakit` (`id_laporan`, `tgl_lapor`, `id_wilayah`, `id_hewan`, `jumlah_gejala`) VALUES ('LAP-0146', '03/12/24', 32, 'H4-001', 31.0);
INSERT INTO `tr_laporan_sakit` (`id_laporan`, `tgl_lapor`, `id_wilayah`, `id_hewan`, `jumlah_gejala`) VALUES ('LAP-0147', '04/30/25', 22, 'H4-001', NULL);
INSERT INTO `tr_laporan_sakit` (`id_laporan`, `tgl_lapor`, `id_wilayah`, `id_hewan`, `jumlah_gejala`) VALUES ('LAP-0148', '09/12/24', 1, 'H2-001', 13.0);
INSERT INTO `tr_laporan_sakit` (`id_laporan`, `tgl_lapor`, `id_wilayah`, `id_hewan`, `jumlah_gejala`) VALUES ('LAP-0149', '10/31/24', 12, 'H2-001', 47.0);
INSERT INTO `tr_laporan_sakit` (`id_laporan`, `tgl_lapor`, `id_wilayah`, `id_hewan`, `jumlah_gejala`) VALUES ('LAP-0150', '10/23/25', 26, 'H4-001', 48.0);
INSERT INTO `tr_laporan_sakit` (`id_laporan`, `tgl_lapor`, `id_wilayah`, `id_hewan`, `jumlah_gejala`) VALUES ('LAP-0151', '03/13/24', 31, 'H4-001', 10.0);
INSERT INTO `tr_laporan_sakit` (`id_laporan`, `tgl_lapor`, `id_wilayah`, `id_hewan`, `jumlah_gejala`) VALUES ('LAP-0152', '06/28/25', 35, 'H4-001', 12.0);
INSERT INTO `tr_laporan_sakit` (`id_laporan`, `tgl_lapor`, `id_wilayah`, `id_hewan`, `jumlah_gejala`) VALUES ('LAP-0153', '06/07/24', 20, 'H4-001', 46.0);
INSERT INTO `tr_laporan_sakit` (`id_laporan`, `tgl_lapor`, `id_wilayah`, `id_hewan`, `jumlah_gejala`) VALUES ('LAP-0154', '12/01/24', 35, 'H2-001', 40.0);
INSERT INTO `tr_laporan_sakit` (`id_laporan`, `tgl_lapor`, `id_wilayah`, `id_hewan`, `jumlah_gejala`) VALUES ('LAP-0155', '01/08/25', 25, 'H2-001', 41.0);
INSERT INTO `tr_laporan_sakit` (`id_laporan`, `tgl_lapor`, `id_wilayah`, `id_hewan`, `jumlah_gejala`) VALUES ('LAP-0156', '09/26/25', 36, 'H4-001', 7.0);
INSERT INTO `tr_laporan_sakit` (`id_laporan`, `tgl_lapor`, `id_wilayah`, `id_hewan`, `jumlah_gejala`) VALUES ('LAP-0157', '02/05/25', 19, 'H4-001', 3.0);
INSERT INTO `tr_laporan_sakit` (`id_laporan`, `tgl_lapor`, `id_wilayah`, `id_hewan`, `jumlah_gejala`) VALUES ('LAP-0158', '01/07/25', 3, 'H4-001', 5.0);
INSERT INTO `tr_laporan_sakit` (`id_laporan`, `tgl_lapor`, `id_wilayah`, `id_hewan`, `jumlah_gejala`) VALUES ('LAP-0159', '03/20/25', 8, 'H4-001', 27.0);
INSERT INTO `tr_laporan_sakit` (`id_laporan`, `tgl_lapor`, `id_wilayah`, `id_hewan`, `jumlah_gejala`) VALUES ('LAP-0160', '06/10/24', 33, 'H4-001', NULL);
INSERT INTO `tr_laporan_sakit` (`id_laporan`, `tgl_lapor`, `id_wilayah`, `id_hewan`, `jumlah_gejala`) VALUES ('LAP-0161', '08/08/25', 29, 'H2-001', 45.0);
INSERT INTO `tr_laporan_sakit` (`id_laporan`, `tgl_lapor`, `id_wilayah`, `id_hewan`, `jumlah_gejala`) VALUES ('LAP-0162', '12/07/25', 11, 'H4-001', 27.0);
INSERT INTO `tr_laporan_sakit` (`id_laporan`, `tgl_lapor`, `id_wilayah`, `id_hewan`, `jumlah_gejala`) VALUES ('LAP-0163', '09/11/24', 23, 'H4-001', 50.0);
INSERT INTO `tr_laporan_sakit` (`id_laporan`, `tgl_lapor`, `id_wilayah`, `id_hewan`, `jumlah_gejala`) VALUES ('LAP-0164', '06/13/24', 21, 'H2-001', 46.0);
INSERT INTO `tr_laporan_sakit` (`id_laporan`, `tgl_lapor`, `id_wilayah`, `id_hewan`, `jumlah_gejala`) VALUES ('LAP-0165', '09/08/24', 5, 'H2-001', 2.0);
INSERT INTO `tr_laporan_sakit` (`id_laporan`, `tgl_lapor`, `id_wilayah`, `id_hewan`, `jumlah_gejala`) VALUES ('LAP-0166', '01/06/25', 32, 'H4-001', 44.0);
INSERT INTO `tr_laporan_sakit` (`id_laporan`, `tgl_lapor`, `id_wilayah`, `id_hewan`, `jumlah_gejala`) VALUES ('LAP-0167', '12/03/25', 1, 'H2-001', 31.0);
INSERT INTO `tr_laporan_sakit` (`id_laporan`, `tgl_lapor`, `id_wilayah`, `id_hewan`, `jumlah_gejala`) VALUES ('LAP-0168', '12/30/25', 7, 'H4-001', 43.0);
INSERT INTO `tr_laporan_sakit` (`id_laporan`, `tgl_lapor`, `id_wilayah`, `id_hewan`, `jumlah_gejala`) VALUES ('LAP-0169', '03/29/25', 22, 'H4-001', 32.0);
INSERT INTO `tr_laporan_sakit` (`id_laporan`, `tgl_lapor`, `id_wilayah`, `id_hewan`, `jumlah_gejala`) VALUES ('LAP-0170', '10/19/24', 6, 'H2-001', 26.0);
INSERT INTO `tr_laporan_sakit` (`id_laporan`, `tgl_lapor`, `id_wilayah`, `id_hewan`, `jumlah_gejala`) VALUES ('LAP-0171', '08/21/25', 34, 'H4-001', 35.0);
INSERT INTO `tr_laporan_sakit` (`id_laporan`, `tgl_lapor`, `id_wilayah`, `id_hewan`, `jumlah_gejala`) VALUES ('LAP-0172', '03/19/25', 36, 'H2-001', 3.0);
INSERT INTO `tr_laporan_sakit` (`id_laporan`, `tgl_lapor`, `id_wilayah`, `id_hewan`, `jumlah_gejala`) VALUES ('LAP-0173', '01/12/25', 9, 'H2-001', 14.0);
INSERT INTO `tr_laporan_sakit` (`id_laporan`, `tgl_lapor`, `id_wilayah`, `id_hewan`, `jumlah_gejala`) VALUES ('LAP-0174', '12/14/24', 26, 'H4-001', 1.0);
INSERT INTO `tr_laporan_sakit` (`id_laporan`, `tgl_lapor`, `id_wilayah`, `id_hewan`, `jumlah_gejala`) VALUES ('LAP-0175', '09/26/25', 16, 'H4-001', 49.0);
INSERT INTO `tr_laporan_sakit` (`id_laporan`, `tgl_lapor`, `id_wilayah`, `id_hewan`, `jumlah_gejala`) VALUES ('LAP-0176', '11/14/24', 14, 'H4-001', 19.0);
INSERT INTO `tr_laporan_sakit` (`id_laporan`, `tgl_lapor`, `id_wilayah`, `id_hewan`, `jumlah_gejala`) VALUES ('LAP-0177', '08/26/25', 23, 'H4-001', 15.0);
INSERT INTO `tr_laporan_sakit` (`id_laporan`, `tgl_lapor`, `id_wilayah`, `id_hewan`, `jumlah_gejala`) VALUES ('LAP-0178', '12/12/25', 19, 'H4-001', 45.0);
INSERT INTO `tr_laporan_sakit` (`id_laporan`, `tgl_lapor`, `id_wilayah`, `id_hewan`, `jumlah_gejala`) VALUES ('LAP-0179', '12/19/24', 38, 'H2-001', 37.0);
INSERT INTO `tr_laporan_sakit` (`id_laporan`, `tgl_lapor`, `id_wilayah`, `id_hewan`, `jumlah_gejala`) VALUES ('LAP-0180', '02/25/24', 31, 'H2-001', 9.0);
INSERT INTO `tr_laporan_sakit` (`id_laporan`, `tgl_lapor`, `id_wilayah`, `id_hewan`, `jumlah_gejala`) VALUES ('LAP-0181', '11/19/24', 7, 'H2-001', NULL);
INSERT INTO `tr_laporan_sakit` (`id_laporan`, `tgl_lapor`, `id_wilayah`, `id_hewan`, `jumlah_gejala`) VALUES ('LAP-0182', '01/11/24', 26, 'H2-001', 23.0);
INSERT INTO `tr_laporan_sakit` (`id_laporan`, `tgl_lapor`, `id_wilayah`, `id_hewan`, `jumlah_gejala`) VALUES ('LAP-0183', '05/17/24', 9, 'H2-001', 24.0);
INSERT INTO `tr_laporan_sakit` (`id_laporan`, `tgl_lapor`, `id_wilayah`, `id_hewan`, `jumlah_gejala`) VALUES ('LAP-0184', '05/05/24', 35, 'H2-001', 28.0);
INSERT INTO `tr_laporan_sakit` (`id_laporan`, `tgl_lapor`, `id_wilayah`, `id_hewan`, `jumlah_gejala`) VALUES ('LAP-0185', '03/24/25', 2, 'H2-001', 34.0);
INSERT INTO `tr_laporan_sakit` (`id_laporan`, `tgl_lapor`, `id_wilayah`, `id_hewan`, `jumlah_gejala`) VALUES ('LAP-0186', '02/13/24', 10, 'H2-001', 48.0);
INSERT INTO `tr_laporan_sakit` (`id_laporan`, `tgl_lapor`, `id_wilayah`, `id_hewan`, `jumlah_gejala`) VALUES ('LAP-0187', '03/13/24', 37, 'H4-001', 17.0);
INSERT INTO `tr_laporan_sakit` (`id_laporan`, `tgl_lapor`, `id_wilayah`, `id_hewan`, `jumlah_gejala`) VALUES ('LAP-0188', '10/19/24', 6, 'H2-001', NULL);
INSERT INTO `tr_laporan_sakit` (`id_laporan`, `tgl_lapor`, `id_wilayah`, `id_hewan`, `jumlah_gejala`) VALUES ('LAP-0189', '01/22/25', 10, 'H2-001', 28.0);
INSERT INTO `tr_laporan_sakit` (`id_laporan`, `tgl_lapor`, `id_wilayah`, `id_hewan`, `jumlah_gejala`) VALUES ('LAP-0190', '08/20/24', 33, 'H4-001', NULL);
INSERT INTO `tr_laporan_sakit` (`id_laporan`, `tgl_lapor`, `id_wilayah`, `id_hewan`, `jumlah_gejala`) VALUES ('LAP-0191', '03/03/25', 24, 'H2-001', 16.0);
INSERT INTO `tr_laporan_sakit` (`id_laporan`, `tgl_lapor`, `id_wilayah`, `id_hewan`, `jumlah_gejala`) VALUES ('LAP-0192', '08/25/25', 7, 'H4-001', 41.0);
INSERT INTO `tr_laporan_sakit` (`id_laporan`, `tgl_lapor`, `id_wilayah`, `id_hewan`, `jumlah_gejala`) VALUES ('LAP-0193', '10/18/24', 19, 'H4-001', 43.0);
INSERT INTO `tr_laporan_sakit` (`id_laporan`, `tgl_lapor`, `id_wilayah`, `id_hewan`, `jumlah_gejala`) VALUES ('LAP-0194', '08/17/24', 18, 'H4-001', 44.0);
INSERT INTO `tr_laporan_sakit` (`id_laporan`, `tgl_lapor`, `id_wilayah`, `id_hewan`, `jumlah_gejala`) VALUES ('LAP-0195', '02/03/24', 30, 'H2-001', 4.0);
INSERT INTO `tr_laporan_sakit` (`id_laporan`, `tgl_lapor`, `id_wilayah`, `id_hewan`, `jumlah_gejala`) VALUES ('LAP-0196', '09/04/25', 2, 'H4-001', 46.0);
INSERT INTO `tr_laporan_sakit` (`id_laporan`, `tgl_lapor`, `id_wilayah`, `id_hewan`, `jumlah_gejala`) VALUES ('LAP-0197', '03/05/25', 32, 'H4-001', 20.0);
INSERT INTO `tr_laporan_sakit` (`id_laporan`, `tgl_lapor`, `id_wilayah`, `id_hewan`, `jumlah_gejala`) VALUES ('LAP-0198', '06/29/24', 33, 'H4-001', 19.0);
INSERT INTO `tr_laporan_sakit` (`id_laporan`, `tgl_lapor`, `id_wilayah`, `id_hewan`, `jumlah_gejala`) VALUES ('LAP-0199', '11/08/25', 12, 'H2-001', 8.0);
INSERT INTO `tr_laporan_sakit` (`id_laporan`, `tgl_lapor`, `id_wilayah`, `id_hewan`, `jumlah_gejala`) VALUES ('LAP-0200', '02/01/25', 1, 'H2-001', 6.0);
INSERT INTO `tr_laporan_sakit` (`id_laporan`, `tgl_lapor`, `id_wilayah`, `id_hewan`, `jumlah_gejala`) VALUES ('LAP-0201', '04/13/25', 10, 'H4-001', 48.0);
INSERT INTO `tr_laporan_sakit` (`id_laporan`, `tgl_lapor`, `id_wilayah`, `id_hewan`, `jumlah_gejala`) VALUES ('LAP-0202', '10/21/25', 37, 'H4-001', 10.0);
INSERT INTO `tr_laporan_sakit` (`id_laporan`, `tgl_lapor`, `id_wilayah`, `id_hewan`, `jumlah_gejala`) VALUES ('LAP-0203', '08/29/24', 5, 'H4-001', 1.0);
INSERT INTO `tr_laporan_sakit` (`id_laporan`, `tgl_lapor`, `id_wilayah`, `id_hewan`, `jumlah_gejala`) VALUES ('LAP-0204', '06/16/25', 31, 'H2-001', 45.0);
INSERT INTO `tr_laporan_sakit` (`id_laporan`, `tgl_lapor`, `id_wilayah`, `id_hewan`, `jumlah_gejala`) VALUES ('LAP-0205', '11/07/25', 34, 'H4-001', 31.0);
INSERT INTO `tr_laporan_sakit` (`id_laporan`, `tgl_lapor`, `id_wilayah`, `id_hewan`, `jumlah_gejala`) VALUES ('LAP-0206', '09/11/25', 19, 'H2-001', 12.0);
INSERT INTO `tr_laporan_sakit` (`id_laporan`, `tgl_lapor`, `id_wilayah`, `id_hewan`, `jumlah_gejala`) VALUES ('LAP-0207', '12/23/24', 21, 'H2-001', 12.0);
INSERT INTO `tr_laporan_sakit` (`id_laporan`, `tgl_lapor`, `id_wilayah`, `id_hewan`, `jumlah_gejala`) VALUES ('LAP-0208', '10/03/24', 17, 'H4-001', 36.0);
INSERT INTO `tr_laporan_sakit` (`id_laporan`, `tgl_lapor`, `id_wilayah`, `id_hewan`, `jumlah_gejala`) VALUES ('LAP-0209', '02/03/24', 12, 'H2-001', 1.0);
INSERT INTO `tr_laporan_sakit` (`id_laporan`, `tgl_lapor`, `id_wilayah`, `id_hewan`, `jumlah_gejala`) VALUES ('LAP-0210', '08/30/24', 36, 'H2-001', 42.0);
INSERT INTO `tr_laporan_sakit` (`id_laporan`, `tgl_lapor`, `id_wilayah`, `id_hewan`, `jumlah_gejala`) VALUES ('LAP-0211', '11/06/24', 36, 'H4-001', 43.0);
INSERT INTO `tr_laporan_sakit` (`id_laporan`, `tgl_lapor`, `id_wilayah`, `id_hewan`, `jumlah_gejala`) VALUES ('LAP-0212', '12/22/24', 17, 'H2-001', 18.0);
INSERT INTO `tr_laporan_sakit` (`id_laporan`, `tgl_lapor`, `id_wilayah`, `id_hewan`, `jumlah_gejala`) VALUES ('LAP-0213', '01/30/25', 32, 'H4-001', 39.0);
INSERT INTO `tr_laporan_sakit` (`id_laporan`, `tgl_lapor`, `id_wilayah`, `id_hewan`, `jumlah_gejala`) VALUES ('LAP-0214', '01/11/25', 13, 'H4-001', NULL);
INSERT INTO `tr_laporan_sakit` (`id_laporan`, `tgl_lapor`, `id_wilayah`, `id_hewan`, `jumlah_gejala`) VALUES ('LAP-0215', '08/17/24', 11, 'H2-001', 1.0);
INSERT INTO `tr_laporan_sakit` (`id_laporan`, `tgl_lapor`, `id_wilayah`, `id_hewan`, `jumlah_gejala`) VALUES ('LAP-0216', '07/15/25', 24, 'H4-001', 29.0);
INSERT INTO `tr_laporan_sakit` (`id_laporan`, `tgl_lapor`, `id_wilayah`, `id_hewan`, `jumlah_gejala`) VALUES ('LAP-0217', '08/07/24', 3, 'H2-001', 44.0);
INSERT INTO `tr_laporan_sakit` (`id_laporan`, `tgl_lapor`, `id_wilayah`, `id_hewan`, `jumlah_gejala`) VALUES ('LAP-0218', '09/25/25', 11, 'H2-001', 27.0);
INSERT INTO `tr_laporan_sakit` (`id_laporan`, `tgl_lapor`, `id_wilayah`, `id_hewan`, `jumlah_gejala`) VALUES ('LAP-0219', '01/27/24', 3, 'H4-001', 38.0);
INSERT INTO `tr_laporan_sakit` (`id_laporan`, `tgl_lapor`, `id_wilayah`, `id_hewan`, `jumlah_gejala`) VALUES ('LAP-0220', '01/12/25', 21, 'H2-001', NULL);
INSERT INTO `tr_laporan_sakit` (`id_laporan`, `tgl_lapor`, `id_wilayah`, `id_hewan`, `jumlah_gejala`) VALUES ('LAP-0221', '11/30/25', 9, 'H2-001', 9.0);
INSERT INTO `tr_laporan_sakit` (`id_laporan`, `tgl_lapor`, `id_wilayah`, `id_hewan`, `jumlah_gejala`) VALUES ('LAP-0222', '02/01/25', 13, 'H4-001', 16.0);
INSERT INTO `tr_laporan_sakit` (`id_laporan`, `tgl_lapor`, `id_wilayah`, `id_hewan`, `jumlah_gejala`) VALUES ('LAP-0223', '11/11/24', 25, 'H2-001', NULL);
INSERT INTO `tr_laporan_sakit` (`id_laporan`, `tgl_lapor`, `id_wilayah`, `id_hewan`, `jumlah_gejala`) VALUES ('LAP-0224', '08/22/25', 17, 'H4-001', 17.0);
INSERT INTO `tr_laporan_sakit` (`id_laporan`, `tgl_lapor`, `id_wilayah`, `id_hewan`, `jumlah_gejala`) VALUES ('LAP-0225', '02/13/25', 18, 'H4-001', 44.0);
INSERT INTO `tr_laporan_sakit` (`id_laporan`, `tgl_lapor`, `id_wilayah`, `id_hewan`, `jumlah_gejala`) VALUES ('LAP-0226', '11/23/24', 34, 'H4-001', 49.0);
INSERT INTO `tr_laporan_sakit` (`id_laporan`, `tgl_lapor`, `id_wilayah`, `id_hewan`, `jumlah_gejala`) VALUES ('LAP-0227', '11/02/25', 20, 'H4-001', 2.0);
INSERT INTO `tr_laporan_sakit` (`id_laporan`, `tgl_lapor`, `id_wilayah`, `id_hewan`, `jumlah_gejala`) VALUES ('LAP-0228', '11/20/24', 29, 'H2-001', 12.0);
INSERT INTO `tr_laporan_sakit` (`id_laporan`, `tgl_lapor`, `id_wilayah`, `id_hewan`, `jumlah_gejala`) VALUES ('LAP-0229', '07/25/24', 25, 'H4-001', 20.0);
INSERT INTO `tr_laporan_sakit` (`id_laporan`, `tgl_lapor`, `id_wilayah`, `id_hewan`, `jumlah_gejala`) VALUES ('LAP-0230', '10/04/25', 2, 'H4-001', 47.0);
INSERT INTO `tr_laporan_sakit` (`id_laporan`, `tgl_lapor`, `id_wilayah`, `id_hewan`, `jumlah_gejala`) VALUES ('LAP-0231', '04/21/24', 16, 'H4-001', 7.0);
INSERT INTO `tr_laporan_sakit` (`id_laporan`, `tgl_lapor`, `id_wilayah`, `id_hewan`, `jumlah_gejala`) VALUES ('LAP-0232', '08/12/25', 28, 'H2-001', 34.0);
INSERT INTO `tr_laporan_sakit` (`id_laporan`, `tgl_lapor`, `id_wilayah`, `id_hewan`, `jumlah_gejala`) VALUES ('LAP-0233', '10/06/24', 36, 'H4-001', 39.0);
INSERT INTO `tr_laporan_sakit` (`id_laporan`, `tgl_lapor`, `id_wilayah`, `id_hewan`, `jumlah_gejala`) VALUES ('LAP-0234', '04/22/25', 30, 'H2-001', 27.0);
INSERT INTO `tr_laporan_sakit` (`id_laporan`, `tgl_lapor`, `id_wilayah`, `id_hewan`, `jumlah_gejala`) VALUES ('LAP-0235', '05/25/24', 31, 'H2-001', 48.0);
INSERT INTO `tr_laporan_sakit` (`id_laporan`, `tgl_lapor`, `id_wilayah`, `id_hewan`, `jumlah_gejala`) VALUES ('LAP-0236', '04/25/24', 26, 'H2-001', 46.0);
INSERT INTO `tr_laporan_sakit` (`id_laporan`, `tgl_lapor`, `id_wilayah`, `id_hewan`, `jumlah_gejala`) VALUES ('LAP-0237', '11/29/24', 29, 'H2-001', 29.0);
INSERT INTO `tr_laporan_sakit` (`id_laporan`, `tgl_lapor`, `id_wilayah`, `id_hewan`, `jumlah_gejala`) VALUES ('LAP-0238', '08/14/24', 26, 'H2-001', 10.0);
INSERT INTO `tr_laporan_sakit` (`id_laporan`, `tgl_lapor`, `id_wilayah`, `id_hewan`, `jumlah_gejala`) VALUES ('LAP-0239', '09/07/24', 8, 'H2-001', NULL);
INSERT INTO `tr_laporan_sakit` (`id_laporan`, `tgl_lapor`, `id_wilayah`, `id_hewan`, `jumlah_gejala`) VALUES ('LAP-0240', '01/16/25', 36, 'H4-001', 46.0);
INSERT INTO `tr_laporan_sakit` (`id_laporan`, `tgl_lapor`, `id_wilayah`, `id_hewan`, `jumlah_gejala`) VALUES ('LAP-0241', '04/05/24', 31, 'H4-001', 27.0);
INSERT INTO `tr_laporan_sakit` (`id_laporan`, `tgl_lapor`, `id_wilayah`, `id_hewan`, `jumlah_gejala`) VALUES ('LAP-0242', '09/12/24', 37, 'H2-001', 49.0);
INSERT INTO `tr_laporan_sakit` (`id_laporan`, `tgl_lapor`, `id_wilayah`, `id_hewan`, `jumlah_gejala`) VALUES ('LAP-0243', '03/17/24', 34, 'H4-001', 19.0);
INSERT INTO `tr_laporan_sakit` (`id_laporan`, `tgl_lapor`, `id_wilayah`, `id_hewan`, `jumlah_gejala`) VALUES ('LAP-0244', '12/20/25', 33, 'H4-001', 39.0);
INSERT INTO `tr_laporan_sakit` (`id_laporan`, `tgl_lapor`, `id_wilayah`, `id_hewan`, `jumlah_gejala`) VALUES ('LAP-0245', '12/09/25', 20, 'H2-001', 9.0);
INSERT INTO `tr_laporan_sakit` (`id_laporan`, `tgl_lapor`, `id_wilayah`, `id_hewan`, `jumlah_gejala`) VALUES ('LAP-0246', '08/31/25', 2, 'H4-001', 39.0);
INSERT INTO `tr_laporan_sakit` (`id_laporan`, `tgl_lapor`, `id_wilayah`, `id_hewan`, `jumlah_gejala`) VALUES ('LAP-0247', '07/31/24', 12, 'H4-001', NULL);
INSERT INTO `tr_laporan_sakit` (`id_laporan`, `tgl_lapor`, `id_wilayah`, `id_hewan`, `jumlah_gejala`) VALUES ('LAP-0248', '02/22/24', 11, 'H4-001', 29.0);
INSERT INTO `tr_laporan_sakit` (`id_laporan`, `tgl_lapor`, `id_wilayah`, `id_hewan`, `jumlah_gejala`) VALUES ('LAP-0249', '03/20/24', 13, 'H2-001', 35.0);
INSERT INTO `tr_laporan_sakit` (`id_laporan`, `tgl_lapor`, `id_wilayah`, `id_hewan`, `jumlah_gejala`) VALUES ('LAP-0250', '07/16/24', 2, 'H2-001', 43.0);
INSERT INTO `tr_laporan_sakit` (`id_laporan`, `tgl_lapor`, `id_wilayah`, `id_hewan`, `jumlah_gejala`) VALUES ('LAP-0251', '01/04/25', 5, 'H4-001', 27.0);
INSERT INTO `tr_laporan_sakit` (`id_laporan`, `tgl_lapor`, `id_wilayah`, `id_hewan`, `jumlah_gejala`) VALUES ('LAP-0252', '11/17/24', 29, 'H4-001', NULL);
INSERT INTO `tr_laporan_sakit` (`id_laporan`, `tgl_lapor`, `id_wilayah`, `id_hewan`, `jumlah_gejala`) VALUES ('LAP-0253', '07/01/25', 30, 'H2-001', 39.0);
INSERT INTO `tr_laporan_sakit` (`id_laporan`, `tgl_lapor`, `id_wilayah`, `id_hewan`, `jumlah_gejala`) VALUES ('LAP-0254', '04/26/25', 17, 'H4-001', NULL);
INSERT INTO `tr_laporan_sakit` (`id_laporan`, `tgl_lapor`, `id_wilayah`, `id_hewan`, `jumlah_gejala`) VALUES ('LAP-0255', '11/13/25', 21, 'H2-001', 2.0);
INSERT INTO `tr_laporan_sakit` (`id_laporan`, `tgl_lapor`, `id_wilayah`, `id_hewan`, `jumlah_gejala`) VALUES ('LAP-0256', '11/06/25', 29, 'H2-001', 27.0);
INSERT INTO `tr_laporan_sakit` (`id_laporan`, `tgl_lapor`, `id_wilayah`, `id_hewan`, `jumlah_gejala`) VALUES ('LAP-0257', '02/23/24', 19, 'H2-001', 48.0);
INSERT INTO `tr_laporan_sakit` (`id_laporan`, `tgl_lapor`, `id_wilayah`, `id_hewan`, `jumlah_gejala`) VALUES ('LAP-0258', '11/30/24', 24, 'H2-001', NULL);
INSERT INTO `tr_laporan_sakit` (`id_laporan`, `tgl_lapor`, `id_wilayah`, `id_hewan`, `jumlah_gejala`) VALUES ('LAP-0259', '07/30/24', 7, 'H4-001', NULL);
INSERT INTO `tr_laporan_sakit` (`id_laporan`, `tgl_lapor`, `id_wilayah`, `id_hewan`, `jumlah_gejala`) VALUES ('LAP-0260', '03/01/25', 21, 'H4-001', 8.0);
INSERT INTO `tr_laporan_sakit` (`id_laporan`, `tgl_lapor`, `id_wilayah`, `id_hewan`, `jumlah_gejala`) VALUES ('LAP-0261', '05/19/25', 6, 'H4-001', 10.0);
INSERT INTO `tr_laporan_sakit` (`id_laporan`, `tgl_lapor`, `id_wilayah`, `id_hewan`, `jumlah_gejala`) VALUES ('LAP-0262', '02/12/24', 24, 'H4-001', 4.0);
INSERT INTO `tr_laporan_sakit` (`id_laporan`, `tgl_lapor`, `id_wilayah`, `id_hewan`, `jumlah_gejala`) VALUES ('LAP-0263', '04/08/25', 17, 'H2-001', 12.0);
INSERT INTO `tr_laporan_sakit` (`id_laporan`, `tgl_lapor`, `id_wilayah`, `id_hewan`, `jumlah_gejala`) VALUES ('LAP-0264', '07/26/24', 9, 'H2-001', 11.0);
INSERT INTO `tr_laporan_sakit` (`id_laporan`, `tgl_lapor`, `id_wilayah`, `id_hewan`, `jumlah_gejala`) VALUES ('LAP-0265', '03/06/25', 36, 'H2-001', 47.0);
INSERT INTO `tr_laporan_sakit` (`id_laporan`, `tgl_lapor`, `id_wilayah`, `id_hewan`, `jumlah_gejala`) VALUES ('LAP-0266', '05/14/25', 38, 'H4-001', 32.0);
INSERT INTO `tr_laporan_sakit` (`id_laporan`, `tgl_lapor`, `id_wilayah`, `id_hewan`, `jumlah_gejala`) VALUES ('LAP-0267', '05/21/25', 9, 'H2-001', 25.0);
INSERT INTO `tr_laporan_sakit` (`id_laporan`, `tgl_lapor`, `id_wilayah`, `id_hewan`, `jumlah_gejala`) VALUES ('LAP-0268', '10/20/25', 37, 'H4-001', 3.0);
INSERT INTO `tr_laporan_sakit` (`id_laporan`, `tgl_lapor`, `id_wilayah`, `id_hewan`, `jumlah_gejala`) VALUES ('LAP-0269', '12/31/24', 31, 'H2-001', 50.0);
INSERT INTO `tr_laporan_sakit` (`id_laporan`, `tgl_lapor`, `id_wilayah`, `id_hewan`, `jumlah_gejala`) VALUES ('LAP-0270', '03/13/24', 28, 'H2-001', NULL);
INSERT INTO `tr_laporan_sakit` (`id_laporan`, `tgl_lapor`, `id_wilayah`, `id_hewan`, `jumlah_gejala`) VALUES ('LAP-0271', '02/20/25', 30, 'H4-001', 13.0);
INSERT INTO `tr_laporan_sakit` (`id_laporan`, `tgl_lapor`, `id_wilayah`, `id_hewan`, `jumlah_gejala`) VALUES ('LAP-0272', '10/29/25', 35, 'H2-001', 8.0);
INSERT INTO `tr_laporan_sakit` (`id_laporan`, `tgl_lapor`, `id_wilayah`, `id_hewan`, `jumlah_gejala`) VALUES ('LAP-0273', '08/04/24', 2, 'H2-001', 36.0);
INSERT INTO `tr_laporan_sakit` (`id_laporan`, `tgl_lapor`, `id_wilayah`, `id_hewan`, `jumlah_gejala`) VALUES ('LAP-0274', '03/02/24', 4, 'H2-001', 26.0);
INSERT INTO `tr_laporan_sakit` (`id_laporan`, `tgl_lapor`, `id_wilayah`, `id_hewan`, `jumlah_gejala`) VALUES ('LAP-0275', '09/02/24', 24, 'H2-001', 28.0);
INSERT INTO `tr_laporan_sakit` (`id_laporan`, `tgl_lapor`, `id_wilayah`, `id_hewan`, `jumlah_gejala`) VALUES ('LAP-0276', '09/07/25', 13, 'H4-001', 8.0);
INSERT INTO `tr_laporan_sakit` (`id_laporan`, `tgl_lapor`, `id_wilayah`, `id_hewan`, `jumlah_gejala`) VALUES ('LAP-0277', '05/19/24', 8, 'H4-001', NULL);
INSERT INTO `tr_laporan_sakit` (`id_laporan`, `tgl_lapor`, `id_wilayah`, `id_hewan`, `jumlah_gejala`) VALUES ('LAP-0278', '05/22/24', 26, 'H4-001', 24.0);
INSERT INTO `tr_laporan_sakit` (`id_laporan`, `tgl_lapor`, `id_wilayah`, `id_hewan`, `jumlah_gejala`) VALUES ('LAP-0279', '05/01/25', 3, 'H4-001', 20.0);
INSERT INTO `tr_laporan_sakit` (`id_laporan`, `tgl_lapor`, `id_wilayah`, `id_hewan`, `jumlah_gejala`) VALUES ('LAP-0280', '02/26/24', 12, 'H4-001', 6.0);
INSERT INTO `tr_laporan_sakit` (`id_laporan`, `tgl_lapor`, `id_wilayah`, `id_hewan`, `jumlah_gejala`) VALUES ('LAP-0281', '09/24/24', 13, 'H2-001', NULL);
INSERT INTO `tr_laporan_sakit` (`id_laporan`, `tgl_lapor`, `id_wilayah`, `id_hewan`, `jumlah_gejala`) VALUES ('LAP-0282', '12/07/24', 34, 'H2-001', 47.0);
INSERT INTO `tr_laporan_sakit` (`id_laporan`, `tgl_lapor`, `id_wilayah`, `id_hewan`, `jumlah_gejala`) VALUES ('LAP-0283', '01/01/25', 29, 'H4-001', 19.0);
INSERT INTO `tr_laporan_sakit` (`id_laporan`, `tgl_lapor`, `id_wilayah`, `id_hewan`, `jumlah_gejala`) VALUES ('LAP-0284', '01/26/24', 9, 'H2-001', 4.0);
INSERT INTO `tr_laporan_sakit` (`id_laporan`, `tgl_lapor`, `id_wilayah`, `id_hewan`, `jumlah_gejala`) VALUES ('LAP-0285', '03/22/25', 26, 'H4-001', 49.0);
INSERT INTO `tr_laporan_sakit` (`id_laporan`, `tgl_lapor`, `id_wilayah`, `id_hewan`, `jumlah_gejala`) VALUES ('LAP-0286', '11/24/25', 22, 'H2-001', 43.0);
INSERT INTO `tr_laporan_sakit` (`id_laporan`, `tgl_lapor`, `id_wilayah`, `id_hewan`, `jumlah_gejala`) VALUES ('LAP-0287', '06/04/24', 23, 'H2-001', 36.0);
INSERT INTO `tr_laporan_sakit` (`id_laporan`, `tgl_lapor`, `id_wilayah`, `id_hewan`, `jumlah_gejala`) VALUES ('LAP-0288', '09/28/25', 16, 'H2-001', 13.0);
INSERT INTO `tr_laporan_sakit` (`id_laporan`, `tgl_lapor`, `id_wilayah`, `id_hewan`, `jumlah_gejala`) VALUES ('LAP-0289', '03/15/25', 1, 'H2-001', 10.0);
INSERT INTO `tr_laporan_sakit` (`id_laporan`, `tgl_lapor`, `id_wilayah`, `id_hewan`, `jumlah_gejala`) VALUES ('LAP-0290', '06/13/25', 2, 'H4-001', 11.0);
INSERT INTO `tr_laporan_sakit` (`id_laporan`, `tgl_lapor`, `id_wilayah`, `id_hewan`, `jumlah_gejala`) VALUES ('LAP-0291', '10/21/25', 33, 'H4-001', 36.0);
INSERT INTO `tr_laporan_sakit` (`id_laporan`, `tgl_lapor`, `id_wilayah`, `id_hewan`, `jumlah_gejala`) VALUES ('LAP-0292', '10/31/25', 35, 'H2-001', 24.0);
INSERT INTO `tr_laporan_sakit` (`id_laporan`, `tgl_lapor`, `id_wilayah`, `id_hewan`, `jumlah_gejala`) VALUES ('LAP-0293', '06/15/25', 37, 'H2-001', 1.0);
INSERT INTO `tr_laporan_sakit` (`id_laporan`, `tgl_lapor`, `id_wilayah`, `id_hewan`, `jumlah_gejala`) VALUES ('LAP-0294', '09/18/24', 2, 'H2-001', 49.0);
INSERT INTO `tr_laporan_sakit` (`id_laporan`, `tgl_lapor`, `id_wilayah`, `id_hewan`, `jumlah_gejala`) VALUES ('LAP-0295', '03/30/25', 16, 'H2-001', 15.0);
INSERT INTO `tr_laporan_sakit` (`id_laporan`, `tgl_lapor`, `id_wilayah`, `id_hewan`, `jumlah_gejala`) VALUES ('LAP-0296', '08/23/25', 31, 'H2-001', 42.0);
INSERT INTO `tr_laporan_sakit` (`id_laporan`, `tgl_lapor`, `id_wilayah`, `id_hewan`, `jumlah_gejala`) VALUES ('LAP-0297', '04/29/24', 13, 'H2-001', 5.0);
INSERT INTO `tr_laporan_sakit` (`id_laporan`, `tgl_lapor`, `id_wilayah`, `id_hewan`, `jumlah_gejala`) VALUES ('LAP-0298', '10/08/24', 10, 'H4-001', 42.0);
INSERT INTO `tr_laporan_sakit` (`id_laporan`, `tgl_lapor`, `id_wilayah`, `id_hewan`, `jumlah_gejala`) VALUES ('LAP-0299', '07/17/25', 34, 'H4-001', 47.0);
INSERT INTO `tr_laporan_sakit` (`id_laporan`, `tgl_lapor`, `id_wilayah`, `id_hewan`, `jumlah_gejala`) VALUES ('LAP-0300', '10/25/24', 37, 'H2-001', 49.0);

-- 5. Tabel Transaksi Hasil Lab
DROP TABLE IF EXISTS `tr_hasil_lab`;
CREATE TABLE `tr_hasil_lab` (
  `id_uji` VARCHAR(15) NOT NULL,
  `id_laporan` VARCHAR(15) DEFAULT NULL,
  `tgl_uji` VARCHAR(10) DEFAULT NULL,
  `penyakit` VARCHAR(100) DEFAULT NULL,
  `hasil_uji` ENUM('Positif', 'Negatif') DEFAULT NULL,
  PRIMARY KEY (`id_uji`),
  CONSTRAINT `fk_lab_laporan` FOREIGN KEY (`id_laporan`) REFERENCES `tr_laporan_sakit` (`id_laporan`) ON DELETE CASCADE ON UPDATE CASCADE
) ENGINE=InnoDB DEFAULT CHARSET=utf8mb4;

INSERT INTO `tr_hasil_lab` (`id_uji`, `id_laporan`, `tgl_uji`, `penyakit`, `hasil_uji`) VALUES ('LAB-0001', 'LAP-0009', '07/21/24', 'Anthrax', 'Negatif');
INSERT INTO `tr_hasil_lab` (`id_uji`, `id_laporan`, `tgl_uji`, `penyakit`, `hasil_uji`) VALUES ('LAB-0002', 'LAP-0298', '06/17/24', 'Newcastle Disease', NULL);
INSERT INTO `tr_hasil_lab` (`id_uji`, `id_laporan`, `tgl_uji`, `penyakit`, `hasil_uji`) VALUES ('LAB-0003', 'LAP-0192', '11/29/24', 'Newcastle Disease', 'Positif');
INSERT INTO `tr_hasil_lab` (`id_uji`, `id_laporan`, `tgl_uji`, `penyakit`, `hasil_uji`) VALUES ('LAB-0004', 'LAP-0176', '08/21/24', 'Newcastle Disease', 'Negatif');
INSERT INTO `tr_hasil_lab` (`id_uji`, `id_laporan`, `tgl_uji`, `penyakit`, `hasil_uji`) VALUES ('LAB-0005', 'LAP-0110', '07/23/24', 'PMK', 'Positif');
INSERT INTO `tr_hasil_lab` (`id_uji`, `id_laporan`, `tgl_uji`, `penyakit`, `hasil_uji`) VALUES ('LAB-0006', 'LAP-0027', '01/07/24', 'Flu Burung', 'Positif');
INSERT INTO `tr_hasil_lab` (`id_uji`, `id_laporan`, `tgl_uji`, `penyakit`, `hasil_uji`) VALUES ('LAB-0007', 'LAP-0071', '02/17/25', 'PMK', 'Positif');
INSERT INTO `tr_hasil_lab` (`id_uji`, `id_laporan`, `tgl_uji`, `penyakit`, `hasil_uji`) VALUES ('LAB-0008', 'LAP-0247', '05/11/25', 'Flu Burung', 'Positif');
INSERT INTO `tr_hasil_lab` (`id_uji`, `id_laporan`, `tgl_uji`, `penyakit`, `hasil_uji`) VALUES ('LAB-0009', 'LAP-0047', '12/08/25', 'PMK', 'Negatif');
INSERT INTO `tr_hasil_lab` (`id_uji`, `id_laporan`, `tgl_uji`, `penyakit`, `hasil_uji`) VALUES ('LAB-0010', 'LAP-0080', '12/29/24', 'PMK', 'Positif');
INSERT INTO `tr_hasil_lab` (`id_uji`, `id_laporan`, `tgl_uji`, `penyakit`, `hasil_uji`) VALUES ('LAB-0011', 'LAP-0219', '07/13/25', 'LSD', 'Positif');
INSERT INTO `tr_hasil_lab` (`id_uji`, `id_laporan`, `tgl_uji`, `penyakit`, `hasil_uji`) VALUES ('LAB-0012', 'LAP-0012', '03/04/24', 'Newcastle Disease', 'Positif');
INSERT INTO `tr_hasil_lab` (`id_uji`, `id_laporan`, `tgl_uji`, `penyakit`, `hasil_uji`) VALUES ('LAB-0013', 'LAP-0199', '06/03/25', 'Anthrax', 'Negatif');
INSERT INTO `tr_hasil_lab` (`id_uji`, `id_laporan`, `tgl_uji`, `penyakit`, `hasil_uji`) VALUES ('LAB-0014', 'LAP-0289', '05/23/24', 'PMK', 'Positif');
INSERT INTO `tr_hasil_lab` (`id_uji`, `id_laporan`, `tgl_uji`, `penyakit`, `hasil_uji`) VALUES ('LAB-0015', 'LAP-0144', '10/22/25', 'LSD', 'Negatif');
INSERT INTO `tr_hasil_lab` (`id_uji`, `id_laporan`, `tgl_uji`, `penyakit`, `hasil_uji`) VALUES ('LAB-0016', 'LAP-0005', '10/22/25', 'Anthrax', NULL);
INSERT INTO `tr_hasil_lab` (`id_uji`, `id_laporan`, `tgl_uji`, `penyakit`, `hasil_uji`) VALUES ('LAB-0017', 'LAP-0212', '08/23/24', 'Flu Burung', 'Negatif');
INSERT INTO `tr_hasil_lab` (`id_uji`, `id_laporan`, `tgl_uji`, `penyakit`, `hasil_uji`) VALUES ('LAB-0018', 'LAP-0185', '01/19/25', 'Flu Burung', 'Positif');
INSERT INTO `tr_hasil_lab` (`id_uji`, `id_laporan`, `tgl_uji`, `penyakit`, `hasil_uji`) VALUES ('LAB-0019', 'LAP-0037', '04/23/25', 'Flu Burung', 'Positif');
INSERT INTO `tr_hasil_lab` (`id_uji`, `id_laporan`, `tgl_uji`, `penyakit`, `hasil_uji`) VALUES ('LAB-0020', 'LAP-0261', '06/30/25', 'Newcastle Disease', 'Negatif');
INSERT INTO `tr_hasil_lab` (`id_uji`, `id_laporan`, `tgl_uji`, `penyakit`, `hasil_uji`) VALUES ('LAB-0021', 'LAP-0100', '05/09/25', 'PMK', 'Negatif');
INSERT INTO `tr_hasil_lab` (`id_uji`, `id_laporan`, `tgl_uji`, `penyakit`, `hasil_uji`) VALUES ('LAB-0022', 'LAP-0099', '04/01/25', 'PMK', 'Positif');
INSERT INTO `tr_hasil_lab` (`id_uji`, `id_laporan`, `tgl_uji`, `penyakit`, `hasil_uji`) VALUES ('LAB-0023', 'LAP-0278', '08/22/25', 'LSD', 'Positif');
INSERT INTO `tr_hasil_lab` (`id_uji`, `id_laporan`, `tgl_uji`, `penyakit`, `hasil_uji`) VALUES ('LAB-0024', 'LAP-0277', '07/05/25', 'PMK', 'Negatif');
INSERT INTO `tr_hasil_lab` (`id_uji`, `id_laporan`, `tgl_uji`, `penyakit`, `hasil_uji`) VALUES ('LAB-0025', 'LAP-0138', '03/11/24', 'Newcastle Disease', 'Positif');
INSERT INTO `tr_hasil_lab` (`id_uji`, `id_laporan`, `tgl_uji`, `penyakit`, `hasil_uji`) VALUES ('LAB-0026', 'LAP-0041', '05/25/25', 'LSD', NULL);
INSERT INTO `tr_hasil_lab` (`id_uji`, `id_laporan`, `tgl_uji`, `penyakit`, `hasil_uji`) VALUES ('LAB-0027', 'LAP-0082', '07/15/25', 'LSD', 'Positif');
INSERT INTO `tr_hasil_lab` (`id_uji`, `id_laporan`, `tgl_uji`, `penyakit`, `hasil_uji`) VALUES ('LAB-0028', 'LAP-0169', '05/19/24', 'Anthrax', 'Negatif');
INSERT INTO `tr_hasil_lab` (`id_uji`, `id_laporan`, `tgl_uji`, `penyakit`, `hasil_uji`) VALUES ('LAB-0029', 'LAP-0155', '07/16/24', 'Anthrax', NULL);
INSERT INTO `tr_hasil_lab` (`id_uji`, `id_laporan`, `tgl_uji`, `penyakit`, `hasil_uji`) VALUES ('LAB-0030', 'LAP-0298', '08/13/25', 'Newcastle Disease', 'Negatif');
INSERT INTO `tr_hasil_lab` (`id_uji`, `id_laporan`, `tgl_uji`, `penyakit`, `hasil_uji`) VALUES ('LAB-0031', 'LAP-0230', '09/26/25', 'LSD', 'Negatif');
INSERT INTO `tr_hasil_lab` (`id_uji`, `id_laporan`, `tgl_uji`, `penyakit`, `hasil_uji`) VALUES ('LAB-0032', 'LAP-0161', '05/12/24', 'Newcastle Disease', 'Negatif');
INSERT INTO `tr_hasil_lab` (`id_uji`, `id_laporan`, `tgl_uji`, `penyakit`, `hasil_uji`) VALUES ('LAB-0033', 'LAP-0016', '07/08/25', 'Flu Burung', 'Positif');
INSERT INTO `tr_hasil_lab` (`id_uji`, `id_laporan`, `tgl_uji`, `penyakit`, `hasil_uji`) VALUES ('LAB-0034', 'LAP-0286', '08/16/25', 'Anthrax', 'Negatif');
INSERT INTO `tr_hasil_lab` (`id_uji`, `id_laporan`, `tgl_uji`, `penyakit`, `hasil_uji`) VALUES ('LAB-0035', 'LAP-0094', '10/15/24', 'Flu Burung', 'Positif');
INSERT INTO `tr_hasil_lab` (`id_uji`, `id_laporan`, `tgl_uji`, `penyakit`, `hasil_uji`) VALUES ('LAB-0036', 'LAP-0176', '10/26/24', 'Newcastle Disease', 'Negatif');
INSERT INTO `tr_hasil_lab` (`id_uji`, `id_laporan`, `tgl_uji`, `penyakit`, `hasil_uji`) VALUES ('LAB-0037', 'LAP-0284', '01/30/25', 'LSD', 'Positif');
INSERT INTO `tr_hasil_lab` (`id_uji`, `id_laporan`, `tgl_uji`, `penyakit`, `hasil_uji`) VALUES ('LAB-0038', 'LAP-0133', '09/06/25', 'Anthrax', NULL);
INSERT INTO `tr_hasil_lab` (`id_uji`, `id_laporan`, `tgl_uji`, `penyakit`, `hasil_uji`) VALUES ('LAB-0039', 'LAP-0209', '08/10/24', 'Flu Burung', NULL);
INSERT INTO `tr_hasil_lab` (`id_uji`, `id_laporan`, `tgl_uji`, `penyakit`, `hasil_uji`) VALUES ('LAB-0040', 'LAP-0273', '10/08/25', 'Flu Burung', NULL);
INSERT INTO `tr_hasil_lab` (`id_uji`, `id_laporan`, `tgl_uji`, `penyakit`, `hasil_uji`) VALUES ('LAB-0041', 'LAP-0060', '09/22/24', 'Newcastle Disease', 'Negatif');
INSERT INTO `tr_hasil_lab` (`id_uji`, `id_laporan`, `tgl_uji`, `penyakit`, `hasil_uji`) VALUES ('LAB-0042', 'LAP-0052', '05/03/24', 'Flu Burung', 'Positif');
INSERT INTO `tr_hasil_lab` (`id_uji`, `id_laporan`, `tgl_uji`, `penyakit`, `hasil_uji`) VALUES ('LAB-0043', 'LAP-0018', '09/11/25', 'Anthrax', 'Negatif');
INSERT INTO `tr_hasil_lab` (`id_uji`, `id_laporan`, `tgl_uji`, `penyakit`, `hasil_uji`) VALUES ('LAB-0044', 'LAP-0190', '08/23/24', 'Flu Burung', 'Negatif');
INSERT INTO `tr_hasil_lab` (`id_uji`, `id_laporan`, `tgl_uji`, `penyakit`, `hasil_uji`) VALUES ('LAB-0045', 'LAP-0159', '01/19/25', 'Flu Burung', 'Negatif');
INSERT INTO `tr_hasil_lab` (`id_uji`, `id_laporan`, `tgl_uji`, `penyakit`, `hasil_uji`) VALUES ('LAB-0046', 'LAP-0128', '07/05/25', 'Anthrax', 'Negatif');
INSERT INTO `tr_hasil_lab` (`id_uji`, `id_laporan`, `tgl_uji`, `penyakit`, `hasil_uji`) VALUES ('LAB-0047', 'LAP-0163', '12/11/25', 'PMK', NULL);
INSERT INTO `tr_hasil_lab` (`id_uji`, `id_laporan`, `tgl_uji`, `penyakit`, `hasil_uji`) VALUES ('LAB-0048', 'LAP-0173', '06/24/24', 'PMK', 'Positif');
INSERT INTO `tr_hasil_lab` (`id_uji`, `id_laporan`, `tgl_uji`, `penyakit`, `hasil_uji`) VALUES ('LAB-0049', 'LAP-0144', '02/23/24', 'Flu Burung', 'Negatif');
INSERT INTO `tr_hasil_lab` (`id_uji`, `id_laporan`, `tgl_uji`, `penyakit`, `hasil_uji`) VALUES ('LAB-0050', 'LAP-0184', '05/10/24', 'Flu Burung', 'Negatif');
INSERT INTO `tr_hasil_lab` (`id_uji`, `id_laporan`, `tgl_uji`, `penyakit`, `hasil_uji`) VALUES ('LAB-0051', 'LAP-0159', '07/01/24', 'Newcastle Disease', 'Positif');
INSERT INTO `tr_hasil_lab` (`id_uji`, `id_laporan`, `tgl_uji`, `penyakit`, `hasil_uji`) VALUES ('LAB-0052', 'LAP-0268', '06/23/24', 'LSD', 'Positif');
INSERT INTO `tr_hasil_lab` (`id_uji`, `id_laporan`, `tgl_uji`, `penyakit`, `hasil_uji`) VALUES ('LAB-0053', 'LAP-0164', '10/17/24', 'Newcastle Disease', 'Negatif');
INSERT INTO `tr_hasil_lab` (`id_uji`, `id_laporan`, `tgl_uji`, `penyakit`, `hasil_uji`) VALUES ('LAB-0054', 'LAP-0264', '05/24/24', 'Anthrax', 'Negatif');
INSERT INTO `tr_hasil_lab` (`id_uji`, `id_laporan`, `tgl_uji`, `penyakit`, `hasil_uji`) VALUES ('LAB-0055', 'LAP-0184', '02/20/25', 'Flu Burung', 'Negatif');
INSERT INTO `tr_hasil_lab` (`id_uji`, `id_laporan`, `tgl_uji`, `penyakit`, `hasil_uji`) VALUES ('LAB-0056', 'LAP-0081', '09/21/25', 'Flu Burung', 'Positif');
INSERT INTO `tr_hasil_lab` (`id_uji`, `id_laporan`, `tgl_uji`, `penyakit`, `hasil_uji`) VALUES ('LAB-0057', 'LAP-0288', '01/11/24', 'Newcastle Disease', NULL);
INSERT INTO `tr_hasil_lab` (`id_uji`, `id_laporan`, `tgl_uji`, `penyakit`, `hasil_uji`) VALUES ('LAB-0058', 'LAP-0154', '12/04/24', 'Anthrax', 'Negatif');
INSERT INTO `tr_hasil_lab` (`id_uji`, `id_laporan`, `tgl_uji`, `penyakit`, `hasil_uji`) VALUES ('LAB-0059', 'LAP-0228', '02/12/24', 'PMK', 'Positif');
INSERT INTO `tr_hasil_lab` (`id_uji`, `id_laporan`, `tgl_uji`, `penyakit`, `hasil_uji`) VALUES ('LAB-0060', 'LAP-0128', '12/11/24', 'Flu Burung', 'Positif');
INSERT INTO `tr_hasil_lab` (`id_uji`, `id_laporan`, `tgl_uji`, `penyakit`, `hasil_uji`) VALUES ('LAB-0061', 'LAP-0224', '07/17/24', 'Newcastle Disease', 'Positif');
INSERT INTO `tr_hasil_lab` (`id_uji`, `id_laporan`, `tgl_uji`, `penyakit`, `hasil_uji`) VALUES ('LAB-0062', 'LAP-0152', '07/09/24', 'Flu Burung', 'Negatif');
INSERT INTO `tr_hasil_lab` (`id_uji`, `id_laporan`, `tgl_uji`, `penyakit`, `hasil_uji`) VALUES ('LAB-0063', 'LAP-0225', '04/25/25', 'LSD', 'Negatif');
INSERT INTO `tr_hasil_lab` (`id_uji`, `id_laporan`, `tgl_uji`, `penyakit`, `hasil_uji`) VALUES ('LAB-0064', 'LAP-0229', '03/09/24', 'PMK', 'Positif');
INSERT INTO `tr_hasil_lab` (`id_uji`, `id_laporan`, `tgl_uji`, `penyakit`, `hasil_uji`) VALUES ('LAB-0065', 'LAP-0045', '12/30/24', 'LSD', 'Positif');
INSERT INTO `tr_hasil_lab` (`id_uji`, `id_laporan`, `tgl_uji`, `penyakit`, `hasil_uji`) VALUES ('LAB-0066', 'LAP-0251', '11/01/25', 'Flu Burung', 'Positif');
INSERT INTO `tr_hasil_lab` (`id_uji`, `id_laporan`, `tgl_uji`, `penyakit`, `hasil_uji`) VALUES ('LAB-0067', 'LAP-0191', '10/31/24', 'Flu Burung', 'Positif');
INSERT INTO `tr_hasil_lab` (`id_uji`, `id_laporan`, `tgl_uji`, `penyakit`, `hasil_uji`) VALUES ('LAB-0068', 'LAP-0087', '12/16/24', 'Newcastle Disease', 'Negatif');
INSERT INTO `tr_hasil_lab` (`id_uji`, `id_laporan`, `tgl_uji`, `penyakit`, `hasil_uji`) VALUES ('LAB-0069', 'LAP-0071', '08/27/25', 'Flu Burung', 'Positif');
INSERT INTO `tr_hasil_lab` (`id_uji`, `id_laporan`, `tgl_uji`, `penyakit`, `hasil_uji`) VALUES ('LAB-0070', 'LAP-0069', '09/05/24', 'Newcastle Disease', 'Positif');
INSERT INTO `tr_hasil_lab` (`id_uji`, `id_laporan`, `tgl_uji`, `penyakit`, `hasil_uji`) VALUES ('LAB-0071', 'LAP-0073', '02/03/24', 'Newcastle Disease', 'Positif');
INSERT INTO `tr_hasil_lab` (`id_uji`, `id_laporan`, `tgl_uji`, `penyakit`, `hasil_uji`) VALUES ('LAB-0072', 'LAP-0049', '06/23/24', 'PMK', 'Negatif');
INSERT INTO `tr_hasil_lab` (`id_uji`, `id_laporan`, `tgl_uji`, `penyakit`, `hasil_uji`) VALUES ('LAB-0073', 'LAP-0142', '01/13/24', 'Newcastle Disease', 'Negatif');
INSERT INTO `tr_hasil_lab` (`id_uji`, `id_laporan`, `tgl_uji`, `penyakit`, `hasil_uji`) VALUES ('LAB-0074', 'LAP-0115', '04/17/25', 'Anthrax', 'Negatif');
INSERT INTO `tr_hasil_lab` (`id_uji`, `id_laporan`, `tgl_uji`, `penyakit`, `hasil_uji`) VALUES ('LAB-0075', 'LAP-0275', '03/21/25', 'Newcastle Disease', 'Positif');
INSERT INTO `tr_hasil_lab` (`id_uji`, `id_laporan`, `tgl_uji`, `penyakit`, `hasil_uji`) VALUES ('LAB-0076', 'LAP-0240', '08/16/25', 'Anthrax', 'Negatif');
INSERT INTO `tr_hasil_lab` (`id_uji`, `id_laporan`, `tgl_uji`, `penyakit`, `hasil_uji`) VALUES ('LAB-0077', 'LAP-0086', '01/04/24', 'Newcastle Disease', 'Positif');
INSERT INTO `tr_hasil_lab` (`id_uji`, `id_laporan`, `tgl_uji`, `penyakit`, `hasil_uji`) VALUES ('LAB-0078', 'LAP-0141', '02/22/24', 'Flu Burung', 'Positif');
INSERT INTO `tr_hasil_lab` (`id_uji`, `id_laporan`, `tgl_uji`, `penyakit`, `hasil_uji`) VALUES ('LAB-0079', 'LAP-0002', '01/28/25', 'Anthrax', 'Positif');
INSERT INTO `tr_hasil_lab` (`id_uji`, `id_laporan`, `tgl_uji`, `penyakit`, `hasil_uji`) VALUES ('LAB-0080', 'LAP-0215', '02/15/24', 'LSD', 'Positif');
INSERT INTO `tr_hasil_lab` (`id_uji`, `id_laporan`, `tgl_uji`, `penyakit`, `hasil_uji`) VALUES ('LAB-0081', 'LAP-0161', '09/19/24', 'Newcastle Disease', 'Negatif');
INSERT INTO `tr_hasil_lab` (`id_uji`, `id_laporan`, `tgl_uji`, `penyakit`, `hasil_uji`) VALUES ('LAB-0082', 'LAP-0077', '04/19/24', 'Anthrax', 'Negatif');
INSERT INTO `tr_hasil_lab` (`id_uji`, `id_laporan`, `tgl_uji`, `penyakit`, `hasil_uji`) VALUES ('LAB-0083', 'LAP-0249', '08/27/25', 'Anthrax', 'Negatif');
INSERT INTO `tr_hasil_lab` (`id_uji`, `id_laporan`, `tgl_uji`, `penyakit`, `hasil_uji`) VALUES ('LAB-0084', 'LAP-0156', '09/18/24', 'Newcastle Disease', 'Negatif');
INSERT INTO `tr_hasil_lab` (`id_uji`, `id_laporan`, `tgl_uji`, `penyakit`, `hasil_uji`) VALUES ('LAB-0085', 'LAP-0257', '02/21/25', 'LSD', 'Negatif');
INSERT INTO `tr_hasil_lab` (`id_uji`, `id_laporan`, `tgl_uji`, `penyakit`, `hasil_uji`) VALUES ('LAB-0086', 'LAP-0291', '12/05/25', 'Newcastle Disease', 'Positif');
INSERT INTO `tr_hasil_lab` (`id_uji`, `id_laporan`, `tgl_uji`, `penyakit`, `hasil_uji`) VALUES ('LAB-0087', 'LAP-0090', '07/17/25', 'Newcastle Disease', 'Positif');
INSERT INTO `tr_hasil_lab` (`id_uji`, `id_laporan`, `tgl_uji`, `penyakit`, `hasil_uji`) VALUES ('LAB-0088', 'LAP-0295', '07/31/25', 'LSD', 'Negatif');
INSERT INTO `tr_hasil_lab` (`id_uji`, `id_laporan`, `tgl_uji`, `penyakit`, `hasil_uji`) VALUES ('LAB-0089', 'LAP-0051', '06/26/25', 'Flu Burung', 'Positif');
INSERT INTO `tr_hasil_lab` (`id_uji`, `id_laporan`, `tgl_uji`, `penyakit`, `hasil_uji`) VALUES ('LAB-0090', 'LAP-0239', '08/04/25', 'LSD', 'Positif');
INSERT INTO `tr_hasil_lab` (`id_uji`, `id_laporan`, `tgl_uji`, `penyakit`, `hasil_uji`) VALUES ('LAB-0091', 'LAP-0221', '06/19/24', 'Flu Burung', 'Negatif');
INSERT INTO `tr_hasil_lab` (`id_uji`, `id_laporan`, `tgl_uji`, `penyakit`, `hasil_uji`) VALUES ('LAB-0092', 'LAP-0186', '07/19/25', 'Flu Burung', NULL);
INSERT INTO `tr_hasil_lab` (`id_uji`, `id_laporan`, `tgl_uji`, `penyakit`, `hasil_uji`) VALUES ('LAB-0093', 'LAP-0074', '07/06/25', 'Flu Burung', 'Negatif');
INSERT INTO `tr_hasil_lab` (`id_uji`, `id_laporan`, `tgl_uji`, `penyakit`, `hasil_uji`) VALUES ('LAB-0094', 'LAP-0023', '03/24/25', 'Anthrax', 'Positif');
INSERT INTO `tr_hasil_lab` (`id_uji`, `id_laporan`, `tgl_uji`, `penyakit`, `hasil_uji`) VALUES ('LAB-0095', 'LAP-0102', '04/15/24', 'PMK', 'Positif');
INSERT INTO `tr_hasil_lab` (`id_uji`, `id_laporan`, `tgl_uji`, `penyakit`, `hasil_uji`) VALUES ('LAB-0096', 'LAP-0166', '02/28/24', 'Newcastle Disease', 'Negatif');
INSERT INTO `tr_hasil_lab` (`id_uji`, `id_laporan`, `tgl_uji`, `penyakit`, `hasil_uji`) VALUES ('LAB-0097', 'LAP-0076', '01/11/25', 'Anthrax', NULL);
INSERT INTO `tr_hasil_lab` (`id_uji`, `id_laporan`, `tgl_uji`, `penyakit`, `hasil_uji`) VALUES ('LAB-0098', 'LAP-0221', '09/28/25', 'PMK', 'Negatif');
INSERT INTO `tr_hasil_lab` (`id_uji`, `id_laporan`, `tgl_uji`, `penyakit`, `hasil_uji`) VALUES ('LAB-0099', 'LAP-0166', '06/01/25', 'Newcastle Disease', 'Negatif');
INSERT INTO `tr_hasil_lab` (`id_uji`, `id_laporan`, `tgl_uji`, `penyakit`, `hasil_uji`) VALUES ('LAB-0100', 'LAP-0154', '03/12/24', 'Newcastle Disease', 'Negatif');
INSERT INTO `tr_hasil_lab` (`id_uji`, `id_laporan`, `tgl_uji`, `penyakit`, `hasil_uji`) VALUES ('LAB-0101', 'LAP-0029', '02/27/25', 'Newcastle Disease', NULL);
INSERT INTO `tr_hasil_lab` (`id_uji`, `id_laporan`, `tgl_uji`, `penyakit`, `hasil_uji`) VALUES ('LAB-0102', 'LAP-0290', '07/23/25', 'PMK', 'Negatif');
INSERT INTO `tr_hasil_lab` (`id_uji`, `id_laporan`, `tgl_uji`, `penyakit`, `hasil_uji`) VALUES ('LAB-0103', 'LAP-0275', '06/10/24', 'Newcastle Disease', 'Positif');
INSERT INTO `tr_hasil_lab` (`id_uji`, `id_laporan`, `tgl_uji`, `penyakit`, `hasil_uji`) VALUES ('LAB-0104', 'LAP-0087', '08/12/24', 'Flu Burung', 'Positif');
INSERT INTO `tr_hasil_lab` (`id_uji`, `id_laporan`, `tgl_uji`, `penyakit`, `hasil_uji`) VALUES ('LAB-0105', 'LAP-0038', '05/21/24', 'Flu Burung', 'Negatif');
INSERT INTO `tr_hasil_lab` (`id_uji`, `id_laporan`, `tgl_uji`, `penyakit`, `hasil_uji`) VALUES ('LAB-0106', 'LAP-0186', '12/20/24', 'Newcastle Disease', 'Negatif');
INSERT INTO `tr_hasil_lab` (`id_uji`, `id_laporan`, `tgl_uji`, `penyakit`, `hasil_uji`) VALUES ('LAB-0107', 'LAP-0051', '12/28/25', 'LSD', 'Positif');
INSERT INTO `tr_hasil_lab` (`id_uji`, `id_laporan`, `tgl_uji`, `penyakit`, `hasil_uji`) VALUES ('LAB-0108', 'LAP-0190', '12/07/24', 'Flu Burung', 'Negatif');
INSERT INTO `tr_hasil_lab` (`id_uji`, `id_laporan`, `tgl_uji`, `penyakit`, `hasil_uji`) VALUES ('LAB-0109', 'LAP-0226', '11/18/25', 'Newcastle Disease', 'Negatif');
INSERT INTO `tr_hasil_lab` (`id_uji`, `id_laporan`, `tgl_uji`, `penyakit`, `hasil_uji`) VALUES ('LAB-0110', 'LAP-0205', '09/29/24', 'Anthrax', 'Negatif');
INSERT INTO `tr_hasil_lab` (`id_uji`, `id_laporan`, `tgl_uji`, `penyakit`, `hasil_uji`) VALUES ('LAB-0111', 'LAP-0215', '03/01/24', 'Flu Burung', 'Negatif');
INSERT INTO `tr_hasil_lab` (`id_uji`, `id_laporan`, `tgl_uji`, `penyakit`, `hasil_uji`) VALUES ('LAB-0112', 'LAP-0210', '12/29/24', 'PMK', 'Positif');
INSERT INTO `tr_hasil_lab` (`id_uji`, `id_laporan`, `tgl_uji`, `penyakit`, `hasil_uji`) VALUES ('LAB-0113', 'LAP-0043', '04/17/25', 'Flu Burung', 'Positif');
INSERT INTO `tr_hasil_lab` (`id_uji`, `id_laporan`, `tgl_uji`, `penyakit`, `hasil_uji`) VALUES ('LAB-0114', 'LAP-0004', '07/08/25', 'LSD', 'Positif');
INSERT INTO `tr_hasil_lab` (`id_uji`, `id_laporan`, `tgl_uji`, `penyakit`, `hasil_uji`) VALUES ('LAB-0115', 'LAP-0211', '09/04/24', 'LSD', 'Positif');
INSERT INTO `tr_hasil_lab` (`id_uji`, `id_laporan`, `tgl_uji`, `penyakit`, `hasil_uji`) VALUES ('LAB-0116', 'LAP-0261', '02/23/24', 'Newcastle Disease', NULL);
INSERT INTO `tr_hasil_lab` (`id_uji`, `id_laporan`, `tgl_uji`, `penyakit`, `hasil_uji`) VALUES ('LAB-0117', 'LAP-0069', '08/17/24', 'Flu Burung', 'Positif');
INSERT INTO `tr_hasil_lab` (`id_uji`, `id_laporan`, `tgl_uji`, `penyakit`, `hasil_uji`) VALUES ('LAB-0118', 'LAP-0246', '11/18/24', 'Newcastle Disease', 'Positif');
INSERT INTO `tr_hasil_lab` (`id_uji`, `id_laporan`, `tgl_uji`, `penyakit`, `hasil_uji`) VALUES ('LAB-0119', 'LAP-0277', '03/13/25', 'LSD', 'Positif');
INSERT INTO `tr_hasil_lab` (`id_uji`, `id_laporan`, `tgl_uji`, `penyakit`, `hasil_uji`) VALUES ('LAB-0120', 'LAP-0233', '09/13/25', 'LSD', 'Negatif');
INSERT INTO `tr_hasil_lab` (`id_uji`, `id_laporan`, `tgl_uji`, `penyakit`, `hasil_uji`) VALUES ('LAB-0121', 'LAP-0029', '10/12/25', 'Flu Burung', 'Negatif');
INSERT INTO `tr_hasil_lab` (`id_uji`, `id_laporan`, `tgl_uji`, `penyakit`, `hasil_uji`) VALUES ('LAB-0122', 'LAP-0006', '08/25/25', 'Flu Burung', 'Positif');
INSERT INTO `tr_hasil_lab` (`id_uji`, `id_laporan`, `tgl_uji`, `penyakit`, `hasil_uji`) VALUES ('LAB-0123', 'LAP-0162', '09/08/24', 'Newcastle Disease', 'Positif');
INSERT INTO `tr_hasil_lab` (`id_uji`, `id_laporan`, `tgl_uji`, `penyakit`, `hasil_uji`) VALUES ('LAB-0124', 'LAP-0127', '04/30/24', 'PMK', 'Negatif');
INSERT INTO `tr_hasil_lab` (`id_uji`, `id_laporan`, `tgl_uji`, `penyakit`, `hasil_uji`) VALUES ('LAB-0125', 'LAP-0162', '04/22/24', 'Anthrax', 'Positif');
INSERT INTO `tr_hasil_lab` (`id_uji`, `id_laporan`, `tgl_uji`, `penyakit`, `hasil_uji`) VALUES ('LAB-0126', 'LAP-0076', '05/06/25', 'Anthrax', 'Positif');
INSERT INTO `tr_hasil_lab` (`id_uji`, `id_laporan`, `tgl_uji`, `penyakit`, `hasil_uji`) VALUES ('LAB-0127', 'LAP-0025', '06/27/24', 'LSD', 'Negatif');
INSERT INTO `tr_hasil_lab` (`id_uji`, `id_laporan`, `tgl_uji`, `penyakit`, `hasil_uji`) VALUES ('LAB-0128', 'LAP-0270', '08/20/25', 'Anthrax', 'Negatif');
INSERT INTO `tr_hasil_lab` (`id_uji`, `id_laporan`, `tgl_uji`, `penyakit`, `hasil_uji`) VALUES ('LAB-0129', 'LAP-0227', '03/02/24', 'Newcastle Disease', 'Negatif');
INSERT INTO `tr_hasil_lab` (`id_uji`, `id_laporan`, `tgl_uji`, `penyakit`, `hasil_uji`) VALUES ('LAB-0130', 'LAP-0123', '09/22/24', 'PMK', 'Positif');
INSERT INTO `tr_hasil_lab` (`id_uji`, `id_laporan`, `tgl_uji`, `penyakit`, `hasil_uji`) VALUES ('LAB-0131', 'LAP-0271', '09/30/24', 'Newcastle Disease', 'Negatif');
INSERT INTO `tr_hasil_lab` (`id_uji`, `id_laporan`, `tgl_uji`, `penyakit`, `hasil_uji`) VALUES ('LAB-0132', 'LAP-0276', '09/20/25', 'PMK', 'Negatif');
INSERT INTO `tr_hasil_lab` (`id_uji`, `id_laporan`, `tgl_uji`, `penyakit`, `hasil_uji`) VALUES ('LAB-0133', 'LAP-0003', '03/18/24', 'Newcastle Disease', 'Negatif');
INSERT INTO `tr_hasil_lab` (`id_uji`, `id_laporan`, `tgl_uji`, `penyakit`, `hasil_uji`) VALUES ('LAB-0134', 'LAP-0079', '08/03/24', 'PMK', 'Negatif');
INSERT INTO `tr_hasil_lab` (`id_uji`, `id_laporan`, `tgl_uji`, `penyakit`, `hasil_uji`) VALUES ('LAB-0135', 'LAP-0190', '07/09/24', 'Flu Burung', 'Negatif');
INSERT INTO `tr_hasil_lab` (`id_uji`, `id_laporan`, `tgl_uji`, `penyakit`, `hasil_uji`) VALUES ('LAB-0136', 'LAP-0209', '09/06/25', 'Flu Burung', 'Positif');
INSERT INTO `tr_hasil_lab` (`id_uji`, `id_laporan`, `tgl_uji`, `penyakit`, `hasil_uji`) VALUES ('LAB-0137', 'LAP-0051', '11/12/25', 'Flu Burung', 'Negatif');
INSERT INTO `tr_hasil_lab` (`id_uji`, `id_laporan`, `tgl_uji`, `penyakit`, `hasil_uji`) VALUES ('LAB-0138', 'LAP-0268', '03/09/25', 'Anthrax', 'Positif');
INSERT INTO `tr_hasil_lab` (`id_uji`, `id_laporan`, `tgl_uji`, `penyakit`, `hasil_uji`) VALUES ('LAB-0139', 'LAP-0188', '09/22/25', 'LSD', 'Negatif');
INSERT INTO `tr_hasil_lab` (`id_uji`, `id_laporan`, `tgl_uji`, `penyakit`, `hasil_uji`) VALUES ('LAB-0140', 'LAP-0156', '08/23/24', 'PMK', 'Negatif');
INSERT INTO `tr_hasil_lab` (`id_uji`, `id_laporan`, `tgl_uji`, `penyakit`, `hasil_uji`) VALUES ('LAB-0141', 'LAP-0296', '07/02/24', 'Flu Burung', 'Negatif');
INSERT INTO `tr_hasil_lab` (`id_uji`, `id_laporan`, `tgl_uji`, `penyakit`, `hasil_uji`) VALUES ('LAB-0142', 'LAP-0182', '08/18/25', 'LSD', 'Positif');
INSERT INTO `tr_hasil_lab` (`id_uji`, `id_laporan`, `tgl_uji`, `penyakit`, `hasil_uji`) VALUES ('LAB-0143', 'LAP-0190', '04/29/24', 'Newcastle Disease', 'Negatif');
INSERT INTO `tr_hasil_lab` (`id_uji`, `id_laporan`, `tgl_uji`, `penyakit`, `hasil_uji`) VALUES ('LAB-0144', 'LAP-0190', '01/10/25', 'Flu Burung', 'Negatif');
INSERT INTO `tr_hasil_lab` (`id_uji`, `id_laporan`, `tgl_uji`, `penyakit`, `hasil_uji`) VALUES ('LAB-0145', 'LAP-0230', '06/12/25', 'LSD', 'Negatif');
INSERT INTO `tr_hasil_lab` (`id_uji`, `id_laporan`, `tgl_uji`, `penyakit`, `hasil_uji`) VALUES ('LAB-0146', 'LAP-0025', '07/16/24', 'Flu Burung', 'Positif');
INSERT INTO `tr_hasil_lab` (`id_uji`, `id_laporan`, `tgl_uji`, `penyakit`, `hasil_uji`) VALUES ('LAB-0147', 'LAP-0088', '02/26/24', 'LSD', 'Negatif');
INSERT INTO `tr_hasil_lab` (`id_uji`, `id_laporan`, `tgl_uji`, `penyakit`, `hasil_uji`) VALUES ('LAB-0148', 'LAP-0127', '07/30/25', 'PMK', 'Positif');
INSERT INTO `tr_hasil_lab` (`id_uji`, `id_laporan`, `tgl_uji`, `penyakit`, `hasil_uji`) VALUES ('LAB-0149', 'LAP-0291', '11/18/24', 'LSD', 'Negatif');
INSERT INTO `tr_hasil_lab` (`id_uji`, `id_laporan`, `tgl_uji`, `penyakit`, `hasil_uji`) VALUES ('LAB-0150', 'LAP-0294', '10/05/25', 'Newcastle Disease', 'Positif');
INSERT INTO `tr_hasil_lab` (`id_uji`, `id_laporan`, `tgl_uji`, `penyakit`, `hasil_uji`) VALUES ('LAB-0151', 'LAP-0014', '11/22/24', 'Flu Burung', 'Negatif');
INSERT INTO `tr_hasil_lab` (`id_uji`, `id_laporan`, `tgl_uji`, `penyakit`, `hasil_uji`) VALUES ('LAB-0152', 'LAP-0294', '09/11/24', 'Flu Burung', NULL);
INSERT INTO `tr_hasil_lab` (`id_uji`, `id_laporan`, `tgl_uji`, `penyakit`, `hasil_uji`) VALUES ('LAB-0153', 'LAP-0184', '07/02/25', 'Anthrax', 'Negatif');
INSERT INTO `tr_hasil_lab` (`id_uji`, `id_laporan`, `tgl_uji`, `penyakit`, `hasil_uji`) VALUES ('LAB-0154', 'LAP-0056', '04/16/24', 'Anthrax', 'Positif');
INSERT INTO `tr_hasil_lab` (`id_uji`, `id_laporan`, `tgl_uji`, `penyakit`, `hasil_uji`) VALUES ('LAB-0155', 'LAP-0177', '11/26/24', 'Newcastle Disease', 'Positif');
INSERT INTO `tr_hasil_lab` (`id_uji`, `id_laporan`, `tgl_uji`, `penyakit`, `hasil_uji`) VALUES ('LAB-0156', 'LAP-0128', '08/30/24', 'Newcastle Disease', 'Negatif');
INSERT INTO `tr_hasil_lab` (`id_uji`, `id_laporan`, `tgl_uji`, `penyakit`, `hasil_uji`) VALUES ('LAB-0157', 'LAP-0167', '11/11/24', 'Newcastle Disease', 'Positif');
INSERT INTO `tr_hasil_lab` (`id_uji`, `id_laporan`, `tgl_uji`, `penyakit`, `hasil_uji`) VALUES ('LAB-0158', 'LAP-0129', '03/18/24', 'Newcastle Disease', 'Positif');
INSERT INTO `tr_hasil_lab` (`id_uji`, `id_laporan`, `tgl_uji`, `penyakit`, `hasil_uji`) VALUES ('LAB-0159', 'LAP-0039', '06/27/24', 'LSD', 'Positif');
INSERT INTO `tr_hasil_lab` (`id_uji`, `id_laporan`, `tgl_uji`, `penyakit`, `hasil_uji`) VALUES ('LAB-0160', 'LAP-0138', '12/24/24', 'Flu Burung', 'Positif');
INSERT INTO `tr_hasil_lab` (`id_uji`, `id_laporan`, `tgl_uji`, `penyakit`, `hasil_uji`) VALUES ('LAB-0161', 'LAP-0054', '10/06/24', 'LSD', 'Negatif');
INSERT INTO `tr_hasil_lab` (`id_uji`, `id_laporan`, `tgl_uji`, `penyakit`, `hasil_uji`) VALUES ('LAB-0162', 'LAP-0286', '11/26/25', 'PMK', 'Negatif');
INSERT INTO `tr_hasil_lab` (`id_uji`, `id_laporan`, `tgl_uji`, `penyakit`, `hasil_uji`) VALUES ('LAB-0163', 'LAP-0207', '09/23/24', 'Newcastle Disease', 'Negatif');
INSERT INTO `tr_hasil_lab` (`id_uji`, `id_laporan`, `tgl_uji`, `penyakit`, `hasil_uji`) VALUES ('LAB-0164', 'LAP-0012', '04/30/25', 'LSD', 'Positif');
INSERT INTO `tr_hasil_lab` (`id_uji`, `id_laporan`, `tgl_uji`, `penyakit`, `hasil_uji`) VALUES ('LAB-0165', 'LAP-0297', '05/03/24', 'Newcastle Disease', 'Positif');
INSERT INTO `tr_hasil_lab` (`id_uji`, `id_laporan`, `tgl_uji`, `penyakit`, `hasil_uji`) VALUES ('LAB-0166', 'LAP-0011', '05/01/24', 'Newcastle Disease', 'Positif');
INSERT INTO `tr_hasil_lab` (`id_uji`, `id_laporan`, `tgl_uji`, `penyakit`, `hasil_uji`) VALUES ('LAB-0167', 'LAP-0028', '07/14/25', 'Newcastle Disease', 'Positif');
INSERT INTO `tr_hasil_lab` (`id_uji`, `id_laporan`, `tgl_uji`, `penyakit`, `hasil_uji`) VALUES ('LAB-0168', 'LAP-0278', '07/03/24', 'LSD', 'Negatif');
INSERT INTO `tr_hasil_lab` (`id_uji`, `id_laporan`, `tgl_uji`, `penyakit`, `hasil_uji`) VALUES ('LAB-0169', 'LAP-0249', '11/29/24', 'PMK', 'Positif');
INSERT INTO `tr_hasil_lab` (`id_uji`, `id_laporan`, `tgl_uji`, `penyakit`, `hasil_uji`) VALUES ('LAB-0170', 'LAP-0289', '02/08/25', 'PMK', 'Positif');
INSERT INTO `tr_hasil_lab` (`id_uji`, `id_laporan`, `tgl_uji`, `penyakit`, `hasil_uji`) VALUES ('LAB-0171', 'LAP-0169', '09/19/24', 'Newcastle Disease', 'Positif');
INSERT INTO `tr_hasil_lab` (`id_uji`, `id_laporan`, `tgl_uji`, `penyakit`, `hasil_uji`) VALUES ('LAB-0172', 'LAP-0043', '09/03/24', 'Newcastle Disease', NULL);
INSERT INTO `tr_hasil_lab` (`id_uji`, `id_laporan`, `tgl_uji`, `penyakit`, `hasil_uji`) VALUES ('LAB-0173', 'LAP-0101', '01/10/25', 'Newcastle Disease', 'Negatif');
INSERT INTO `tr_hasil_lab` (`id_uji`, `id_laporan`, `tgl_uji`, `penyakit`, `hasil_uji`) VALUES ('LAB-0174', 'LAP-0104', '11/11/25', 'PMK', 'Negatif');
INSERT INTO `tr_hasil_lab` (`id_uji`, `id_laporan`, `tgl_uji`, `penyakit`, `hasil_uji`) VALUES ('LAB-0175', 'LAP-0099', '09/20/25', 'Anthrax', 'Positif');
INSERT INTO `tr_hasil_lab` (`id_uji`, `id_laporan`, `tgl_uji`, `penyakit`, `hasil_uji`) VALUES ('LAB-0176', 'LAP-0090', '09/07/25', 'LSD', NULL);
INSERT INTO `tr_hasil_lab` (`id_uji`, `id_laporan`, `tgl_uji`, `penyakit`, `hasil_uji`) VALUES ('LAB-0177', 'LAP-0176', '08/08/24', 'LSD', 'Negatif');
INSERT INTO `tr_hasil_lab` (`id_uji`, `id_laporan`, `tgl_uji`, `penyakit`, `hasil_uji`) VALUES ('LAB-0178', 'LAP-0048', '01/19/25', 'Newcastle Disease', 'Negatif');
INSERT INTO `tr_hasil_lab` (`id_uji`, `id_laporan`, `tgl_uji`, `penyakit`, `hasil_uji`) VALUES ('LAB-0179', 'LAP-0195', '01/26/25', 'LSD', 'Negatif');
INSERT INTO `tr_hasil_lab` (`id_uji`, `id_laporan`, `tgl_uji`, `penyakit`, `hasil_uji`) VALUES ('LAB-0180', 'LAP-0243', '05/25/24', 'Flu Burung', NULL);
INSERT INTO `tr_hasil_lab` (`id_uji`, `id_laporan`, `tgl_uji`, `penyakit`, `hasil_uji`) VALUES ('LAB-0181', 'LAP-0209', '02/02/24', 'PMK', 'Negatif');
INSERT INTO `tr_hasil_lab` (`id_uji`, `id_laporan`, `tgl_uji`, `penyakit`, `hasil_uji`) VALUES ('LAB-0182', 'LAP-0050', '09/14/25', 'PMK', 'Negatif');
INSERT INTO `tr_hasil_lab` (`id_uji`, `id_laporan`, `tgl_uji`, `penyakit`, `hasil_uji`) VALUES ('LAB-0183', 'LAP-0290', '01/03/25', 'LSD', 'Positif');
INSERT INTO `tr_hasil_lab` (`id_uji`, `id_laporan`, `tgl_uji`, `penyakit`, `hasil_uji`) VALUES ('LAB-0184', 'LAP-0134', '10/04/24', 'Newcastle Disease', 'Positif');
INSERT INTO `tr_hasil_lab` (`id_uji`, `id_laporan`, `tgl_uji`, `penyakit`, `hasil_uji`) VALUES ('LAB-0185', 'LAP-0059', '09/24/24', 'PMK', 'Negatif');
INSERT INTO `tr_hasil_lab` (`id_uji`, `id_laporan`, `tgl_uji`, `penyakit`, `hasil_uji`) VALUES ('LAB-0186', 'LAP-0299', '08/20/24', 'Newcastle Disease', 'Negatif');
INSERT INTO `tr_hasil_lab` (`id_uji`, `id_laporan`, `tgl_uji`, `penyakit`, `hasil_uji`) VALUES ('LAB-0187', 'LAP-0267', '01/11/24', 'Flu Burung', 'Negatif');
INSERT INTO `tr_hasil_lab` (`id_uji`, `id_laporan`, `tgl_uji`, `penyakit`, `hasil_uji`) VALUES ('LAB-0188', 'LAP-0124', '02/29/24', 'Newcastle Disease', 'Negatif');
INSERT INTO `tr_hasil_lab` (`id_uji`, `id_laporan`, `tgl_uji`, `penyakit`, `hasil_uji`) VALUES ('LAB-0189', 'LAP-0009', '01/19/25', 'LSD', 'Negatif');
INSERT INTO `tr_hasil_lab` (`id_uji`, `id_laporan`, `tgl_uji`, `penyakit`, `hasil_uji`) VALUES ('LAB-0190', 'LAP-0007', '06/29/25', 'Flu Burung', 'Positif');
INSERT INTO `tr_hasil_lab` (`id_uji`, `id_laporan`, `tgl_uji`, `penyakit`, `hasil_uji`) VALUES ('LAB-0191', 'LAP-0227', '11/06/25', 'LSD', 'Positif');
INSERT INTO `tr_hasil_lab` (`id_uji`, `id_laporan`, `tgl_uji`, `penyakit`, `hasil_uji`) VALUES ('LAB-0192', 'LAP-0262', '07/25/25', 'PMK', NULL);
INSERT INTO `tr_hasil_lab` (`id_uji`, `id_laporan`, `tgl_uji`, `penyakit`, `hasil_uji`) VALUES ('LAB-0193', 'LAP-0287', '10/21/24', 'LSD', 'Negatif');
INSERT INTO `tr_hasil_lab` (`id_uji`, `id_laporan`, `tgl_uji`, `penyakit`, `hasil_uji`) VALUES ('LAB-0194', 'LAP-0016', '06/25/24', 'Anthrax', 'Negatif');
INSERT INTO `tr_hasil_lab` (`id_uji`, `id_laporan`, `tgl_uji`, `penyakit`, `hasil_uji`) VALUES ('LAB-0195', 'LAP-0011', '10/31/24', 'Flu Burung', 'Positif');
INSERT INTO `tr_hasil_lab` (`id_uji`, `id_laporan`, `tgl_uji`, `penyakit`, `hasil_uji`) VALUES ('LAB-0196', 'LAP-0240', '07/30/24', 'PMK', 'Negatif');
INSERT INTO `tr_hasil_lab` (`id_uji`, `id_laporan`, `tgl_uji`, `penyakit`, `hasil_uji`) VALUES ('LAB-0197', 'LAP-0061', '01/01/24', 'Flu Burung', 'Negatif');
INSERT INTO `tr_hasil_lab` (`id_uji`, `id_laporan`, `tgl_uji`, `penyakit`, `hasil_uji`) VALUES ('LAB-0198', 'LAP-0184', '06/03/24', 'Flu Burung', NULL);
INSERT INTO `tr_hasil_lab` (`id_uji`, `id_laporan`, `tgl_uji`, `penyakit`, `hasil_uji`) VALUES ('LAB-0199', 'LAP-0043', '08/14/24', 'Anthrax', 'Positif');
INSERT INTO `tr_hasil_lab` (`id_uji`, `id_laporan`, `tgl_uji`, `penyakit`, `hasil_uji`) VALUES ('LAB-0200', 'LAP-0127', '12/10/24', 'Anthrax', 'Positif');
INSERT INTO `tr_hasil_lab` (`id_uji`, `id_laporan`, `tgl_uji`, `penyakit`, `hasil_uji`) VALUES ('LAB-0201', 'LAP-0225', '01/04/24', 'Flu Burung', 'Positif');
INSERT INTO `tr_hasil_lab` (`id_uji`, `id_laporan`, `tgl_uji`, `penyakit`, `hasil_uji`) VALUES ('LAB-0202', 'LAP-0240', '01/18/24', 'PMK', 'Negatif');
INSERT INTO `tr_hasil_lab` (`id_uji`, `id_laporan`, `tgl_uji`, `penyakit`, `hasil_uji`) VALUES ('LAB-0203', 'LAP-0155', '05/21/24', 'LSD', 'Positif');
INSERT INTO `tr_hasil_lab` (`id_uji`, `id_laporan`, `tgl_uji`, `penyakit`, `hasil_uji`) VALUES ('LAB-0204', 'LAP-0166', '07/18/25', 'LSD', 'Negatif');
INSERT INTO `tr_hasil_lab` (`id_uji`, `id_laporan`, `tgl_uji`, `penyakit`, `hasil_uji`) VALUES ('LAB-0205', 'LAP-0173', '05/17/24', 'Anthrax', 'Positif');
INSERT INTO `tr_hasil_lab` (`id_uji`, `id_laporan`, `tgl_uji`, `penyakit`, `hasil_uji`) VALUES ('LAB-0206', 'LAP-0188', '08/26/24', 'Flu Burung', 'Positif');
INSERT INTO `tr_hasil_lab` (`id_uji`, `id_laporan`, `tgl_uji`, `penyakit`, `hasil_uji`) VALUES ('LAB-0207', 'LAP-0261', '11/18/25', 'Flu Burung', 'Negatif');
INSERT INTO `tr_hasil_lab` (`id_uji`, `id_laporan`, `tgl_uji`, `penyakit`, `hasil_uji`) VALUES ('LAB-0208', 'LAP-0204', '08/21/24', 'LSD', 'Negatif');
INSERT INTO `tr_hasil_lab` (`id_uji`, `id_laporan`, `tgl_uji`, `penyakit`, `hasil_uji`) VALUES ('LAB-0209', 'LAP-0133', '12/28/25', 'LSD', 'Positif');
INSERT INTO `tr_hasil_lab` (`id_uji`, `id_laporan`, `tgl_uji`, `penyakit`, `hasil_uji`) VALUES ('LAB-0210', 'LAP-0003', '11/18/24', 'Flu Burung', 'Negatif');
INSERT INTO `tr_hasil_lab` (`id_uji`, `id_laporan`, `tgl_uji`, `penyakit`, `hasil_uji`) VALUES ('LAB-0211', 'LAP-0261', '05/26/24', 'Anthrax', 'Negatif');
INSERT INTO `tr_hasil_lab` (`id_uji`, `id_laporan`, `tgl_uji`, `penyakit`, `hasil_uji`) VALUES ('LAB-0212', 'LAP-0116', '11/05/24', 'Flu Burung', 'Negatif');
INSERT INTO `tr_hasil_lab` (`id_uji`, `id_laporan`, `tgl_uji`, `penyakit`, `hasil_uji`) VALUES ('LAB-0213', 'LAP-0248', '05/17/24', 'LSD', 'Positif');
INSERT INTO `tr_hasil_lab` (`id_uji`, `id_laporan`, `tgl_uji`, `penyakit`, `hasil_uji`) VALUES ('LAB-0214', 'LAP-0238', '08/11/25', 'Flu Burung', 'Positif');
INSERT INTO `tr_hasil_lab` (`id_uji`, `id_laporan`, `tgl_uji`, `penyakit`, `hasil_uji`) VALUES ('LAB-0215', 'LAP-0183', '04/24/25', 'Newcastle Disease', 'Positif');
INSERT INTO `tr_hasil_lab` (`id_uji`, `id_laporan`, `tgl_uji`, `penyakit`, `hasil_uji`) VALUES ('LAB-0216', 'LAP-0145', '09/25/25', 'Newcastle Disease', 'Negatif');
INSERT INTO `tr_hasil_lab` (`id_uji`, `id_laporan`, `tgl_uji`, `penyakit`, `hasil_uji`) VALUES ('LAB-0217', 'LAP-0196', '03/24/25', 'Flu Burung', 'Positif');
INSERT INTO `tr_hasil_lab` (`id_uji`, `id_laporan`, `tgl_uji`, `penyakit`, `hasil_uji`) VALUES ('LAB-0218', 'LAP-0232', '10/03/24', 'Newcastle Disease', 'Positif');
INSERT INTO `tr_hasil_lab` (`id_uji`, `id_laporan`, `tgl_uji`, `penyakit`, `hasil_uji`) VALUES ('LAB-0219', 'LAP-0177', '01/26/24', 'Anthrax', 'Positif');
INSERT INTO `tr_hasil_lab` (`id_uji`, `id_laporan`, `tgl_uji`, `penyakit`, `hasil_uji`) VALUES ('LAB-0220', 'LAP-0176', '02/01/24', 'LSD', 'Positif');
INSERT INTO `tr_hasil_lab` (`id_uji`, `id_laporan`, `tgl_uji`, `penyakit`, `hasil_uji`) VALUES ('LAB-0221', 'LAP-0147', '05/04/25', 'Flu Burung', 'Positif');
INSERT INTO `tr_hasil_lab` (`id_uji`, `id_laporan`, `tgl_uji`, `penyakit`, `hasil_uji`) VALUES ('LAB-0222', 'LAP-0225', '09/05/24', 'Newcastle Disease', 'Positif');
INSERT INTO `tr_hasil_lab` (`id_uji`, `id_laporan`, `tgl_uji`, `penyakit`, `hasil_uji`) VALUES ('LAB-0223', 'LAP-0025', '12/30/24', 'LSD', 'Negatif');
INSERT INTO `tr_hasil_lab` (`id_uji`, `id_laporan`, `tgl_uji`, `penyakit`, `hasil_uji`) VALUES ('LAB-0224', 'LAP-0234', '01/06/25', 'Newcastle Disease', 'Positif');
INSERT INTO `tr_hasil_lab` (`id_uji`, `id_laporan`, `tgl_uji`, `penyakit`, `hasil_uji`) VALUES ('LAB-0225', 'LAP-0004', '08/03/25', 'PMK', 'Positif');
INSERT INTO `tr_hasil_lab` (`id_uji`, `id_laporan`, `tgl_uji`, `penyakit`, `hasil_uji`) VALUES ('LAB-0226', 'LAP-0118', '06/14/24', 'Flu Burung', 'Negatif');
INSERT INTO `tr_hasil_lab` (`id_uji`, `id_laporan`, `tgl_uji`, `penyakit`, `hasil_uji`) VALUES ('LAB-0227', 'LAP-0164', '01/07/25', 'PMK', 'Negatif');
INSERT INTO `tr_hasil_lab` (`id_uji`, `id_laporan`, `tgl_uji`, `penyakit`, `hasil_uji`) VALUES ('LAB-0228', 'LAP-0145', '09/24/25', 'Flu Burung', 'Positif');
INSERT INTO `tr_hasil_lab` (`id_uji`, `id_laporan`, `tgl_uji`, `penyakit`, `hasil_uji`) VALUES ('LAB-0229', 'LAP-0137', '08/28/25', 'Newcastle Disease', 'Positif');
INSERT INTO `tr_hasil_lab` (`id_uji`, `id_laporan`, `tgl_uji`, `penyakit`, `hasil_uji`) VALUES ('LAB-0230', 'LAP-0104', '08/21/24', 'Newcastle Disease', 'Negatif');
INSERT INTO `tr_hasil_lab` (`id_uji`, `id_laporan`, `tgl_uji`, `penyakit`, `hasil_uji`) VALUES ('LAB-0231', 'LAP-0132', '06/10/25', 'Newcastle Disease', 'Positif');
INSERT INTO `tr_hasil_lab` (`id_uji`, `id_laporan`, `tgl_uji`, `penyakit`, `hasil_uji`) VALUES ('LAB-0232', 'LAP-0265', '03/09/25', 'Anthrax', 'Negatif');
INSERT INTO `tr_hasil_lab` (`id_uji`, `id_laporan`, `tgl_uji`, `penyakit`, `hasil_uji`) VALUES ('LAB-0233', 'LAP-0028', '05/21/25', 'LSD', 'Negatif');
INSERT INTO `tr_hasil_lab` (`id_uji`, `id_laporan`, `tgl_uji`, `penyakit`, `hasil_uji`) VALUES ('LAB-0234', 'LAP-0156', '01/15/24', 'LSD', NULL);
INSERT INTO `tr_hasil_lab` (`id_uji`, `id_laporan`, `tgl_uji`, `penyakit`, `hasil_uji`) VALUES ('LAB-0235', 'LAP-0068', '07/19/25', 'Newcastle Disease', 'Negatif');
INSERT INTO `tr_hasil_lab` (`id_uji`, `id_laporan`, `tgl_uji`, `penyakit`, `hasil_uji`) VALUES ('LAB-0236', 'LAP-0217', '04/22/25', 'LSD', NULL);
INSERT INTO `tr_hasil_lab` (`id_uji`, `id_laporan`, `tgl_uji`, `penyakit`, `hasil_uji`) VALUES ('LAB-0237', 'LAP-0299', '05/10/25', 'Newcastle Disease', 'Negatif');
INSERT INTO `tr_hasil_lab` (`id_uji`, `id_laporan`, `tgl_uji`, `penyakit`, `hasil_uji`) VALUES ('LAB-0238', 'LAP-0086', '09/29/25', 'LSD', 'Positif');
INSERT INTO `tr_hasil_lab` (`id_uji`, `id_laporan`, `tgl_uji`, `penyakit`, `hasil_uji`) VALUES ('LAB-0239', 'LAP-0275', '01/08/24', 'Flu Burung', 'Negatif');
INSERT INTO `tr_hasil_lab` (`id_uji`, `id_laporan`, `tgl_uji`, `penyakit`, `hasil_uji`) VALUES ('LAB-0240', 'LAP-0176', '07/23/24', 'Newcastle Disease', 'Positif');
INSERT INTO `tr_hasil_lab` (`id_uji`, `id_laporan`, `tgl_uji`, `penyakit`, `hasil_uji`) VALUES ('LAB-0241', 'LAP-0021', '11/03/24', 'Anthrax', 'Negatif');
INSERT INTO `tr_hasil_lab` (`id_uji`, `id_laporan`, `tgl_uji`, `penyakit`, `hasil_uji`) VALUES ('LAB-0242', 'LAP-0244', '07/11/25', 'Newcastle Disease', 'Negatif');
INSERT INTO `tr_hasil_lab` (`id_uji`, `id_laporan`, `tgl_uji`, `penyakit`, `hasil_uji`) VALUES ('LAB-0243', 'LAP-0210', '09/11/24', 'Newcastle Disease', 'Positif');
INSERT INTO `tr_hasil_lab` (`id_uji`, `id_laporan`, `tgl_uji`, `penyakit`, `hasil_uji`) VALUES ('LAB-0244', 'LAP-0061', '03/21/25', 'LSD', 'Negatif');
INSERT INTO `tr_hasil_lab` (`id_uji`, `id_laporan`, `tgl_uji`, `penyakit`, `hasil_uji`) VALUES ('LAB-0245', 'LAP-0024', '11/12/24', 'Flu Burung', 'Positif');
INSERT INTO `tr_hasil_lab` (`id_uji`, `id_laporan`, `tgl_uji`, `penyakit`, `hasil_uji`) VALUES ('LAB-0246', 'LAP-0002', '05/25/25', 'Flu Burung', 'Positif');
INSERT INTO `tr_hasil_lab` (`id_uji`, `id_laporan`, `tgl_uji`, `penyakit`, `hasil_uji`) VALUES ('LAB-0247', 'LAP-0015', '07/02/25', 'LSD', 'Positif');
INSERT INTO `tr_hasil_lab` (`id_uji`, `id_laporan`, `tgl_uji`, `penyakit`, `hasil_uji`) VALUES ('LAB-0248', 'LAP-0109', '09/12/24', 'Newcastle Disease', 'Positif');
INSERT INTO `tr_hasil_lab` (`id_uji`, `id_laporan`, `tgl_uji`, `penyakit`, `hasil_uji`) VALUES ('LAB-0249', 'LAP-0173', '04/26/24', 'Newcastle Disease', 'Negatif');
INSERT INTO `tr_hasil_lab` (`id_uji`, `id_laporan`, `tgl_uji`, `penyakit`, `hasil_uji`) VALUES ('LAB-0250', 'LAP-0027', '08/06/25', 'Anthrax', 'Negatif');
INSERT INTO `tr_hasil_lab` (`id_uji`, `id_laporan`, `tgl_uji`, `penyakit`, `hasil_uji`) VALUES ('LAB-0251', 'LAP-0077', '04/10/24', 'Newcastle Disease', 'Positif');
INSERT INTO `tr_hasil_lab` (`id_uji`, `id_laporan`, `tgl_uji`, `penyakit`, `hasil_uji`) VALUES ('LAB-0252', 'LAP-0194', '09/14/25', 'Anthrax', NULL);
INSERT INTO `tr_hasil_lab` (`id_uji`, `id_laporan`, `tgl_uji`, `penyakit`, `hasil_uji`) VALUES ('LAB-0253', 'LAP-0185', '10/09/24', 'LSD', 'Positif');
INSERT INTO `tr_hasil_lab` (`id_uji`, `id_laporan`, `tgl_uji`, `penyakit`, `hasil_uji`) VALUES ('LAB-0254', 'LAP-0254', '08/11/24', 'Anthrax', 'Positif');
INSERT INTO `tr_hasil_lab` (`id_uji`, `id_laporan`, `tgl_uji`, `penyakit`, `hasil_uji`) VALUES ('LAB-0255', 'LAP-0139', '12/25/25', 'Newcastle Disease', 'Positif');
INSERT INTO `tr_hasil_lab` (`id_uji`, `id_laporan`, `tgl_uji`, `penyakit`, `hasil_uji`) VALUES ('LAB-0256', 'LAP-0147', '08/09/25', 'Flu Burung', 'Positif');
INSERT INTO `tr_hasil_lab` (`id_uji`, `id_laporan`, `tgl_uji`, `penyakit`, `hasil_uji`) VALUES ('LAB-0257', 'LAP-0063', '07/24/25', 'LSD', 'Negatif');
INSERT INTO `tr_hasil_lab` (`id_uji`, `id_laporan`, `tgl_uji`, `penyakit`, `hasil_uji`) VALUES ('LAB-0258', 'LAP-0117', '11/06/24', 'Newcastle Disease', 'Negatif');
INSERT INTO `tr_hasil_lab` (`id_uji`, `id_laporan`, `tgl_uji`, `penyakit`, `hasil_uji`) VALUES ('LAB-0259', 'LAP-0222', '01/06/24', 'PMK', 'Positif');
INSERT INTO `tr_hasil_lab` (`id_uji`, `id_laporan`, `tgl_uji`, `penyakit`, `hasil_uji`) VALUES ('LAB-0260', 'LAP-0166', '05/15/24', 'Newcastle Disease', 'Positif');
INSERT INTO `tr_hasil_lab` (`id_uji`, `id_laporan`, `tgl_uji`, `penyakit`, `hasil_uji`) VALUES ('LAB-0261', 'LAP-0191', '12/20/24', 'PMK', 'Positif');
INSERT INTO `tr_hasil_lab` (`id_uji`, `id_laporan`, `tgl_uji`, `penyakit`, `hasil_uji`) VALUES ('LAB-0262', 'LAP-0116', '08/19/24', 'Newcastle Disease', 'Negatif');
INSERT INTO `tr_hasil_lab` (`id_uji`, `id_laporan`, `tgl_uji`, `penyakit`, `hasil_uji`) VALUES ('LAB-0263', 'LAP-0111', '07/22/24', 'PMK', 'Negatif');
INSERT INTO `tr_hasil_lab` (`id_uji`, `id_laporan`, `tgl_uji`, `penyakit`, `hasil_uji`) VALUES ('LAB-0264', 'LAP-0092', '12/16/25', 'Newcastle Disease', 'Positif');
INSERT INTO `tr_hasil_lab` (`id_uji`, `id_laporan`, `tgl_uji`, `penyakit`, `hasil_uji`) VALUES ('LAB-0265', 'LAP-0006', '04/11/25', 'PMK', 'Negatif');
INSERT INTO `tr_hasil_lab` (`id_uji`, `id_laporan`, `tgl_uji`, `penyakit`, `hasil_uji`) VALUES ('LAB-0266', 'LAP-0183', '10/26/25', 'Anthrax', 'Positif');
INSERT INTO `tr_hasil_lab` (`id_uji`, `id_laporan`, `tgl_uji`, `penyakit`, `hasil_uji`) VALUES ('LAB-0267', 'LAP-0225', '06/08/24', 'Flu Burung', 'Negatif');
INSERT INTO `tr_hasil_lab` (`id_uji`, `id_laporan`, `tgl_uji`, `penyakit`, `hasil_uji`) VALUES ('LAB-0268', 'LAP-0093', '01/12/25', 'Flu Burung', 'Positif');
INSERT INTO `tr_hasil_lab` (`id_uji`, `id_laporan`, `tgl_uji`, `penyakit`, `hasil_uji`) VALUES ('LAB-0269', 'LAP-0033', '11/05/24', 'Newcastle Disease', 'Negatif');
INSERT INTO `tr_hasil_lab` (`id_uji`, `id_laporan`, `tgl_uji`, `penyakit`, `hasil_uji`) VALUES ('LAB-0270', 'LAP-0065', '01/14/25', 'PMK', 'Positif');
INSERT INTO `tr_hasil_lab` (`id_uji`, `id_laporan`, `tgl_uji`, `penyakit`, `hasil_uji`) VALUES ('LAB-0271', 'LAP-0165', '08/24/25', 'Flu Burung', 'Positif');
INSERT INTO `tr_hasil_lab` (`id_uji`, `id_laporan`, `tgl_uji`, `penyakit`, `hasil_uji`) VALUES ('LAB-0272', 'LAP-0208', '05/18/24', 'Flu Burung', 'Positif');
INSERT INTO `tr_hasil_lab` (`id_uji`, `id_laporan`, `tgl_uji`, `penyakit`, `hasil_uji`) VALUES ('LAB-0273', 'LAP-0184', '04/20/24', 'Newcastle Disease', 'Positif');
INSERT INTO `tr_hasil_lab` (`id_uji`, `id_laporan`, `tgl_uji`, `penyakit`, `hasil_uji`) VALUES ('LAB-0274', 'LAP-0229', '10/22/24', 'Anthrax', 'Positif');
INSERT INTO `tr_hasil_lab` (`id_uji`, `id_laporan`, `tgl_uji`, `penyakit`, `hasil_uji`) VALUES ('LAB-0275', 'LAP-0043', '10/23/25', 'Flu Burung', 'Positif');
INSERT INTO `tr_hasil_lab` (`id_uji`, `id_laporan`, `tgl_uji`, `penyakit`, `hasil_uji`) VALUES ('LAB-0276', 'LAP-0278', '08/01/24', 'LSD', 'Positif');
INSERT INTO `tr_hasil_lab` (`id_uji`, `id_laporan`, `tgl_uji`, `penyakit`, `hasil_uji`) VALUES ('LAB-0277', 'LAP-0167', '10/02/25', 'Newcastle Disease', 'Negatif');
INSERT INTO `tr_hasil_lab` (`id_uji`, `id_laporan`, `tgl_uji`, `penyakit`, `hasil_uji`) VALUES ('LAB-0278', 'LAP-0247', '03/17/25', 'LSD', 'Negatif');
INSERT INTO `tr_hasil_lab` (`id_uji`, `id_laporan`, `tgl_uji`, `penyakit`, `hasil_uji`) VALUES ('LAB-0279', 'LAP-0080', '06/20/24', 'Anthrax', 'Negatif');
INSERT INTO `tr_hasil_lab` (`id_uji`, `id_laporan`, `tgl_uji`, `penyakit`, `hasil_uji`) VALUES ('LAB-0280', 'LAP-0208', '10/15/25', 'Anthrax', 'Positif');
INSERT INTO `tr_hasil_lab` (`id_uji`, `id_laporan`, `tgl_uji`, `penyakit`, `hasil_uji`) VALUES ('LAB-0281', 'LAP-0249', '05/19/24', 'Newcastle Disease', 'Positif');
INSERT INTO `tr_hasil_lab` (`id_uji`, `id_laporan`, `tgl_uji`, `penyakit`, `hasil_uji`) VALUES ('LAB-0282', 'LAP-0238', '02/16/25', 'LSD', 'Negatif');
INSERT INTO `tr_hasil_lab` (`id_uji`, `id_laporan`, `tgl_uji`, `penyakit`, `hasil_uji`) VALUES ('LAB-0283', 'LAP-0131', '06/18/25', 'PMK', 'Positif');
INSERT INTO `tr_hasil_lab` (`id_uji`, `id_laporan`, `tgl_uji`, `penyakit`, `hasil_uji`) VALUES ('LAB-0284', 'LAP-0115', '08/29/24', 'Flu Burung', 'Positif');
INSERT INTO `tr_hasil_lab` (`id_uji`, `id_laporan`, `tgl_uji`, `penyakit`, `hasil_uji`) VALUES ('LAB-0285', 'LAP-0178', '02/15/25', 'Newcastle Disease', 'Positif');
INSERT INTO `tr_hasil_lab` (`id_uji`, `id_laporan`, `tgl_uji`, `penyakit`, `hasil_uji`) VALUES ('LAB-0286', 'LAP-0219', '02/10/25', 'Newcastle Disease', 'Positif');
INSERT INTO `tr_hasil_lab` (`id_uji`, `id_laporan`, `tgl_uji`, `penyakit`, `hasil_uji`) VALUES ('LAB-0287', 'LAP-0098', '07/04/24', 'PMK', 'Positif');
INSERT INTO `tr_hasil_lab` (`id_uji`, `id_laporan`, `tgl_uji`, `penyakit`, `hasil_uji`) VALUES ('LAB-0288', 'LAP-0193', '01/27/24', 'PMK', 'Positif');
INSERT INTO `tr_hasil_lab` (`id_uji`, `id_laporan`, `tgl_uji`, `penyakit`, `hasil_uji`) VALUES ('LAB-0289', 'LAP-0039', '09/21/24', 'PMK', 'Positif');
INSERT INTO `tr_hasil_lab` (`id_uji`, `id_laporan`, `tgl_uji`, `penyakit`, `hasil_uji`) VALUES ('LAB-0290', 'LAP-0115', '04/26/25', 'LSD', 'Positif');
INSERT INTO `tr_hasil_lab` (`id_uji`, `id_laporan`, `tgl_uji`, `penyakit`, `hasil_uji`) VALUES ('LAB-0291', 'LAP-0182', '08/06/24', 'Flu Burung', 'Negatif');
INSERT INTO `tr_hasil_lab` (`id_uji`, `id_laporan`, `tgl_uji`, `penyakit`, `hasil_uji`) VALUES ('LAB-0292', 'LAP-0012', '02/09/25', 'Newcastle Disease', 'Negatif');
INSERT INTO `tr_hasil_lab` (`id_uji`, `id_laporan`, `tgl_uji`, `penyakit`, `hasil_uji`) VALUES ('LAB-0293', 'LAP-0220', '09/10/24', 'LSD', 'Positif');
INSERT INTO `tr_hasil_lab` (`id_uji`, `id_laporan`, `tgl_uji`, `penyakit`, `hasil_uji`) VALUES ('LAB-0294', 'LAP-0084', '05/05/24', 'Anthrax', 'Positif');
INSERT INTO `tr_hasil_lab` (`id_uji`, `id_laporan`, `tgl_uji`, `penyakit`, `hasil_uji`) VALUES ('LAB-0295', 'LAP-0238', '06/10/24', 'PMK', 'Positif');
INSERT INTO `tr_hasil_lab` (`id_uji`, `id_laporan`, `tgl_uji`, `penyakit`, `hasil_uji`) VALUES ('LAB-0296', 'LAP-0160', '02/22/24', 'LSD', 'Positif');
INSERT INTO `tr_hasil_lab` (`id_uji`, `id_laporan`, `tgl_uji`, `penyakit`, `hasil_uji`) VALUES ('LAB-0297', 'LAP-0158', '05/09/24', 'PMK', 'Positif');
INSERT INTO `tr_hasil_lab` (`id_uji`, `id_laporan`, `tgl_uji`, `penyakit`, `hasil_uji`) VALUES ('LAB-0298', 'LAP-0133', '07/12/24', 'Newcastle Disease', 'Negatif');
INSERT INTO `tr_hasil_lab` (`id_uji`, `id_laporan`, `tgl_uji`, `penyakit`, `hasil_uji`) VALUES ('LAB-0299', 'LAP-0288', '11/07/24', 'PMK', 'Positif');
INSERT INTO `tr_hasil_lab` (`id_uji`, `id_laporan`, `tgl_uji`, `penyakit`, `hasil_uji`) VALUES ('LAB-0300', 'LAP-0242', '02/10/24', 'Anthrax', 'Positif');

-- 6. Tabel Transaksi RPH (Rumah Potong Hewan)
DROP TABLE IF EXISTS `tr_rph`;
CREATE TABLE `tr_rph` (
  `id_potong` VARCHAR(15) NOT NULL,
  `tgl_potong` VARCHAR(10) DEFAULT NULL,
  `id_wilayah` INT DEFAULT NULL,
  `id_hewan` VARCHAR(10) DEFAULT NULL,
  `berat_karkas` DOUBLE DEFAULT NULL,
  PRIMARY KEY (`id_potong`),
  CONSTRAINT `fk_rph_wilayah` FOREIGN KEY (`id_wilayah`) REFERENCES `ref_wilayah` (`id_wilayah`) ON DELETE SET NULL ON UPDATE CASCADE,
  CONSTRAINT `fk_rph_hewan` FOREIGN KEY (`id_hewan`) REFERENCES `ref_hewan` (`id_hewan`) ON DELETE SET NULL ON UPDATE CASCADE
) ENGINE=InnoDB DEFAULT CHARSET=utf8mb4;

INSERT INTO `tr_rph` (`id_potong`, `tgl_potong`, `id_wilayah`, `id_hewan`, `berat_karkas`) VALUES ('PTG-0001', '11/21/24', 4, 'H2-001', 83.41);
INSERT INTO `tr_rph` (`id_potong`, `tgl_potong`, `id_wilayah`, `id_hewan`, `berat_karkas`) VALUES ('PTG-0002', '03/28/25', 4, 'H2-001', 120.66);
INSERT INTO `tr_rph` (`id_potong`, `tgl_potong`, `id_wilayah`, `id_hewan`, `berat_karkas`) VALUES ('PTG-0003', '12/20/24', 31, 'H4-001', 277.95);
INSERT INTO `tr_rph` (`id_potong`, `tgl_potong`, `id_wilayah`, `id_hewan`, `berat_karkas`) VALUES ('PTG-0004', '12/03/25', 34, 'H2-001', 92.51);
INSERT INTO `tr_rph` (`id_potong`, `tgl_potong`, `id_wilayah`, `id_hewan`, `berat_karkas`) VALUES ('PTG-0005', '01/01/25', 23, 'H4-001', 31.55);
INSERT INTO `tr_rph` (`id_potong`, `tgl_potong`, `id_wilayah`, `id_hewan`, `berat_karkas`) VALUES ('PTG-0006', '06/07/24', 11, 'H2-001', 49.36);
INSERT INTO `tr_rph` (`id_potong`, `tgl_potong`, `id_wilayah`, `id_hewan`, `berat_karkas`) VALUES ('PTG-0007', '10/22/25', 1, 'H2-001', 265.09);
INSERT INTO `tr_rph` (`id_potong`, `tgl_potong`, `id_wilayah`, `id_hewan`, `berat_karkas`) VALUES ('PTG-0008', '10/23/25', 1, 'H2-001', 160.83);
INSERT INTO `tr_rph` (`id_potong`, `tgl_potong`, `id_wilayah`, `id_hewan`, `berat_karkas`) VALUES ('PTG-0009', '08/07/24', 18, 'H4-001', 84.4);
INSERT INTO `tr_rph` (`id_potong`, `tgl_potong`, `id_wilayah`, `id_hewan`, `berat_karkas`) VALUES ('PTG-0010', '02/21/24', 7, 'H4-001', 92.63);
INSERT INTO `tr_rph` (`id_potong`, `tgl_potong`, `id_wilayah`, `id_hewan`, `berat_karkas`) VALUES ('PTG-0011', '08/30/24', 28, 'H2-001', 28.99);
INSERT INTO `tr_rph` (`id_potong`, `tgl_potong`, `id_wilayah`, `id_hewan`, `berat_karkas`) VALUES ('PTG-0012', '04/27/24', 21, 'H4-001', 264.91);
INSERT INTO `tr_rph` (`id_potong`, `tgl_potong`, `id_wilayah`, `id_hewan`, `berat_karkas`) VALUES ('PTG-0013', '01/30/24', 15, 'H4-001', NULL);
INSERT INTO `tr_rph` (`id_potong`, `tgl_potong`, `id_wilayah`, `id_hewan`, `berat_karkas`) VALUES ('PTG-0014', '05/30/25', 22, 'H4-001', 176.05);
INSERT INTO `tr_rph` (`id_potong`, `tgl_potong`, `id_wilayah`, `id_hewan`, `berat_karkas`) VALUES ('PTG-0015', '02/29/24', 30, 'H4-001', 54.81);
INSERT INTO `tr_rph` (`id_potong`, `tgl_potong`, `id_wilayah`, `id_hewan`, `berat_karkas`) VALUES ('PTG-0016', '10/09/25', 20, 'H4-001', 55.45);
INSERT INTO `tr_rph` (`id_potong`, `tgl_potong`, `id_wilayah`, `id_hewan`, `berat_karkas`) VALUES ('PTG-0017', '08/28/24', 31, 'H4-001', 35.42);
INSERT INTO `tr_rph` (`id_potong`, `tgl_potong`, `id_wilayah`, `id_hewan`, `berat_karkas`) VALUES ('PTG-0018', '07/12/25', 32, 'H4-001', 116.33);
INSERT INTO `tr_rph` (`id_potong`, `tgl_potong`, `id_wilayah`, `id_hewan`, `berat_karkas`) VALUES ('PTG-0019', '11/12/25', 25, 'H4-001', 133.9);
INSERT INTO `tr_rph` (`id_potong`, `tgl_potong`, `id_wilayah`, `id_hewan`, `berat_karkas`) VALUES ('PTG-0020', '12/29/24', 28, 'H2-001', 28.97);
INSERT INTO `tr_rph` (`id_potong`, `tgl_potong`, `id_wilayah`, `id_hewan`, `berat_karkas`) VALUES ('PTG-0021', '04/07/25', 19, 'H4-001', 172.75);
INSERT INTO `tr_rph` (`id_potong`, `tgl_potong`, `id_wilayah`, `id_hewan`, `berat_karkas`) VALUES ('PTG-0022', '02/12/24', 33, 'H4-001', 280.83);
INSERT INTO `tr_rph` (`id_potong`, `tgl_potong`, `id_wilayah`, `id_hewan`, `berat_karkas`) VALUES ('PTG-0023', '08/29/24', 21, 'H2-001', 184.48);
INSERT INTO `tr_rph` (`id_potong`, `tgl_potong`, `id_wilayah`, `id_hewan`, `berat_karkas`) VALUES ('PTG-0024', '07/20/25', 27, 'H4-001', 15.81);
INSERT INTO `tr_rph` (`id_potong`, `tgl_potong`, `id_wilayah`, `id_hewan`, `berat_karkas`) VALUES ('PTG-0025', '08/10/25', 3, 'H2-001', 17.18);
INSERT INTO `tr_rph` (`id_potong`, `tgl_potong`, `id_wilayah`, `id_hewan`, `berat_karkas`) VALUES ('PTG-0026', '04/12/25', 33, 'H2-001', 282.4);
INSERT INTO `tr_rph` (`id_potong`, `tgl_potong`, `id_wilayah`, `id_hewan`, `berat_karkas`) VALUES ('PTG-0027', '05/30/25', 36, 'H4-001', 55.81);
INSERT INTO `tr_rph` (`id_potong`, `tgl_potong`, `id_wilayah`, `id_hewan`, `berat_karkas`) VALUES ('PTG-0028', '07/17/24', 28, 'H2-001', 99.49);
INSERT INTO `tr_rph` (`id_potong`, `tgl_potong`, `id_wilayah`, `id_hewan`, `berat_karkas`) VALUES ('PTG-0029', '01/17/24', 14, 'H2-001', 230.25);
INSERT INTO `tr_rph` (`id_potong`, `tgl_potong`, `id_wilayah`, `id_hewan`, `berat_karkas`) VALUES ('PTG-0030', '03/27/24', 38, 'H2-001', 277.05);
INSERT INTO `tr_rph` (`id_potong`, `tgl_potong`, `id_wilayah`, `id_hewan`, `berat_karkas`) VALUES ('PTG-0031', '07/17/25', 3, 'H4-001', 147.01);
INSERT INTO `tr_rph` (`id_potong`, `tgl_potong`, `id_wilayah`, `id_hewan`, `berat_karkas`) VALUES ('PTG-0032', '01/09/25', 29, 'H2-001', 165.11);
INSERT INTO `tr_rph` (`id_potong`, `tgl_potong`, `id_wilayah`, `id_hewan`, `berat_karkas`) VALUES ('PTG-0033', '02/28/24', 12, 'H2-001', 292.19);
INSERT INTO `tr_rph` (`id_potong`, `tgl_potong`, `id_wilayah`, `id_hewan`, `berat_karkas`) VALUES ('PTG-0034', '01/08/24', 13, 'H4-001', 242.21);
INSERT INTO `tr_rph` (`id_potong`, `tgl_potong`, `id_wilayah`, `id_hewan`, `berat_karkas`) VALUES ('PTG-0035', '05/01/24', 25, 'H2-001', 27.25);
INSERT INTO `tr_rph` (`id_potong`, `tgl_potong`, `id_wilayah`, `id_hewan`, `berat_karkas`) VALUES ('PTG-0036', '07/11/25', 20, 'H2-001', 173.29);
INSERT INTO `tr_rph` (`id_potong`, `tgl_potong`, `id_wilayah`, `id_hewan`, `berat_karkas`) VALUES ('PTG-0037', '04/16/25', 9, 'H4-001', 260.87);
INSERT INTO `tr_rph` (`id_potong`, `tgl_potong`, `id_wilayah`, `id_hewan`, `berat_karkas`) VALUES ('PTG-0038', '10/05/24', 1, 'H2-001', 273.75);
INSERT INTO `tr_rph` (`id_potong`, `tgl_potong`, `id_wilayah`, `id_hewan`, `berat_karkas`) VALUES ('PTG-0039', '03/01/25', 2, 'H2-001', 219.31);
INSERT INTO `tr_rph` (`id_potong`, `tgl_potong`, `id_wilayah`, `id_hewan`, `berat_karkas`) VALUES ('PTG-0040', '12/16/24', 4, 'H2-001', 90.43);
INSERT INTO `tr_rph` (`id_potong`, `tgl_potong`, `id_wilayah`, `id_hewan`, `berat_karkas`) VALUES ('PTG-0041', '04/13/25', 30, 'H4-001', 168.38);
INSERT INTO `tr_rph` (`id_potong`, `tgl_potong`, `id_wilayah`, `id_hewan`, `berat_karkas`) VALUES ('PTG-0042', '03/18/25', 36, 'H4-001', 93.12);
INSERT INTO `tr_rph` (`id_potong`, `tgl_potong`, `id_wilayah`, `id_hewan`, `berat_karkas`) VALUES ('PTG-0043', '05/25/24', 9, 'H4-001', 252.94);
INSERT INTO `tr_rph` (`id_potong`, `tgl_potong`, `id_wilayah`, `id_hewan`, `berat_karkas`) VALUES ('PTG-0044', '01/06/24', 32, 'H2-001', 184.94);
INSERT INTO `tr_rph` (`id_potong`, `tgl_potong`, `id_wilayah`, `id_hewan`, `berat_karkas`) VALUES ('PTG-0045', '12/01/24', 28, 'H2-001', 165.37);
INSERT INTO `tr_rph` (`id_potong`, `tgl_potong`, `id_wilayah`, `id_hewan`, `berat_karkas`) VALUES ('PTG-0046', '02/02/25', 25, 'H2-001', 177.15);
INSERT INTO `tr_rph` (`id_potong`, `tgl_potong`, `id_wilayah`, `id_hewan`, `berat_karkas`) VALUES ('PTG-0047', '03/11/25', 27, 'H4-001', 111.98);
INSERT INTO `tr_rph` (`id_potong`, `tgl_potong`, `id_wilayah`, `id_hewan`, `berat_karkas`) VALUES ('PTG-0048', '09/15/24', 4, 'H2-001', 37.2);
INSERT INTO `tr_rph` (`id_potong`, `tgl_potong`, `id_wilayah`, `id_hewan`, `berat_karkas`) VALUES ('PTG-0049', '08/05/24', 28, 'H4-001', 196.81);
INSERT INTO `tr_rph` (`id_potong`, `tgl_potong`, `id_wilayah`, `id_hewan`, `berat_karkas`) VALUES ('PTG-0050', '12/20/24', 7, 'H4-001', 116.98);
INSERT INTO `tr_rph` (`id_potong`, `tgl_potong`, `id_wilayah`, `id_hewan`, `berat_karkas`) VALUES ('PTG-0051', '08/05/24', 11, 'H2-001', 88.26);
INSERT INTO `tr_rph` (`id_potong`, `tgl_potong`, `id_wilayah`, `id_hewan`, `berat_karkas`) VALUES ('PTG-0052', '01/28/25', 11, 'H4-001', 111.19);
INSERT INTO `tr_rph` (`id_potong`, `tgl_potong`, `id_wilayah`, `id_hewan`, `berat_karkas`) VALUES ('PTG-0053', '02/11/25', 10, 'H4-001', 43.35);
INSERT INTO `tr_rph` (`id_potong`, `tgl_potong`, `id_wilayah`, `id_hewan`, `berat_karkas`) VALUES ('PTG-0054', '12/13/25', 3, 'H2-001', 206.06);
INSERT INTO `tr_rph` (`id_potong`, `tgl_potong`, `id_wilayah`, `id_hewan`, `berat_karkas`) VALUES ('PTG-0055', '10/20/24', 19, 'H4-001', 250.55);
INSERT INTO `tr_rph` (`id_potong`, `tgl_potong`, `id_wilayah`, `id_hewan`, `berat_karkas`) VALUES ('PTG-0056', '06/29/24', 10, 'H4-001', 265.23);
INSERT INTO `tr_rph` (`id_potong`, `tgl_potong`, `id_wilayah`, `id_hewan`, `berat_karkas`) VALUES ('PTG-0057', '10/28/25', 38, 'H2-001', 196.55);
INSERT INTO `tr_rph` (`id_potong`, `tgl_potong`, `id_wilayah`, `id_hewan`, `berat_karkas`) VALUES ('PTG-0058', '09/09/25', 17, 'H2-001', 273.4);
INSERT INTO `tr_rph` (`id_potong`, `tgl_potong`, `id_wilayah`, `id_hewan`, `berat_karkas`) VALUES ('PTG-0059', '11/05/24', 4, 'H2-001', 114.37);
INSERT INTO `tr_rph` (`id_potong`, `tgl_potong`, `id_wilayah`, `id_hewan`, `berat_karkas`) VALUES ('PTG-0060', '05/23/24', 12, 'H4-001', 23.68);
INSERT INTO `tr_rph` (`id_potong`, `tgl_potong`, `id_wilayah`, `id_hewan`, `berat_karkas`) VALUES ('PTG-0061', '10/13/25', 38, 'H2-001', 29.88);
INSERT INTO `tr_rph` (`id_potong`, `tgl_potong`, `id_wilayah`, `id_hewan`, `berat_karkas`) VALUES ('PTG-0062', '08/07/25', 9, 'H4-001', 98.76);
INSERT INTO `tr_rph` (`id_potong`, `tgl_potong`, `id_wilayah`, `id_hewan`, `berat_karkas`) VALUES ('PTG-0063', '08/21/25', 18, 'H4-001', 169.03);
INSERT INTO `tr_rph` (`id_potong`, `tgl_potong`, `id_wilayah`, `id_hewan`, `berat_karkas`) VALUES ('PTG-0064', '11/23/24', 16, 'H2-001', 23.66);
INSERT INTO `tr_rph` (`id_potong`, `tgl_potong`, `id_wilayah`, `id_hewan`, `berat_karkas`) VALUES ('PTG-0065', '06/21/24', 5, 'H4-001', 202.86);
INSERT INTO `tr_rph` (`id_potong`, `tgl_potong`, `id_wilayah`, `id_hewan`, `berat_karkas`) VALUES ('PTG-0066', '05/23/24', 17, 'H4-001', 131.7);
INSERT INTO `tr_rph` (`id_potong`, `tgl_potong`, `id_wilayah`, `id_hewan`, `berat_karkas`) VALUES ('PTG-0067', '09/12/25', 27, 'H4-001', 174.09);
INSERT INTO `tr_rph` (`id_potong`, `tgl_potong`, `id_wilayah`, `id_hewan`, `berat_karkas`) VALUES ('PTG-0068', '10/24/25', 37, 'H2-001', 30.85);
INSERT INTO `tr_rph` (`id_potong`, `tgl_potong`, `id_wilayah`, `id_hewan`, `berat_karkas`) VALUES ('PTG-0069', '11/10/24', 21, 'H4-001', NULL);
INSERT INTO `tr_rph` (`id_potong`, `tgl_potong`, `id_wilayah`, `id_hewan`, `berat_karkas`) VALUES ('PTG-0070', '12/12/25', 23, 'H4-001', 133.22);
INSERT INTO `tr_rph` (`id_potong`, `tgl_potong`, `id_wilayah`, `id_hewan`, `berat_karkas`) VALUES ('PTG-0071', '09/12/24', 37, 'H2-001', 33.49);
INSERT INTO `tr_rph` (`id_potong`, `tgl_potong`, `id_wilayah`, `id_hewan`, `berat_karkas`) VALUES ('PTG-0072', '09/08/25', 4, 'H4-001', 287.54);
INSERT INTO `tr_rph` (`id_potong`, `tgl_potong`, `id_wilayah`, `id_hewan`, `berat_karkas`) VALUES ('PTG-0073', '07/30/24', 27, 'H4-001', 79.41);
INSERT INTO `tr_rph` (`id_potong`, `tgl_potong`, `id_wilayah`, `id_hewan`, `berat_karkas`) VALUES ('PTG-0074', '02/14/24', 22, 'H2-001', 280.98);
INSERT INTO `tr_rph` (`id_potong`, `tgl_potong`, `id_wilayah`, `id_hewan`, `berat_karkas`) VALUES ('PTG-0075', '06/06/24', 26, 'H2-001', 27.66);
INSERT INTO `tr_rph` (`id_potong`, `tgl_potong`, `id_wilayah`, `id_hewan`, `berat_karkas`) VALUES ('PTG-0076', '09/20/24', 20, 'H2-001', 198.24);
INSERT INTO `tr_rph` (`id_potong`, `tgl_potong`, `id_wilayah`, `id_hewan`, `berat_karkas`) VALUES ('PTG-0077', '03/01/25', 9, 'H4-001', 62.46);
INSERT INTO `tr_rph` (`id_potong`, `tgl_potong`, `id_wilayah`, `id_hewan`, `berat_karkas`) VALUES ('PTG-0078', '05/25/24', 29, 'H4-001', 224.49);
INSERT INTO `tr_rph` (`id_potong`, `tgl_potong`, `id_wilayah`, `id_hewan`, `berat_karkas`) VALUES ('PTG-0079', '11/29/25', 23, 'H4-001', 206.07);
INSERT INTO `tr_rph` (`id_potong`, `tgl_potong`, `id_wilayah`, `id_hewan`, `berat_karkas`) VALUES ('PTG-0080', '10/18/25', 7, 'H2-001', 45.99);
INSERT INTO `tr_rph` (`id_potong`, `tgl_potong`, `id_wilayah`, `id_hewan`, `berat_karkas`) VALUES ('PTG-0081', '08/25/25', 20, 'H4-001', NULL);
INSERT INTO `tr_rph` (`id_potong`, `tgl_potong`, `id_wilayah`, `id_hewan`, `berat_karkas`) VALUES ('PTG-0082', '07/03/25', 21, 'H4-001', 74.58);
INSERT INTO `tr_rph` (`id_potong`, `tgl_potong`, `id_wilayah`, `id_hewan`, `berat_karkas`) VALUES ('PTG-0083', '02/13/24', 19, 'H4-001', 79.45);
INSERT INTO `tr_rph` (`id_potong`, `tgl_potong`, `id_wilayah`, `id_hewan`, `berat_karkas`) VALUES ('PTG-0084', '01/06/25', 31, 'H4-001', 164.88);
INSERT INTO `tr_rph` (`id_potong`, `tgl_potong`, `id_wilayah`, `id_hewan`, `berat_karkas`) VALUES ('PTG-0085', '11/28/24', 1, 'H4-001', 233.8);
INSERT INTO `tr_rph` (`id_potong`, `tgl_potong`, `id_wilayah`, `id_hewan`, `berat_karkas`) VALUES ('PTG-0086', '01/23/24', 21, 'H4-001', 59.65);
INSERT INTO `tr_rph` (`id_potong`, `tgl_potong`, `id_wilayah`, `id_hewan`, `berat_karkas`) VALUES ('PTG-0087', '05/10/25', 26, 'H4-001', 289.76);
INSERT INTO `tr_rph` (`id_potong`, `tgl_potong`, `id_wilayah`, `id_hewan`, `berat_karkas`) VALUES ('PTG-0088', '11/20/24', 36, 'H2-001', 139.76);
INSERT INTO `tr_rph` (`id_potong`, `tgl_potong`, `id_wilayah`, `id_hewan`, `berat_karkas`) VALUES ('PTG-0089', '07/20/25', 28, 'H2-001', 141.05);
INSERT INTO `tr_rph` (`id_potong`, `tgl_potong`, `id_wilayah`, `id_hewan`, `berat_karkas`) VALUES ('PTG-0090', '01/16/25', 13, 'H2-001', 33.91);
INSERT INTO `tr_rph` (`id_potong`, `tgl_potong`, `id_wilayah`, `id_hewan`, `berat_karkas`) VALUES ('PTG-0091', '06/27/25', 7, 'H2-001', 249.53);
INSERT INTO `tr_rph` (`id_potong`, `tgl_potong`, `id_wilayah`, `id_hewan`, `berat_karkas`) VALUES ('PTG-0092', '06/20/24', 27, 'H4-001', 94.29);
INSERT INTO `tr_rph` (`id_potong`, `tgl_potong`, `id_wilayah`, `id_hewan`, `berat_karkas`) VALUES ('PTG-0093', '01/27/24', 24, 'H2-001', 67.51);
INSERT INTO `tr_rph` (`id_potong`, `tgl_potong`, `id_wilayah`, `id_hewan`, `berat_karkas`) VALUES ('PTG-0094', '04/15/24', 19, 'H4-001', 45.86);
INSERT INTO `tr_rph` (`id_potong`, `tgl_potong`, `id_wilayah`, `id_hewan`, `berat_karkas`) VALUES ('PTG-0095', '07/16/25', 6, 'H2-001', 130.74);
INSERT INTO `tr_rph` (`id_potong`, `tgl_potong`, `id_wilayah`, `id_hewan`, `berat_karkas`) VALUES ('PTG-0096', '07/18/25', 38, 'H4-001', 261.45);
INSERT INTO `tr_rph` (`id_potong`, `tgl_potong`, `id_wilayah`, `id_hewan`, `berat_karkas`) VALUES ('PTG-0097', '12/03/25', 23, 'H2-001', 96.87);
INSERT INTO `tr_rph` (`id_potong`, `tgl_potong`, `id_wilayah`, `id_hewan`, `berat_karkas`) VALUES ('PTG-0098', '07/23/25', 3, 'H2-001', 68.1);
INSERT INTO `tr_rph` (`id_potong`, `tgl_potong`, `id_wilayah`, `id_hewan`, `berat_karkas`) VALUES ('PTG-0099', '08/28/25', 4, 'H4-001', 117.57);
INSERT INTO `tr_rph` (`id_potong`, `tgl_potong`, `id_wilayah`, `id_hewan`, `berat_karkas`) VALUES ('PTG-0100', '06/03/25', 2, 'H2-001', 67.35);
INSERT INTO `tr_rph` (`id_potong`, `tgl_potong`, `id_wilayah`, `id_hewan`, `berat_karkas`) VALUES ('PTG-0101', '08/31/24', 31, 'H2-001', 103.84);
INSERT INTO `tr_rph` (`id_potong`, `tgl_potong`, `id_wilayah`, `id_hewan`, `berat_karkas`) VALUES ('PTG-0102', '11/01/24', 25, 'H2-001', 85.94);
INSERT INTO `tr_rph` (`id_potong`, `tgl_potong`, `id_wilayah`, `id_hewan`, `berat_karkas`) VALUES ('PTG-0103', '06/13/25', 31, 'H2-001', 267.18);
INSERT INTO `tr_rph` (`id_potong`, `tgl_potong`, `id_wilayah`, `id_hewan`, `berat_karkas`) VALUES ('PTG-0104', '02/04/24', 10, 'H4-001', 111.83);
INSERT INTO `tr_rph` (`id_potong`, `tgl_potong`, `id_wilayah`, `id_hewan`, `berat_karkas`) VALUES ('PTG-0105', '10/11/24', 7, 'H4-001', 107.09);
INSERT INTO `tr_rph` (`id_potong`, `tgl_potong`, `id_wilayah`, `id_hewan`, `berat_karkas`) VALUES ('PTG-0106', '02/12/25', 11, 'H4-001', 85.32);
INSERT INTO `tr_rph` (`id_potong`, `tgl_potong`, `id_wilayah`, `id_hewan`, `berat_karkas`) VALUES ('PTG-0107', '02/24/25', 35, 'H4-001', 49.59);
INSERT INTO `tr_rph` (`id_potong`, `tgl_potong`, `id_wilayah`, `id_hewan`, `berat_karkas`) VALUES ('PTG-0108', '10/14/24', 4, 'H4-001', 221.32);
INSERT INTO `tr_rph` (`id_potong`, `tgl_potong`, `id_wilayah`, `id_hewan`, `berat_karkas`) VALUES ('PTG-0109', '02/01/24', 28, 'H4-001', 96.53);
INSERT INTO `tr_rph` (`id_potong`, `tgl_potong`, `id_wilayah`, `id_hewan`, `berat_karkas`) VALUES ('PTG-0110', '09/13/24', 27, 'H2-001', 114.11);
INSERT INTO `tr_rph` (`id_potong`, `tgl_potong`, `id_wilayah`, `id_hewan`, `berat_karkas`) VALUES ('PTG-0111', '12/07/25', 21, 'H4-001', 169.6);
INSERT INTO `tr_rph` (`id_potong`, `tgl_potong`, `id_wilayah`, `id_hewan`, `berat_karkas`) VALUES ('PTG-0112', '12/11/25', 19, 'H2-001', 248.47);
INSERT INTO `tr_rph` (`id_potong`, `tgl_potong`, `id_wilayah`, `id_hewan`, `berat_karkas`) VALUES ('PTG-0113', '08/15/24', 37, 'H4-001', 47.77);
INSERT INTO `tr_rph` (`id_potong`, `tgl_potong`, `id_wilayah`, `id_hewan`, `berat_karkas`) VALUES ('PTG-0114', '09/16/25', 4, 'H2-001', 261.58);
INSERT INTO `tr_rph` (`id_potong`, `tgl_potong`, `id_wilayah`, `id_hewan`, `berat_karkas`) VALUES ('PTG-0115', '01/02/25', 23, 'H4-001', 134.78);
INSERT INTO `tr_rph` (`id_potong`, `tgl_potong`, `id_wilayah`, `id_hewan`, `berat_karkas`) VALUES ('PTG-0116', '06/23/24', 5, 'H2-001', 166.0);
INSERT INTO `tr_rph` (`id_potong`, `tgl_potong`, `id_wilayah`, `id_hewan`, `berat_karkas`) VALUES ('PTG-0117', '03/24/24', 35, 'H2-001', 160.65);
INSERT INTO `tr_rph` (`id_potong`, `tgl_potong`, `id_wilayah`, `id_hewan`, `berat_karkas`) VALUES ('PTG-0118', '11/23/25', 36, 'H2-001', 237.81);
INSERT INTO `tr_rph` (`id_potong`, `tgl_potong`, `id_wilayah`, `id_hewan`, `berat_karkas`) VALUES ('PTG-0119', '04/25/25', 18, 'H2-001', NULL);
INSERT INTO `tr_rph` (`id_potong`, `tgl_potong`, `id_wilayah`, `id_hewan`, `berat_karkas`) VALUES ('PTG-0120', '09/21/24', 5, 'H4-001', 245.65);
INSERT INTO `tr_rph` (`id_potong`, `tgl_potong`, `id_wilayah`, `id_hewan`, `berat_karkas`) VALUES ('PTG-0121', '07/26/24', 20, 'H4-001', 68.97);
INSERT INTO `tr_rph` (`id_potong`, `tgl_potong`, `id_wilayah`, `id_hewan`, `berat_karkas`) VALUES ('PTG-0122', '09/02/25', 13, 'H4-001', 121.13);
INSERT INTO `tr_rph` (`id_potong`, `tgl_potong`, `id_wilayah`, `id_hewan`, `berat_karkas`) VALUES ('PTG-0123', '03/12/24', 13, 'H2-001', 151.14);
INSERT INTO `tr_rph` (`id_potong`, `tgl_potong`, `id_wilayah`, `id_hewan`, `berat_karkas`) VALUES ('PTG-0124', '12/17/24', 27, 'H4-001', 110.84);
INSERT INTO `tr_rph` (`id_potong`, `tgl_potong`, `id_wilayah`, `id_hewan`, `berat_karkas`) VALUES ('PTG-0125', '03/17/24', 13, 'H4-001', 29.69);
INSERT INTO `tr_rph` (`id_potong`, `tgl_potong`, `id_wilayah`, `id_hewan`, `berat_karkas`) VALUES ('PTG-0126', '08/30/24', 35, 'H2-001', 212.6);
INSERT INTO `tr_rph` (`id_potong`, `tgl_potong`, `id_wilayah`, `id_hewan`, `berat_karkas`) VALUES ('PTG-0127', '07/24/25', 32, 'H4-001', 15.74);
INSERT INTO `tr_rph` (`id_potong`, `tgl_potong`, `id_wilayah`, `id_hewan`, `berat_karkas`) VALUES ('PTG-0128', '06/18/24', 21, 'H2-001', 79.07);
INSERT INTO `tr_rph` (`id_potong`, `tgl_potong`, `id_wilayah`, `id_hewan`, `berat_karkas`) VALUES ('PTG-0129', '04/12/24', 8, 'H2-001', 51.45);
INSERT INTO `tr_rph` (`id_potong`, `tgl_potong`, `id_wilayah`, `id_hewan`, `berat_karkas`) VALUES ('PTG-0130', '12/01/25', 8, 'H4-001', 131.86);
INSERT INTO `tr_rph` (`id_potong`, `tgl_potong`, `id_wilayah`, `id_hewan`, `berat_karkas`) VALUES ('PTG-0131', '07/16/25', 3, 'H4-001', 108.69);
INSERT INTO `tr_rph` (`id_potong`, `tgl_potong`, `id_wilayah`, `id_hewan`, `berat_karkas`) VALUES ('PTG-0132', '01/15/24', 38, 'H4-001', 265.63);
INSERT INTO `tr_rph` (`id_potong`, `tgl_potong`, `id_wilayah`, `id_hewan`, `berat_karkas`) VALUES ('PTG-0133', '03/26/24', 12, 'H4-001', 227.17);
INSERT INTO `tr_rph` (`id_potong`, `tgl_potong`, `id_wilayah`, `id_hewan`, `berat_karkas`) VALUES ('PTG-0134', '05/04/24', 33, 'H2-001', 208.23);
INSERT INTO `tr_rph` (`id_potong`, `tgl_potong`, `id_wilayah`, `id_hewan`, `berat_karkas`) VALUES ('PTG-0135', '08/27/24', 11, 'H2-001', 27.18);
INSERT INTO `tr_rph` (`id_potong`, `tgl_potong`, `id_wilayah`, `id_hewan`, `berat_karkas`) VALUES ('PTG-0136', '07/11/25', 14, 'H4-001', 71.0);
INSERT INTO `tr_rph` (`id_potong`, `tgl_potong`, `id_wilayah`, `id_hewan`, `berat_karkas`) VALUES ('PTG-0137', '06/23/24', 7, 'H2-001', 139.98);
INSERT INTO `tr_rph` (`id_potong`, `tgl_potong`, `id_wilayah`, `id_hewan`, `berat_karkas`) VALUES ('PTG-0138', '10/24/24', 6, 'H4-001', 263.56);
INSERT INTO `tr_rph` (`id_potong`, `tgl_potong`, `id_wilayah`, `id_hewan`, `berat_karkas`) VALUES ('PTG-0139', '06/06/25', 31, 'H4-001', 275.38);
INSERT INTO `tr_rph` (`id_potong`, `tgl_potong`, `id_wilayah`, `id_hewan`, `berat_karkas`) VALUES ('PTG-0140', '12/21/24', 7, 'H4-001', 149.16);
INSERT INTO `tr_rph` (`id_potong`, `tgl_potong`, `id_wilayah`, `id_hewan`, `berat_karkas`) VALUES ('PTG-0141', '10/01/25', 32, 'H2-001', 293.14);
INSERT INTO `tr_rph` (`id_potong`, `tgl_potong`, `id_wilayah`, `id_hewan`, `berat_karkas`) VALUES ('PTG-0142', '02/24/24', 3, 'H4-001', 280.53);
INSERT INTO `tr_rph` (`id_potong`, `tgl_potong`, `id_wilayah`, `id_hewan`, `berat_karkas`) VALUES ('PTG-0143', '10/30/25', 32, 'H4-001', 276.37);
INSERT INTO `tr_rph` (`id_potong`, `tgl_potong`, `id_wilayah`, `id_hewan`, `berat_karkas`) VALUES ('PTG-0144', '09/08/25', 14, 'H2-001', 293.28);
INSERT INTO `tr_rph` (`id_potong`, `tgl_potong`, `id_wilayah`, `id_hewan`, `berat_karkas`) VALUES ('PTG-0145', '08/12/24', 1, 'H2-001', 47.5);
INSERT INTO `tr_rph` (`id_potong`, `tgl_potong`, `id_wilayah`, `id_hewan`, `berat_karkas`) VALUES ('PTG-0146', '12/18/24', 6, 'H2-001', 193.74);
INSERT INTO `tr_rph` (`id_potong`, `tgl_potong`, `id_wilayah`, `id_hewan`, `berat_karkas`) VALUES ('PTG-0147', '04/21/25', 4, 'H2-001', 29.85);
INSERT INTO `tr_rph` (`id_potong`, `tgl_potong`, `id_wilayah`, `id_hewan`, `berat_karkas`) VALUES ('PTG-0148', '11/12/25', 12, 'H4-001', 142.33);
INSERT INTO `tr_rph` (`id_potong`, `tgl_potong`, `id_wilayah`, `id_hewan`, `berat_karkas`) VALUES ('PTG-0149', '05/16/25', 8, 'H2-001', 62.87);
INSERT INTO `tr_rph` (`id_potong`, `tgl_potong`, `id_wilayah`, `id_hewan`, `berat_karkas`) VALUES ('PTG-0150', '09/29/25', 23, 'H2-001', 231.73);
INSERT INTO `tr_rph` (`id_potong`, `tgl_potong`, `id_wilayah`, `id_hewan`, `berat_karkas`) VALUES ('PTG-0151', '12/05/24', 34, 'H2-001', 282.85);
INSERT INTO `tr_rph` (`id_potong`, `tgl_potong`, `id_wilayah`, `id_hewan`, `berat_karkas`) VALUES ('PTG-0152', '12/08/25', 17, 'H4-001', 17.91);
INSERT INTO `tr_rph` (`id_potong`, `tgl_potong`, `id_wilayah`, `id_hewan`, `berat_karkas`) VALUES ('PTG-0153', '06/01/24', 9, 'H2-001', 135.55);
INSERT INTO `tr_rph` (`id_potong`, `tgl_potong`, `id_wilayah`, `id_hewan`, `berat_karkas`) VALUES ('PTG-0154', '03/11/25', 17, 'H2-001', 252.5);
INSERT INTO `tr_rph` (`id_potong`, `tgl_potong`, `id_wilayah`, `id_hewan`, `berat_karkas`) VALUES ('PTG-0155', '10/10/25', 1, 'H2-001', 203.03);
INSERT INTO `tr_rph` (`id_potong`, `tgl_potong`, `id_wilayah`, `id_hewan`, `berat_karkas`) VALUES ('PTG-0156', '03/04/25', 22, 'H4-001', 283.35);
INSERT INTO `tr_rph` (`id_potong`, `tgl_potong`, `id_wilayah`, `id_hewan`, `berat_karkas`) VALUES ('PTG-0157', '03/15/24', 7, 'H2-001', 100.04);
INSERT INTO `tr_rph` (`id_potong`, `tgl_potong`, `id_wilayah`, `id_hewan`, `berat_karkas`) VALUES ('PTG-0158', '03/31/25', 21, 'H2-001', 217.19);
INSERT INTO `tr_rph` (`id_potong`, `tgl_potong`, `id_wilayah`, `id_hewan`, `berat_karkas`) VALUES ('PTG-0159', '12/19/24', 26, 'H2-001', 179.17);
INSERT INTO `tr_rph` (`id_potong`, `tgl_potong`, `id_wilayah`, `id_hewan`, `berat_karkas`) VALUES ('PTG-0160', '02/11/25', 24, 'H4-001', 246.14);
INSERT INTO `tr_rph` (`id_potong`, `tgl_potong`, `id_wilayah`, `id_hewan`, `berat_karkas`) VALUES ('PTG-0161', '03/27/25', 22, 'H2-001', 41.99);
INSERT INTO `tr_rph` (`id_potong`, `tgl_potong`, `id_wilayah`, `id_hewan`, `berat_karkas`) VALUES ('PTG-0162', '04/22/25', 6, 'H4-001', NULL);
INSERT INTO `tr_rph` (`id_potong`, `tgl_potong`, `id_wilayah`, `id_hewan`, `berat_karkas`) VALUES ('PTG-0163', '11/25/24', 33, 'H4-001', 28.29);
INSERT INTO `tr_rph` (`id_potong`, `tgl_potong`, `id_wilayah`, `id_hewan`, `berat_karkas`) VALUES ('PTG-0164', '09/24/24', 18, 'H2-001', 42.58);
INSERT INTO `tr_rph` (`id_potong`, `tgl_potong`, `id_wilayah`, `id_hewan`, `berat_karkas`) VALUES ('PTG-0165', '08/17/25', 15, 'H4-001', 154.36);
INSERT INTO `tr_rph` (`id_potong`, `tgl_potong`, `id_wilayah`, `id_hewan`, `berat_karkas`) VALUES ('PTG-0166', '05/20/25', 23, 'H4-001', 194.88);
INSERT INTO `tr_rph` (`id_potong`, `tgl_potong`, `id_wilayah`, `id_hewan`, `berat_karkas`) VALUES ('PTG-0167', '04/28/25', 27, 'H4-001', 131.43);
INSERT INTO `tr_rph` (`id_potong`, `tgl_potong`, `id_wilayah`, `id_hewan`, `berat_karkas`) VALUES ('PTG-0168', '08/23/24', 28, 'H4-001', 102.17);
INSERT INTO `tr_rph` (`id_potong`, `tgl_potong`, `id_wilayah`, `id_hewan`, `berat_karkas`) VALUES ('PTG-0169', '11/21/24', 5, 'H4-001', 30.55);
INSERT INTO `tr_rph` (`id_potong`, `tgl_potong`, `id_wilayah`, `id_hewan`, `berat_karkas`) VALUES ('PTG-0170', '06/08/25', 25, 'H4-001', 9.8);
INSERT INTO `tr_rph` (`id_potong`, `tgl_potong`, `id_wilayah`, `id_hewan`, `berat_karkas`) VALUES ('PTG-0171', '02/10/25', 15, 'H4-001', 207.39);
INSERT INTO `tr_rph` (`id_potong`, `tgl_potong`, `id_wilayah`, `id_hewan`, `berat_karkas`) VALUES ('PTG-0172', '05/31/25', 3, 'H4-001', 237.72);
INSERT INTO `tr_rph` (`id_potong`, `tgl_potong`, `id_wilayah`, `id_hewan`, `berat_karkas`) VALUES ('PTG-0173', '01/02/25', 34, 'H4-001', 218.07);
INSERT INTO `tr_rph` (`id_potong`, `tgl_potong`, `id_wilayah`, `id_hewan`, `berat_karkas`) VALUES ('PTG-0174', '11/30/25', 32, 'H2-001', 33.54);
INSERT INTO `tr_rph` (`id_potong`, `tgl_potong`, `id_wilayah`, `id_hewan`, `berat_karkas`) VALUES ('PTG-0175', '04/29/25', 38, 'H2-001', 127.08);
INSERT INTO `tr_rph` (`id_potong`, `tgl_potong`, `id_wilayah`, `id_hewan`, `berat_karkas`) VALUES ('PTG-0176', '07/14/24', 7, 'H4-001', NULL);
INSERT INTO `tr_rph` (`id_potong`, `tgl_potong`, `id_wilayah`, `id_hewan`, `berat_karkas`) VALUES ('PTG-0177', '02/20/25', 33, 'H4-001', 188.8);
INSERT INTO `tr_rph` (`id_potong`, `tgl_potong`, `id_wilayah`, `id_hewan`, `berat_karkas`) VALUES ('PTG-0178', '08/22/24', 21, 'H2-001', 123.89);
INSERT INTO `tr_rph` (`id_potong`, `tgl_potong`, `id_wilayah`, `id_hewan`, `berat_karkas`) VALUES ('PTG-0179', '09/05/24', 21, 'H2-001', 245.49);
INSERT INTO `tr_rph` (`id_potong`, `tgl_potong`, `id_wilayah`, `id_hewan`, `berat_karkas`) VALUES ('PTG-0180', '11/01/24', 1, 'H4-001', 158.65);
INSERT INTO `tr_rph` (`id_potong`, `tgl_potong`, `id_wilayah`, `id_hewan`, `berat_karkas`) VALUES ('PTG-0181', '11/21/25', 11, 'H4-001', 292.54);
INSERT INTO `tr_rph` (`id_potong`, `tgl_potong`, `id_wilayah`, `id_hewan`, `berat_karkas`) VALUES ('PTG-0182', '04/03/25', 28, 'H2-001', 79.52);
INSERT INTO `tr_rph` (`id_potong`, `tgl_potong`, `id_wilayah`, `id_hewan`, `berat_karkas`) VALUES ('PTG-0183', '06/01/24', 19, 'H2-001', 106.81);
INSERT INTO `tr_rph` (`id_potong`, `tgl_potong`, `id_wilayah`, `id_hewan`, `berat_karkas`) VALUES ('PTG-0184', '01/30/24', 37, 'H2-001', 282.29);
INSERT INTO `tr_rph` (`id_potong`, `tgl_potong`, `id_wilayah`, `id_hewan`, `berat_karkas`) VALUES ('PTG-0185', '09/18/24', 8, 'H2-001', 175.14);
INSERT INTO `tr_rph` (`id_potong`, `tgl_potong`, `id_wilayah`, `id_hewan`, `berat_karkas`) VALUES ('PTG-0186', '11/24/25', 34, 'H2-001', 62.16);
INSERT INTO `tr_rph` (`id_potong`, `tgl_potong`, `id_wilayah`, `id_hewan`, `berat_karkas`) VALUES ('PTG-0187', '12/02/25', 6, 'H4-001', 30.89);
INSERT INTO `tr_rph` (`id_potong`, `tgl_potong`, `id_wilayah`, `id_hewan`, `berat_karkas`) VALUES ('PTG-0188', '08/05/25', 33, 'H2-001', 110.47);
INSERT INTO `tr_rph` (`id_potong`, `tgl_potong`, `id_wilayah`, `id_hewan`, `berat_karkas`) VALUES ('PTG-0189', '02/26/25', 22, 'H4-001', 221.66);
INSERT INTO `tr_rph` (`id_potong`, `tgl_potong`, `id_wilayah`, `id_hewan`, `berat_karkas`) VALUES ('PTG-0190', '06/04/25', 37, 'H2-001', 17.07);
INSERT INTO `tr_rph` (`id_potong`, `tgl_potong`, `id_wilayah`, `id_hewan`, `berat_karkas`) VALUES ('PTG-0191', '02/08/25', 25, 'H2-001', 244.65);
INSERT INTO `tr_rph` (`id_potong`, `tgl_potong`, `id_wilayah`, `id_hewan`, `berat_karkas`) VALUES ('PTG-0192', '09/19/25', 38, 'H4-001', 67.17);
INSERT INTO `tr_rph` (`id_potong`, `tgl_potong`, `id_wilayah`, `id_hewan`, `berat_karkas`) VALUES ('PTG-0193', '12/07/24', 16, 'H2-001', 211.56);
INSERT INTO `tr_rph` (`id_potong`, `tgl_potong`, `id_wilayah`, `id_hewan`, `berat_karkas`) VALUES ('PTG-0194', '05/24/25', 22, 'H4-001', 69.04);
INSERT INTO `tr_rph` (`id_potong`, `tgl_potong`, `id_wilayah`, `id_hewan`, `berat_karkas`) VALUES ('PTG-0195', '12/29/24', 1, 'H4-001', 139.06);
INSERT INTO `tr_rph` (`id_potong`, `tgl_potong`, `id_wilayah`, `id_hewan`, `berat_karkas`) VALUES ('PTG-0196', '07/04/25', 7, 'H2-001', 284.04);
INSERT INTO `tr_rph` (`id_potong`, `tgl_potong`, `id_wilayah`, `id_hewan`, `berat_karkas`) VALUES ('PTG-0197', '04/25/25', 7, 'H2-001', 112.92);
INSERT INTO `tr_rph` (`id_potong`, `tgl_potong`, `id_wilayah`, `id_hewan`, `berat_karkas`) VALUES ('PTG-0198', '03/06/25', 5, 'H2-001', 64.0);
INSERT INTO `tr_rph` (`id_potong`, `tgl_potong`, `id_wilayah`, `id_hewan`, `berat_karkas`) VALUES ('PTG-0199', '10/09/24', 27, 'H2-001', 40.64);
INSERT INTO `tr_rph` (`id_potong`, `tgl_potong`, `id_wilayah`, `id_hewan`, `berat_karkas`) VALUES ('PTG-0200', '08/22/25', 22, 'H4-001', 155.21);
INSERT INTO `tr_rph` (`id_potong`, `tgl_potong`, `id_wilayah`, `id_hewan`, `berat_karkas`) VALUES ('PTG-0201', '12/28/25', 8, 'H2-001', 279.31);
INSERT INTO `tr_rph` (`id_potong`, `tgl_potong`, `id_wilayah`, `id_hewan`, `berat_karkas`) VALUES ('PTG-0202', '01/21/25', 16, 'H4-001', 210.56);
INSERT INTO `tr_rph` (`id_potong`, `tgl_potong`, `id_wilayah`, `id_hewan`, `berat_karkas`) VALUES ('PTG-0203', '12/22/24', 21, 'H2-001', 161.91);
INSERT INTO `tr_rph` (`id_potong`, `tgl_potong`, `id_wilayah`, `id_hewan`, `berat_karkas`) VALUES ('PTG-0204', '02/14/25', 5, 'H4-001', NULL);
INSERT INTO `tr_rph` (`id_potong`, `tgl_potong`, `id_wilayah`, `id_hewan`, `berat_karkas`) VALUES ('PTG-0205', '03/05/24', 33, 'H4-001', 61.43);
INSERT INTO `tr_rph` (`id_potong`, `tgl_potong`, `id_wilayah`, `id_hewan`, `berat_karkas`) VALUES ('PTG-0206', '08/04/25', 22, 'H2-001', 126.07);
INSERT INTO `tr_rph` (`id_potong`, `tgl_potong`, `id_wilayah`, `id_hewan`, `berat_karkas`) VALUES ('PTG-0207', '08/01/25', 28, 'H2-001', 75.65);
INSERT INTO `tr_rph` (`id_potong`, `tgl_potong`, `id_wilayah`, `id_hewan`, `berat_karkas`) VALUES ('PTG-0208', '06/20/25', 6, 'H4-001', 131.83);
INSERT INTO `tr_rph` (`id_potong`, `tgl_potong`, `id_wilayah`, `id_hewan`, `berat_karkas`) VALUES ('PTG-0209', '03/12/25', 9, 'H2-001', 168.6);
INSERT INTO `tr_rph` (`id_potong`, `tgl_potong`, `id_wilayah`, `id_hewan`, `berat_karkas`) VALUES ('PTG-0210', '10/21/25', 23, 'H2-001', 176.76);
INSERT INTO `tr_rph` (`id_potong`, `tgl_potong`, `id_wilayah`, `id_hewan`, `berat_karkas`) VALUES ('PTG-0211', '01/22/24', 19, 'H4-001', 167.23);
INSERT INTO `tr_rph` (`id_potong`, `tgl_potong`, `id_wilayah`, `id_hewan`, `berat_karkas`) VALUES ('PTG-0212', '03/15/24', 31, 'H4-001', NULL);
INSERT INTO `tr_rph` (`id_potong`, `tgl_potong`, `id_wilayah`, `id_hewan`, `berat_karkas`) VALUES ('PTG-0213', '10/03/25', 4, 'H4-001', 55.73);
INSERT INTO `tr_rph` (`id_potong`, `tgl_potong`, `id_wilayah`, `id_hewan`, `berat_karkas`) VALUES ('PTG-0214', '03/28/25', 13, 'H2-001', 254.3);
INSERT INTO `tr_rph` (`id_potong`, `tgl_potong`, `id_wilayah`, `id_hewan`, `berat_karkas`) VALUES ('PTG-0215', '06/05/24', 32, 'H2-001', 107.05);
INSERT INTO `tr_rph` (`id_potong`, `tgl_potong`, `id_wilayah`, `id_hewan`, `berat_karkas`) VALUES ('PTG-0216', '04/02/24', 11, 'H2-001', 263.62);
INSERT INTO `tr_rph` (`id_potong`, `tgl_potong`, `id_wilayah`, `id_hewan`, `berat_karkas`) VALUES ('PTG-0217', '07/31/25', 4, 'H2-001', 201.41);
INSERT INTO `tr_rph` (`id_potong`, `tgl_potong`, `id_wilayah`, `id_hewan`, `berat_karkas`) VALUES ('PTG-0218', '08/22/25', 10, 'H2-001', 135.73);
INSERT INTO `tr_rph` (`id_potong`, `tgl_potong`, `id_wilayah`, `id_hewan`, `berat_karkas`) VALUES ('PTG-0219', '08/04/24', 7, 'H2-001', 257.67);
INSERT INTO `tr_rph` (`id_potong`, `tgl_potong`, `id_wilayah`, `id_hewan`, `berat_karkas`) VALUES ('PTG-0220', '01/01/25', 35, 'H2-001', 159.3);
INSERT INTO `tr_rph` (`id_potong`, `tgl_potong`, `id_wilayah`, `id_hewan`, `berat_karkas`) VALUES ('PTG-0221', '12/18/24', 7, 'H4-001', 146.09);
INSERT INTO `tr_rph` (`id_potong`, `tgl_potong`, `id_wilayah`, `id_hewan`, `berat_karkas`) VALUES ('PTG-0222', '05/09/25', 17, 'H2-001', 78.59);
INSERT INTO `tr_rph` (`id_potong`, `tgl_potong`, `id_wilayah`, `id_hewan`, `berat_karkas`) VALUES ('PTG-0223', '04/04/24', 24, 'H4-001', 185.53);
INSERT INTO `tr_rph` (`id_potong`, `tgl_potong`, `id_wilayah`, `id_hewan`, `berat_karkas`) VALUES ('PTG-0224', '07/28/24', 4, 'H2-001', 122.94);
INSERT INTO `tr_rph` (`id_potong`, `tgl_potong`, `id_wilayah`, `id_hewan`, `berat_karkas`) VALUES ('PTG-0225', '07/16/24', 30, 'H4-001', 85.18);
INSERT INTO `tr_rph` (`id_potong`, `tgl_potong`, `id_wilayah`, `id_hewan`, `berat_karkas`) VALUES ('PTG-0226', '11/21/24', 29, 'H2-001', 53.15);
INSERT INTO `tr_rph` (`id_potong`, `tgl_potong`, `id_wilayah`, `id_hewan`, `berat_karkas`) VALUES ('PTG-0227', '04/04/25', 18, 'H4-001', 167.27);
INSERT INTO `tr_rph` (`id_potong`, `tgl_potong`, `id_wilayah`, `id_hewan`, `berat_karkas`) VALUES ('PTG-0228', '04/15/24', 28, 'H4-001', 29.0);
INSERT INTO `tr_rph` (`id_potong`, `tgl_potong`, `id_wilayah`, `id_hewan`, `berat_karkas`) VALUES ('PTG-0229', '10/09/25', 26, 'H2-001', NULL);
INSERT INTO `tr_rph` (`id_potong`, `tgl_potong`, `id_wilayah`, `id_hewan`, `berat_karkas`) VALUES ('PTG-0230', '06/02/25', 35, 'H2-001', 119.56);
INSERT INTO `tr_rph` (`id_potong`, `tgl_potong`, `id_wilayah`, `id_hewan`, `berat_karkas`) VALUES ('PTG-0231', '10/14/24', 18, 'H4-001', 291.96);
INSERT INTO `tr_rph` (`id_potong`, `tgl_potong`, `id_wilayah`, `id_hewan`, `berat_karkas`) VALUES ('PTG-0232', '08/09/24', 36, 'H4-001', 40.44);
INSERT INTO `tr_rph` (`id_potong`, `tgl_potong`, `id_wilayah`, `id_hewan`, `berat_karkas`) VALUES ('PTG-0233', '08/06/24', 34, 'H2-001', 177.12);
INSERT INTO `tr_rph` (`id_potong`, `tgl_potong`, `id_wilayah`, `id_hewan`, `berat_karkas`) VALUES ('PTG-0234', '10/19/24', 29, 'H4-001', 138.73);
INSERT INTO `tr_rph` (`id_potong`, `tgl_potong`, `id_wilayah`, `id_hewan`, `berat_karkas`) VALUES ('PTG-0235', '09/06/25', 22, 'H4-001', 206.35);
INSERT INTO `tr_rph` (`id_potong`, `tgl_potong`, `id_wilayah`, `id_hewan`, `berat_karkas`) VALUES ('PTG-0236', '05/09/24', 15, 'H4-001', 121.24);
INSERT INTO `tr_rph` (`id_potong`, `tgl_potong`, `id_wilayah`, `id_hewan`, `berat_karkas`) VALUES ('PTG-0237', '04/14/25', 12, 'H2-001', 214.72);
INSERT INTO `tr_rph` (`id_potong`, `tgl_potong`, `id_wilayah`, `id_hewan`, `berat_karkas`) VALUES ('PTG-0238', '01/04/25', 24, 'H4-001', 28.52);
INSERT INTO `tr_rph` (`id_potong`, `tgl_potong`, `id_wilayah`, `id_hewan`, `berat_karkas`) VALUES ('PTG-0239', '12/24/24', 17, 'H2-001', 71.97);
INSERT INTO `tr_rph` (`id_potong`, `tgl_potong`, `id_wilayah`, `id_hewan`, `berat_karkas`) VALUES ('PTG-0240', '03/13/24', 25, 'H4-001', 19.25);
INSERT INTO `tr_rph` (`id_potong`, `tgl_potong`, `id_wilayah`, `id_hewan`, `berat_karkas`) VALUES ('PTG-0241', '11/06/25', 38, 'H2-001', 68.04);
INSERT INTO `tr_rph` (`id_potong`, `tgl_potong`, `id_wilayah`, `id_hewan`, `berat_karkas`) VALUES ('PTG-0242', '05/19/24', 24, 'H2-001', 29.17);
INSERT INTO `tr_rph` (`id_potong`, `tgl_potong`, `id_wilayah`, `id_hewan`, `berat_karkas`) VALUES ('PTG-0243', '07/16/25', 15, 'H2-001', 152.69);
INSERT INTO `tr_rph` (`id_potong`, `tgl_potong`, `id_wilayah`, `id_hewan`, `berat_karkas`) VALUES ('PTG-0244', '03/07/24', 6, 'H2-001', 64.6);
INSERT INTO `tr_rph` (`id_potong`, `tgl_potong`, `id_wilayah`, `id_hewan`, `berat_karkas`) VALUES ('PTG-0245', '11/07/24', 8, 'H2-001', 156.37);
INSERT INTO `tr_rph` (`id_potong`, `tgl_potong`, `id_wilayah`, `id_hewan`, `berat_karkas`) VALUES ('PTG-0246', '04/13/25', 2, 'H4-001', 103.23);
INSERT INTO `tr_rph` (`id_potong`, `tgl_potong`, `id_wilayah`, `id_hewan`, `berat_karkas`) VALUES ('PTG-0247', '07/04/24', 11, 'H4-001', 50.95);
INSERT INTO `tr_rph` (`id_potong`, `tgl_potong`, `id_wilayah`, `id_hewan`, `berat_karkas`) VALUES ('PTG-0248', '12/15/25', 10, 'H2-001', 131.31);
INSERT INTO `tr_rph` (`id_potong`, `tgl_potong`, `id_wilayah`, `id_hewan`, `berat_karkas`) VALUES ('PTG-0249', '03/30/24', 22, 'H4-001', 59.35);
INSERT INTO `tr_rph` (`id_potong`, `tgl_potong`, `id_wilayah`, `id_hewan`, `berat_karkas`) VALUES ('PTG-0250', '09/06/24', 3, 'H4-001', 95.31);
INSERT INTO `tr_rph` (`id_potong`, `tgl_potong`, `id_wilayah`, `id_hewan`, `berat_karkas`) VALUES ('PTG-0251', '10/12/24', 38, 'H2-001', 216.24);
INSERT INTO `tr_rph` (`id_potong`, `tgl_potong`, `id_wilayah`, `id_hewan`, `berat_karkas`) VALUES ('PTG-0252', '12/07/25', 10, 'H4-001', 230.08);
INSERT INTO `tr_rph` (`id_potong`, `tgl_potong`, `id_wilayah`, `id_hewan`, `berat_karkas`) VALUES ('PTG-0253', '01/23/24', 21, 'H4-001', 292.07);
INSERT INTO `tr_rph` (`id_potong`, `tgl_potong`, `id_wilayah`, `id_hewan`, `berat_karkas`) VALUES ('PTG-0254', '11/08/24', 4, 'H4-001', 14.34);
INSERT INTO `tr_rph` (`id_potong`, `tgl_potong`, `id_wilayah`, `id_hewan`, `berat_karkas`) VALUES ('PTG-0255', '09/16/24', 21, 'H2-001', 281.65);
INSERT INTO `tr_rph` (`id_potong`, `tgl_potong`, `id_wilayah`, `id_hewan`, `berat_karkas`) VALUES ('PTG-0256', '12/20/25', 22, 'H2-001', 265.97);
INSERT INTO `tr_rph` (`id_potong`, `tgl_potong`, `id_wilayah`, `id_hewan`, `berat_karkas`) VALUES ('PTG-0257', '10/02/24', 5, 'H2-001', 46.72);
INSERT INTO `tr_rph` (`id_potong`, `tgl_potong`, `id_wilayah`, `id_hewan`, `berat_karkas`) VALUES ('PTG-0258', '02/19/25', 38, 'H2-001', 143.47);
INSERT INTO `tr_rph` (`id_potong`, `tgl_potong`, `id_wilayah`, `id_hewan`, `berat_karkas`) VALUES ('PTG-0259', '05/02/24', 18, 'H4-001', 122.13);
INSERT INTO `tr_rph` (`id_potong`, `tgl_potong`, `id_wilayah`, `id_hewan`, `berat_karkas`) VALUES ('PTG-0260', '04/18/25', 20, 'H4-001', 57.85);
INSERT INTO `tr_rph` (`id_potong`, `tgl_potong`, `id_wilayah`, `id_hewan`, `berat_karkas`) VALUES ('PTG-0261', '08/06/25', 7, 'H2-001', 257.73);
INSERT INTO `tr_rph` (`id_potong`, `tgl_potong`, `id_wilayah`, `id_hewan`, `berat_karkas`) VALUES ('PTG-0262', '07/11/25', 28, 'H4-001', 299.21);
INSERT INTO `tr_rph` (`id_potong`, `tgl_potong`, `id_wilayah`, `id_hewan`, `berat_karkas`) VALUES ('PTG-0263', '10/22/25', 10, 'H2-001', 30.16);
INSERT INTO `tr_rph` (`id_potong`, `tgl_potong`, `id_wilayah`, `id_hewan`, `berat_karkas`) VALUES ('PTG-0264', '06/28/25', 12, 'H2-001', 175.2);
INSERT INTO `tr_rph` (`id_potong`, `tgl_potong`, `id_wilayah`, `id_hewan`, `berat_karkas`) VALUES ('PTG-0265', '04/24/24', 36, 'H4-001', NULL);
INSERT INTO `tr_rph` (`id_potong`, `tgl_potong`, `id_wilayah`, `id_hewan`, `berat_karkas`) VALUES ('PTG-0266', '08/01/24', 28, 'H4-001', 268.01);
INSERT INTO `tr_rph` (`id_potong`, `tgl_potong`, `id_wilayah`, `id_hewan`, `berat_karkas`) VALUES ('PTG-0267', '06/28/25', 34, 'H2-001', 157.89);
INSERT INTO `tr_rph` (`id_potong`, `tgl_potong`, `id_wilayah`, `id_hewan`, `berat_karkas`) VALUES ('PTG-0268', '09/09/25', 32, 'H2-001', 76.85);
INSERT INTO `tr_rph` (`id_potong`, `tgl_potong`, `id_wilayah`, `id_hewan`, `berat_karkas`) VALUES ('PTG-0269', '01/17/24', 9, 'H4-001', 283.71);
INSERT INTO `tr_rph` (`id_potong`, `tgl_potong`, `id_wilayah`, `id_hewan`, `berat_karkas`) VALUES ('PTG-0270', '04/04/25', 25, 'H4-001', 93.57);
INSERT INTO `tr_rph` (`id_potong`, `tgl_potong`, `id_wilayah`, `id_hewan`, `berat_karkas`) VALUES ('PTG-0271', '08/29/24', 14, 'H4-001', 99.21);
INSERT INTO `tr_rph` (`id_potong`, `tgl_potong`, `id_wilayah`, `id_hewan`, `berat_karkas`) VALUES ('PTG-0272', '10/27/25', 35, 'H2-001', 130.92);
INSERT INTO `tr_rph` (`id_potong`, `tgl_potong`, `id_wilayah`, `id_hewan`, `berat_karkas`) VALUES ('PTG-0273', '10/29/24', 24, 'H4-001', 217.04);
INSERT INTO `tr_rph` (`id_potong`, `tgl_potong`, `id_wilayah`, `id_hewan`, `berat_karkas`) VALUES ('PTG-0274', '04/07/25', 20, 'H2-001', 121.73);
INSERT INTO `tr_rph` (`id_potong`, `tgl_potong`, `id_wilayah`, `id_hewan`, `berat_karkas`) VALUES ('PTG-0275', '10/12/24', 30, 'H4-001', 171.46);
INSERT INTO `tr_rph` (`id_potong`, `tgl_potong`, `id_wilayah`, `id_hewan`, `berat_karkas`) VALUES ('PTG-0276', '08/29/25', 9, 'H4-001', 227.69);
INSERT INTO `tr_rph` (`id_potong`, `tgl_potong`, `id_wilayah`, `id_hewan`, `berat_karkas`) VALUES ('PTG-0277', '03/05/24', 8, 'H2-001', 201.4);
INSERT INTO `tr_rph` (`id_potong`, `tgl_potong`, `id_wilayah`, `id_hewan`, `berat_karkas`) VALUES ('PTG-0278', '09/21/24', 20, 'H2-001', 140.84);
INSERT INTO `tr_rph` (`id_potong`, `tgl_potong`, `id_wilayah`, `id_hewan`, `berat_karkas`) VALUES ('PTG-0279', '05/12/25', 26, 'H4-001', 164.11);
INSERT INTO `tr_rph` (`id_potong`, `tgl_potong`, `id_wilayah`, `id_hewan`, `berat_karkas`) VALUES ('PTG-0280', '06/28/24', 8, 'H4-001', 166.88);
INSERT INTO `tr_rph` (`id_potong`, `tgl_potong`, `id_wilayah`, `id_hewan`, `berat_karkas`) VALUES ('PTG-0281', '01/28/24', 7, 'H2-001', 19.99);
INSERT INTO `tr_rph` (`id_potong`, `tgl_potong`, `id_wilayah`, `id_hewan`, `berat_karkas`) VALUES ('PTG-0282', '04/01/25', 37, 'H2-001', 107.03);
INSERT INTO `tr_rph` (`id_potong`, `tgl_potong`, `id_wilayah`, `id_hewan`, `berat_karkas`) VALUES ('PTG-0283', '04/02/25', 30, 'H2-001', 138.81);
INSERT INTO `tr_rph` (`id_potong`, `tgl_potong`, `id_wilayah`, `id_hewan`, `berat_karkas`) VALUES ('PTG-0284', '10/11/24', 4, 'H2-001', 105.06);
INSERT INTO `tr_rph` (`id_potong`, `tgl_potong`, `id_wilayah`, `id_hewan`, `berat_karkas`) VALUES ('PTG-0285', '08/23/25', 22, 'H2-001', 60.89);
INSERT INTO `tr_rph` (`id_potong`, `tgl_potong`, `id_wilayah`, `id_hewan`, `berat_karkas`) VALUES ('PTG-0286', '02/18/24', 24, 'H4-001', 19.86);
INSERT INTO `tr_rph` (`id_potong`, `tgl_potong`, `id_wilayah`, `id_hewan`, `berat_karkas`) VALUES ('PTG-0287', '02/24/24', 28, 'H2-001', 231.41);
INSERT INTO `tr_rph` (`id_potong`, `tgl_potong`, `id_wilayah`, `id_hewan`, `berat_karkas`) VALUES ('PTG-0288', '08/15/25', 10, 'H2-001', 243.17);
INSERT INTO `tr_rph` (`id_potong`, `tgl_potong`, `id_wilayah`, `id_hewan`, `berat_karkas`) VALUES ('PTG-0289', '06/04/25', 32, 'H2-001', 120.0);
INSERT INTO `tr_rph` (`id_potong`, `tgl_potong`, `id_wilayah`, `id_hewan`, `berat_karkas`) VALUES ('PTG-0290', '10/03/24', 38, 'H2-001', 145.96);
INSERT INTO `tr_rph` (`id_potong`, `tgl_potong`, `id_wilayah`, `id_hewan`, `berat_karkas`) VALUES ('PTG-0291', '03/16/24', 15, 'H2-001', 175.52);
INSERT INTO `tr_rph` (`id_potong`, `tgl_potong`, `id_wilayah`, `id_hewan`, `berat_karkas`) VALUES ('PTG-0292', '12/30/24', 30, 'H4-001', 271.22);
INSERT INTO `tr_rph` (`id_potong`, `tgl_potong`, `id_wilayah`, `id_hewan`, `berat_karkas`) VALUES ('PTG-0293', '01/26/25', 19, 'H2-001', 14.37);
INSERT INTO `tr_rph` (`id_potong`, `tgl_potong`, `id_wilayah`, `id_hewan`, `berat_karkas`) VALUES ('PTG-0294', '02/04/25', 27, 'H4-001', 186.55);
INSERT INTO `tr_rph` (`id_potong`, `tgl_potong`, `id_wilayah`, `id_hewan`, `berat_karkas`) VALUES ('PTG-0295', '11/29/25', 38, 'H2-001', 167.95);
INSERT INTO `tr_rph` (`id_potong`, `tgl_potong`, `id_wilayah`, `id_hewan`, `berat_karkas`) VALUES ('PTG-0296', '01/11/24', 24, 'H2-001', 82.21);
INSERT INTO `tr_rph` (`id_potong`, `tgl_potong`, `id_wilayah`, `id_hewan`, `berat_karkas`) VALUES ('PTG-0297', '06/06/24', 27, 'H2-001', 84.66);
INSERT INTO `tr_rph` (`id_potong`, `tgl_potong`, `id_wilayah`, `id_hewan`, `berat_karkas`) VALUES ('PTG-0298', '09/30/24', 20, 'H2-001', 66.97);
INSERT INTO `tr_rph` (`id_potong`, `tgl_potong`, `id_wilayah`, `id_hewan`, `berat_karkas`) VALUES ('PTG-0299', '12/09/25', 23, 'H2-001', 22.59);
INSERT INTO `tr_rph` (`id_potong`, `tgl_potong`, `id_wilayah`, `id_hewan`, `berat_karkas`) VALUES ('PTG-0300', '09/18/25', 7, 'H4-001', 153.38);
INSERT INTO `tr_rph` (`id_potong`, `tgl_potong`, `id_wilayah`, `id_hewan`, `berat_karkas`) VALUES ('PTG-0301', '05/22/25', 2, 'H2-001', 290.54);
INSERT INTO `tr_rph` (`id_potong`, `tgl_potong`, `id_wilayah`, `id_hewan`, `berat_karkas`) VALUES ('PTG-0302', '12/22/25', 3, 'H2-001', 281.79);
INSERT INTO `tr_rph` (`id_potong`, `tgl_potong`, `id_wilayah`, `id_hewan`, `berat_karkas`) VALUES ('PTG-0303', '02/10/25', 31, 'H2-001', 135.23);
INSERT INTO `tr_rph` (`id_potong`, `tgl_potong`, `id_wilayah`, `id_hewan`, `berat_karkas`) VALUES ('PTG-0304', '05/21/25', 12, 'H2-001', 283.05);
INSERT INTO `tr_rph` (`id_potong`, `tgl_potong`, `id_wilayah`, `id_hewan`, `berat_karkas`) VALUES ('PTG-0305', '04/16/24', 28, 'H4-001', 12.08);
INSERT INTO `tr_rph` (`id_potong`, `tgl_potong`, `id_wilayah`, `id_hewan`, `berat_karkas`) VALUES ('PTG-0306', '11/19/25', 31, 'H2-001', 183.28);
INSERT INTO `tr_rph` (`id_potong`, `tgl_potong`, `id_wilayah`, `id_hewan`, `berat_karkas`) VALUES ('PTG-0307', '10/13/24', 16, 'H2-001', 263.7);
INSERT INTO `tr_rph` (`id_potong`, `tgl_potong`, `id_wilayah`, `id_hewan`, `berat_karkas`) VALUES ('PTG-0308', '08/29/24', 13, 'H2-001', 137.2);
INSERT INTO `tr_rph` (`id_potong`, `tgl_potong`, `id_wilayah`, `id_hewan`, `berat_karkas`) VALUES ('PTG-0309', '10/01/24', 33, 'H4-001', 108.6);
INSERT INTO `tr_rph` (`id_potong`, `tgl_potong`, `id_wilayah`, `id_hewan`, `berat_karkas`) VALUES ('PTG-0310', '10/03/24', 10, 'H4-001', 140.93);
INSERT INTO `tr_rph` (`id_potong`, `tgl_potong`, `id_wilayah`, `id_hewan`, `berat_karkas`) VALUES ('PTG-0311', '08/27/24', 35, 'H2-001', 32.43);
INSERT INTO `tr_rph` (`id_potong`, `tgl_potong`, `id_wilayah`, `id_hewan`, `berat_karkas`) VALUES ('PTG-0312', '12/29/25', 23, 'H2-001', 13.31);
INSERT INTO `tr_rph` (`id_potong`, `tgl_potong`, `id_wilayah`, `id_hewan`, `berat_karkas`) VALUES ('PTG-0313', '12/12/24', 5, 'H2-001', 54.09);
INSERT INTO `tr_rph` (`id_potong`, `tgl_potong`, `id_wilayah`, `id_hewan`, `berat_karkas`) VALUES ('PTG-0314', '05/17/25', 30, 'H2-001', 153.93);
INSERT INTO `tr_rph` (`id_potong`, `tgl_potong`, `id_wilayah`, `id_hewan`, `berat_karkas`) VALUES ('PTG-0315', '10/02/24', 38, 'H2-001', 154.58);
INSERT INTO `tr_rph` (`id_potong`, `tgl_potong`, `id_wilayah`, `id_hewan`, `berat_karkas`) VALUES ('PTG-0316', '12/05/25', 4, 'H4-001', 114.71);
INSERT INTO `tr_rph` (`id_potong`, `tgl_potong`, `id_wilayah`, `id_hewan`, `berat_karkas`) VALUES ('PTG-0317', '05/11/24', 18, 'H4-001', 247.94);
INSERT INTO `tr_rph` (`id_potong`, `tgl_potong`, `id_wilayah`, `id_hewan`, `berat_karkas`) VALUES ('PTG-0318', '07/10/25', 35, 'H2-001', 259.78);
INSERT INTO `tr_rph` (`id_potong`, `tgl_potong`, `id_wilayah`, `id_hewan`, `berat_karkas`) VALUES ('PTG-0319', '09/24/24', 31, 'H4-001', 10.2);
INSERT INTO `tr_rph` (`id_potong`, `tgl_potong`, `id_wilayah`, `id_hewan`, `berat_karkas`) VALUES ('PTG-0320', '07/09/24', 3, 'H2-001', 212.78);
INSERT INTO `tr_rph` (`id_potong`, `tgl_potong`, `id_wilayah`, `id_hewan`, `berat_karkas`) VALUES ('PTG-0321', '03/03/25', 21, 'H2-001', 67.2);
INSERT INTO `tr_rph` (`id_potong`, `tgl_potong`, `id_wilayah`, `id_hewan`, `berat_karkas`) VALUES ('PTG-0322', '12/19/25', 25, 'H2-001', 95.07);
INSERT INTO `tr_rph` (`id_potong`, `tgl_potong`, `id_wilayah`, `id_hewan`, `berat_karkas`) VALUES ('PTG-0323', '01/22/24', 15, 'H2-001', 256.07);
INSERT INTO `tr_rph` (`id_potong`, `tgl_potong`, `id_wilayah`, `id_hewan`, `berat_karkas`) VALUES ('PTG-0324', '03/12/25', 23, 'H2-001', 23.62);
INSERT INTO `tr_rph` (`id_potong`, `tgl_potong`, `id_wilayah`, `id_hewan`, `berat_karkas`) VALUES ('PTG-0325', '12/03/25', 4, 'H2-001', 60.22);
INSERT INTO `tr_rph` (`id_potong`, `tgl_potong`, `id_wilayah`, `id_hewan`, `berat_karkas`) VALUES ('PTG-0326', '05/01/25', 24, 'H2-001', 241.8);
INSERT INTO `tr_rph` (`id_potong`, `tgl_potong`, `id_wilayah`, `id_hewan`, `berat_karkas`) VALUES ('PTG-0327', '01/01/25', 35, 'H2-001', 240.21);
INSERT INTO `tr_rph` (`id_potong`, `tgl_potong`, `id_wilayah`, `id_hewan`, `berat_karkas`) VALUES ('PTG-0328', '12/20/24', 6, 'H2-001', 288.4);
INSERT INTO `tr_rph` (`id_potong`, `tgl_potong`, `id_wilayah`, `id_hewan`, `berat_karkas`) VALUES ('PTG-0329', '01/18/24', 16, 'H2-001', 132.42);
INSERT INTO `tr_rph` (`id_potong`, `tgl_potong`, `id_wilayah`, `id_hewan`, `berat_karkas`) VALUES ('PTG-0330', '08/10/24', 13, 'H2-001', 16.61);
INSERT INTO `tr_rph` (`id_potong`, `tgl_potong`, `id_wilayah`, `id_hewan`, `berat_karkas`) VALUES ('PTG-0331', '01/21/24', 14, 'H4-001', 237.68);
INSERT INTO `tr_rph` (`id_potong`, `tgl_potong`, `id_wilayah`, `id_hewan`, `berat_karkas`) VALUES ('PTG-0332', '04/29/24', 31, 'H4-001', 281.77);
INSERT INTO `tr_rph` (`id_potong`, `tgl_potong`, `id_wilayah`, `id_hewan`, `berat_karkas`) VALUES ('PTG-0333', '02/27/25', 26, 'H4-001', 232.73);
INSERT INTO `tr_rph` (`id_potong`, `tgl_potong`, `id_wilayah`, `id_hewan`, `berat_karkas`) VALUES ('PTG-0334', '10/27/25', 5, 'H4-001', 143.24);
INSERT INTO `tr_rph` (`id_potong`, `tgl_potong`, `id_wilayah`, `id_hewan`, `berat_karkas`) VALUES ('PTG-0335', '02/23/24', 28, 'H2-001', 127.69);
INSERT INTO `tr_rph` (`id_potong`, `tgl_potong`, `id_wilayah`, `id_hewan`, `berat_karkas`) VALUES ('PTG-0336', '09/03/24', 13, 'H2-001', 159.32);
INSERT INTO `tr_rph` (`id_potong`, `tgl_potong`, `id_wilayah`, `id_hewan`, `berat_karkas`) VALUES ('PTG-0337', '10/10/25', 37, 'H4-001', 253.67);
INSERT INTO `tr_rph` (`id_potong`, `tgl_potong`, `id_wilayah`, `id_hewan`, `berat_karkas`) VALUES ('PTG-0338', '02/04/24', 16, 'H2-001', 81.96);
INSERT INTO `tr_rph` (`id_potong`, `tgl_potong`, `id_wilayah`, `id_hewan`, `berat_karkas`) VALUES ('PTG-0339', '09/29/25', 6, 'H4-001', 151.32);
INSERT INTO `tr_rph` (`id_potong`, `tgl_potong`, `id_wilayah`, `id_hewan`, `berat_karkas`) VALUES ('PTG-0340', '06/11/24', 28, 'H2-001', 68.95);
INSERT INTO `tr_rph` (`id_potong`, `tgl_potong`, `id_wilayah`, `id_hewan`, `berat_karkas`) VALUES ('PTG-0341', '01/01/24', 14, 'H4-001', 209.53);
INSERT INTO `tr_rph` (`id_potong`, `tgl_potong`, `id_wilayah`, `id_hewan`, `berat_karkas`) VALUES ('PTG-0342', '02/03/25', 3, 'H4-001', 51.92);
INSERT INTO `tr_rph` (`id_potong`, `tgl_potong`, `id_wilayah`, `id_hewan`, `berat_karkas`) VALUES ('PTG-0343', '04/05/25', 1, 'H4-001', 79.28);
INSERT INTO `tr_rph` (`id_potong`, `tgl_potong`, `id_wilayah`, `id_hewan`, `berat_karkas`) VALUES ('PTG-0344', '03/15/24', 5, 'H4-001', 260.02);
INSERT INTO `tr_rph` (`id_potong`, `tgl_potong`, `id_wilayah`, `id_hewan`, `berat_karkas`) VALUES ('PTG-0345', '01/15/25', 18, 'H4-001', 21.6);
INSERT INTO `tr_rph` (`id_potong`, `tgl_potong`, `id_wilayah`, `id_hewan`, `berat_karkas`) VALUES ('PTG-0346', '04/06/25', 5, 'H2-001', 210.52);
INSERT INTO `tr_rph` (`id_potong`, `tgl_potong`, `id_wilayah`, `id_hewan`, `berat_karkas`) VALUES ('PTG-0347', '05/25/24', 5, 'H4-001', 78.9);
INSERT INTO `tr_rph` (`id_potong`, `tgl_potong`, `id_wilayah`, `id_hewan`, `berat_karkas`) VALUES ('PTG-0348', '10/21/25', 14, 'H2-001', 148.13);
INSERT INTO `tr_rph` (`id_potong`, `tgl_potong`, `id_wilayah`, `id_hewan`, `berat_karkas`) VALUES ('PTG-0349', '07/04/24', 16, 'H2-001', 168.73);
INSERT INTO `tr_rph` (`id_potong`, `tgl_potong`, `id_wilayah`, `id_hewan`, `berat_karkas`) VALUES ('PTG-0350', '10/09/24', 26, 'H4-001', 289.31);
INSERT INTO `tr_rph` (`id_potong`, `tgl_potong`, `id_wilayah`, `id_hewan`, `berat_karkas`) VALUES ('PTG-0351', '03/02/24', 12, 'H4-001', 90.15);
INSERT INTO `tr_rph` (`id_potong`, `tgl_potong`, `id_wilayah`, `id_hewan`, `berat_karkas`) VALUES ('PTG-0352', '05/05/25', 28, 'H2-001', 129.96);
INSERT INTO `tr_rph` (`id_potong`, `tgl_potong`, `id_wilayah`, `id_hewan`, `berat_karkas`) VALUES ('PTG-0353', '12/18/24', 35, 'H4-001', 252.05);
INSERT INTO `tr_rph` (`id_potong`, `tgl_potong`, `id_wilayah`, `id_hewan`, `berat_karkas`) VALUES ('PTG-0354', '05/08/24', 8, 'H2-001', 150.24);
INSERT INTO `tr_rph` (`id_potong`, `tgl_potong`, `id_wilayah`, `id_hewan`, `berat_karkas`) VALUES ('PTG-0355', '11/25/25', 2, 'H2-001', 199.85);
INSERT INTO `tr_rph` (`id_potong`, `tgl_potong`, `id_wilayah`, `id_hewan`, `berat_karkas`) VALUES ('PTG-0356', '04/27/24', 12, 'H2-001', 102.73);
INSERT INTO `tr_rph` (`id_potong`, `tgl_potong`, `id_wilayah`, `id_hewan`, `berat_karkas`) VALUES ('PTG-0357', '01/29/25', 30, 'H4-001', 123.2);
INSERT INTO `tr_rph` (`id_potong`, `tgl_potong`, `id_wilayah`, `id_hewan`, `berat_karkas`) VALUES ('PTG-0358', '09/15/24', 8, 'H4-001', 172.9);
INSERT INTO `tr_rph` (`id_potong`, `tgl_potong`, `id_wilayah`, `id_hewan`, `berat_karkas`) VALUES ('PTG-0359', '11/18/25', 31, 'H4-001', 125.52);
INSERT INTO `tr_rph` (`id_potong`, `tgl_potong`, `id_wilayah`, `id_hewan`, `berat_karkas`) VALUES ('PTG-0360', '06/03/24', 17, 'H4-001', 148.21);
INSERT INTO `tr_rph` (`id_potong`, `tgl_potong`, `id_wilayah`, `id_hewan`, `berat_karkas`) VALUES ('PTG-0361', '10/02/25', 10, 'H4-001', 40.18);
INSERT INTO `tr_rph` (`id_potong`, `tgl_potong`, `id_wilayah`, `id_hewan`, `berat_karkas`) VALUES ('PTG-0362', '06/25/25', 7, 'H4-001', 137.22);
INSERT INTO `tr_rph` (`id_potong`, `tgl_potong`, `id_wilayah`, `id_hewan`, `berat_karkas`) VALUES ('PTG-0363', '11/30/25', 27, 'H4-001', 213.56);
INSERT INTO `tr_rph` (`id_potong`, `tgl_potong`, `id_wilayah`, `id_hewan`, `berat_karkas`) VALUES ('PTG-0364', '07/13/25', 24, 'H4-001', 244.84);
INSERT INTO `tr_rph` (`id_potong`, `tgl_potong`, `id_wilayah`, `id_hewan`, `berat_karkas`) VALUES ('PTG-0365', '07/28/25', 22, 'H2-001', 90.67);
INSERT INTO `tr_rph` (`id_potong`, `tgl_potong`, `id_wilayah`, `id_hewan`, `berat_karkas`) VALUES ('PTG-0366', '01/02/25', 26, 'H4-001', 82.97);
INSERT INTO `tr_rph` (`id_potong`, `tgl_potong`, `id_wilayah`, `id_hewan`, `berat_karkas`) VALUES ('PTG-0367', '01/29/24', 15, 'H4-001', 299.47);
INSERT INTO `tr_rph` (`id_potong`, `tgl_potong`, `id_wilayah`, `id_hewan`, `berat_karkas`) VALUES ('PTG-0368', '04/20/24', 35, 'H2-001', 63.65);
INSERT INTO `tr_rph` (`id_potong`, `tgl_potong`, `id_wilayah`, `id_hewan`, `berat_karkas`) VALUES ('PTG-0369', '01/01/25', 18, 'H4-001', 273.87);
INSERT INTO `tr_rph` (`id_potong`, `tgl_potong`, `id_wilayah`, `id_hewan`, `berat_karkas`) VALUES ('PTG-0370', '10/04/24', 33, 'H4-001', 44.58);
INSERT INTO `tr_rph` (`id_potong`, `tgl_potong`, `id_wilayah`, `id_hewan`, `berat_karkas`) VALUES ('PTG-0371', '07/02/25', 14, 'H4-001', 236.73);
INSERT INTO `tr_rph` (`id_potong`, `tgl_potong`, `id_wilayah`, `id_hewan`, `berat_karkas`) VALUES ('PTG-0372', '03/07/24', 24, 'H4-001', 34.06);
INSERT INTO `tr_rph` (`id_potong`, `tgl_potong`, `id_wilayah`, `id_hewan`, `berat_karkas`) VALUES ('PTG-0373', '11/02/25', 13, 'H4-001', 217.86);
INSERT INTO `tr_rph` (`id_potong`, `tgl_potong`, `id_wilayah`, `id_hewan`, `berat_karkas`) VALUES ('PTG-0374', '12/14/24', 24, 'H2-001', 73.51);
INSERT INTO `tr_rph` (`id_potong`, `tgl_potong`, `id_wilayah`, `id_hewan`, `berat_karkas`) VALUES ('PTG-0375', '03/18/24', 20, 'H4-001', 87.99);
INSERT INTO `tr_rph` (`id_potong`, `tgl_potong`, `id_wilayah`, `id_hewan`, `berat_karkas`) VALUES ('PTG-0376', '01/23/25', 12, 'H2-001', 262.28);
INSERT INTO `tr_rph` (`id_potong`, `tgl_potong`, `id_wilayah`, `id_hewan`, `berat_karkas`) VALUES ('PTG-0377', '12/17/25', 36, 'H4-001', 129.69);
INSERT INTO `tr_rph` (`id_potong`, `tgl_potong`, `id_wilayah`, `id_hewan`, `berat_karkas`) VALUES ('PTG-0378', '09/22/24', 28, 'H2-001', 69.6);
INSERT INTO `tr_rph` (`id_potong`, `tgl_potong`, `id_wilayah`, `id_hewan`, `berat_karkas`) VALUES ('PTG-0379', '07/22/24', 22, 'H2-001', 287.74);
INSERT INTO `tr_rph` (`id_potong`, `tgl_potong`, `id_wilayah`, `id_hewan`, `berat_karkas`) VALUES ('PTG-0380', '03/22/25', 7, 'H4-001', 56.67);
INSERT INTO `tr_rph` (`id_potong`, `tgl_potong`, `id_wilayah`, `id_hewan`, `berat_karkas`) VALUES ('PTG-0381', '04/17/25', 23, 'H2-001', 228.95);
INSERT INTO `tr_rph` (`id_potong`, `tgl_potong`, `id_wilayah`, `id_hewan`, `berat_karkas`) VALUES ('PTG-0382', '05/08/24', 15, 'H4-001', 84.09);
INSERT INTO `tr_rph` (`id_potong`, `tgl_potong`, `id_wilayah`, `id_hewan`, `berat_karkas`) VALUES ('PTG-0383', '11/29/24', 24, 'H4-001', 128.52);
INSERT INTO `tr_rph` (`id_potong`, `tgl_potong`, `id_wilayah`, `id_hewan`, `berat_karkas`) VALUES ('PTG-0384', '04/19/25', 4, 'H2-001', 61.64);
INSERT INTO `tr_rph` (`id_potong`, `tgl_potong`, `id_wilayah`, `id_hewan`, `berat_karkas`) VALUES ('PTG-0385', '10/25/24', 29, 'H2-001', 203.25);
INSERT INTO `tr_rph` (`id_potong`, `tgl_potong`, `id_wilayah`, `id_hewan`, `berat_karkas`) VALUES ('PTG-0386', '08/14/25', 29, 'H2-001', 35.83);
INSERT INTO `tr_rph` (`id_potong`, `tgl_potong`, `id_wilayah`, `id_hewan`, `berat_karkas`) VALUES ('PTG-0387', '11/18/24', 4, 'H4-001', 157.69);
INSERT INTO `tr_rph` (`id_potong`, `tgl_potong`, `id_wilayah`, `id_hewan`, `berat_karkas`) VALUES ('PTG-0388', '05/04/25', 22, 'H2-001', 247.16);
INSERT INTO `tr_rph` (`id_potong`, `tgl_potong`, `id_wilayah`, `id_hewan`, `berat_karkas`) VALUES ('PTG-0389', '05/08/24', 4, 'H2-001', 48.94);
INSERT INTO `tr_rph` (`id_potong`, `tgl_potong`, `id_wilayah`, `id_hewan`, `berat_karkas`) VALUES ('PTG-0390', '08/24/24', 38, 'H2-001', 296.35);
INSERT INTO `tr_rph` (`id_potong`, `tgl_potong`, `id_wilayah`, `id_hewan`, `berat_karkas`) VALUES ('PTG-0391', '06/27/24', 3, 'H4-001', 42.18);
INSERT INTO `tr_rph` (`id_potong`, `tgl_potong`, `id_wilayah`, `id_hewan`, `berat_karkas`) VALUES ('PTG-0392', '10/04/25', 34, 'H4-001', 201.39);
INSERT INTO `tr_rph` (`id_potong`, `tgl_potong`, `id_wilayah`, `id_hewan`, `berat_karkas`) VALUES ('PTG-0393', '11/01/24', 16, 'H2-001', 198.62);
INSERT INTO `tr_rph` (`id_potong`, `tgl_potong`, `id_wilayah`, `id_hewan`, `berat_karkas`) VALUES ('PTG-0394', '07/29/24', 12, 'H4-001', 118.62);
INSERT INTO `tr_rph` (`id_potong`, `tgl_potong`, `id_wilayah`, `id_hewan`, `berat_karkas`) VALUES ('PTG-0395', '02/06/25', 7, 'H4-001', 279.51);
INSERT INTO `tr_rph` (`id_potong`, `tgl_potong`, `id_wilayah`, `id_hewan`, `berat_karkas`) VALUES ('PTG-0396', '05/25/24', 31, 'H4-001', 54.57);
INSERT INTO `tr_rph` (`id_potong`, `tgl_potong`, `id_wilayah`, `id_hewan`, `berat_karkas`) VALUES ('PTG-0397', '12/21/24', 21, 'H4-001', 263.91);
INSERT INTO `tr_rph` (`id_potong`, `tgl_potong`, `id_wilayah`, `id_hewan`, `berat_karkas`) VALUES ('PTG-0398', '03/03/24', 9, 'H4-001', 68.11);
INSERT INTO `tr_rph` (`id_potong`, `tgl_potong`, `id_wilayah`, `id_hewan`, `berat_karkas`) VALUES ('PTG-0399', '10/09/25', 29, 'H4-001', 52.96);
INSERT INTO `tr_rph` (`id_potong`, `tgl_potong`, `id_wilayah`, `id_hewan`, `berat_karkas`) VALUES ('PTG-0400', '02/13/25', 12, 'H2-001', 234.77);

SET FOREIGN_KEY_CHECKS = 1;
